Workbook

Sheet IMS
A1: (Partner Name) in partnership with Medical Aid for Palestinains- MAP UK | L1: المصدر | M1: شمال Gaza City | P1: غير معدي | Q1: FM- NCD | R1: ANC | S1: Dressing | T1: Screening | U1: Screening | AM1: فحص | AU1: فحص سوء التغذية
A2: Project: | C2: Improving Access to Comprehensive Primary Health Care and Protection in Gaza | L2: Alzawida | M2: Gaza City | O2: قبل الحمل | P2: PCC | Q2: FM- CD | R2: PNC | S2: Follow-up Dressing | T2: Screening and Referral | U2: SAM referral | AM2: تحويل SAM | AU2: سوء تغذية شديد
A3: Partner: | L3: Dier Albalah | M3: الزهراء | Q3: ENT | R3: FP | S3: Wound Cleaning | U3: MAM referral | AM3: تحويل MAM | AU3: سوء تغذية متوسط
A4: Medical Point: | L4: خانيونس | M4: Alnussirat | Q4: Derma | R4: GYN | S4: Suture Removal | AM4: —
A5: Month | L5: مواصي خانيونس | M5: Alburaij
A6: Governorate | L6: رفح | M6: Almaghazi | P6: Displaced | Q6: Service Matrix | W6: موعد الحجز
A7: # | B7: Full Name/الإسم الكامل | C7: Visit Date/تاريخ الزيارة | D7: Last Visit Date/تاريخ آخر زيارة | E7: ID N./رقم الهوية | F7: Date of Birth/ تاريخ الميلاد | G7: Age/العمر | H7: Age Group/الفئة العمرية | I7: Gender/الجنس | J7: Gender_N | K7: Phone N./الهاتف | L7: Governorate/المحافظة | M7: Social Status/الحالة الاجتماعية | N7: Disability Status/الإعاقة | O7: Disability Type/نوع الإعاقة | P7: Displacment Tracker | Q7: FM services | R7: SRH services | S7: Wound Care | T7: Breast Cancer | U7: Mal-Nutirition | V7: Referral/التحويلات | W7: Follow-up Date/موعد المتابعة | X7: Visitor Code/رمز الزائر | Y7: FM-N | Z7: SRH-N | AA7: Other1_N | AB7: Other2_N | AC7: Other3_N | AD7: Unique Flag | AE7: Visit Month | AF7: Unique in Month Flag | AG7: First Time in Project Flag
A8: 1 | B8: ليلى عثمان مصطفى دويك | C8: 46110 | D8: {=IFERROR( LOOKUP(2, 1/((TRIM(IMS!$E$8:$E$4000)=TRIM(IMS!$E8))*(IMS!$C$8:$C$4000<IMS!$C8)), IMS!$C$8:$C$4000), "")} | E8: 906767975 | F8: 30025 | G8: 44 | H8: =IF(G8="","",IF(G8<=5,"0-5",IF(G8<=18,"6-18",IF(G8<=60,"19-60","+60")))) -> 19-60 | I8: FEMALE | J8: =IF(OR(LOWER(TRIM(SUBSTITUTE(SUBSTITUTE($I8,CHAR(160)," "),_xludf.UNICHAR(8239)," ")))="male", LOWER(TRIM(SUBSTITUTE(SUBSTITUTE($I8,CHAR(160)," "),_xludf.UNICHAR(8239)," ")))="m", LOWER(TRIM(SUBSTITUTE(SUBSTITUTE($I8,CHAR(160)," "),_xludf.UNICHAR(8239)," ")))="males"), "male", IF(OR(LOWER(TRIM(SUBSTITUTE(SUBSTITUTE($I8,CHAR(160)," "),_xludf.UNICHAR(8239)," ")))="female", LOWER(TRIM(SUBSTITUTE(SUBSTITUTE($I8,CHAR(160)," "),_xludf.UNICHAR(8239)," ")))="f", LOWER(TRIM(SUBSTITUTE(SUBSTITUTE($I8,CHAR(160)," "),_xludf.UNICHAR(8239)," ")))="females"), "female", "")) -> #NAME? | K8: 599860312 | L8: Alnussirat | M8: Married | N8: No | P8: Displaced | Q8: FM- NCD | X8: =IF(E8="","",UPPER(LEFT($C$3,1)&"-"&LEFT($C$4,1)&"-"&TEXT(ROW(A1),"000")&"-"&TEXT(C8,"dd-mm"))) -> --001-29-03 | Y8: =TRIM(SUBSTITUTE(SUBSTITUTE(OFFSET($Q8,0,COLUMN()-COLUMN($AL$1)),CHAR(160)," "),_xludf.UNICHAR(8239)," ")) -> #NAME? | Z8: =TRIM(SUBSTITUTE(SUBSTITUTE(OFFSET($Q8,0,COLUMN()-COLUMN($AL$1)),CHAR(160)," "),_xludf.UNICHAR(8239)," ")) -> #NAME? | AA8: =TRIM(SUBSTITUTE(SUBSTITUTE(OFFSET($Q8,0,COLUMN()-COLUMN($AL$1)),CHAR(160)," "),_xludf.UNICHAR(8239)," ")) -> #NAME? | AB8: =TRIM(SUBSTITUTE(SUBSTITUTE(OFFSET($Q8,0,COLUMN()-COLUMN($AL$1)),CHAR(160)," "),_xludf.UNICHAR(8239)," ")) -> #NAME? | AC8: =TRIM(SUBSTITUTE(SUBSTITUTE(OFFSET($Q8,0,COLUMN()-COLUMN($AL$1)),CHAR(160)," "),_xludf.UNICHAR(8239)," ")) -> #NAME? | AD8: =IF($E8="",0,--(COUNTIFS($E:$E,$E8,$C:$C,">"&$C8)+COUNTIFS($E$8:E8,$E8,$C$8:C8,$C8)=1)) -> 1 | AE8: =IF($C8="","",TEXT($C8,"yyyy-mm")) -> 2026-03 | AF8: =IF(OR($E8="",$AE8=""),0,IF(COUNTIFS($E$8:E8,$E8,$AE$8:AE8,$AE8)=1,1,0)) -> 1 | AG8: =IF($E8="",0,IF(COUNTIF($E$8:E8,$E8)=1,1,0)) -> 1
A9: 2 | B9: هند دياب عبدالكريم اخروات | C9: 46110 | D9: {=IFERROR( LOOKUP(2, 1/((TRIM(IMS!$E$8:$E$4000)=TRIM(IMS!$E9))*(IMS!$C$8:$C$4000<IMS!$C9)), IMS!$C$8:$C$4000), "")} | E9: 934331950 | F9: 27355 | G9: 52 | H9: =IF(G9="","",IF(G9<=5,"0-5",IF(G9<=18,"6-18",IF(G9<=60,"19-60","+60")))) -> 19-60 | I9: FEMALE | J9: =IF(OR(LOWER(TRIM(SUBSTITUTE(SUBSTITUTE($I9,CHAR(160)," "),_xludf.UNICHAR(8239)," ")))="male", LOWER(TRIM(SUBSTITUTE(SUBSTITUTE($I9,CHAR(160)," "),_xludf.UNICHAR(8239)," ")))="m", LOWER(TRIM(SUBSTITUTE(SUBSTITUTE($I9,CHAR(160)," "),_xludf.UNICHAR(8239)," ")))="males"), "male", IF(OR(LOWER(TRIM(SUBSTITUTE(SUBSTITUTE($I9,CHAR(160)," "),_xludf.UNICHAR(8239)," ")))="female", LOWER(TRIM(SUBSTITUTE(SUBSTITUTE($I9,CHAR(160)," "),_xludf.UNICHAR(8239)," ")))="f", LOWER(TRIM(SUBSTITUTE(SUBSTITUTE($I9,CHAR(160)," "),_xludf.UNICHAR(8239)," ")))="females"), "female", "")) -> #NAME? | K9: 596496598 | L9: Alnussirat | M9: Married | N9: No | P9: Displaced | Q9: FM- NCD | X9: =IF(E9="","",UPPER(LEFT($C$3,1)&"-"&LEFT($C$4,1)&"-"&TEXT(ROW(A2),"000")&"-"&TEXT(C9,"dd-mm"))) -> --002-29-03 | Y9: =TRIM(SUBSTITUTE(SUBSTITUTE(OFFSET($Q9,0,COLUMN()-COLUMN($AL$1)),CHAR(160)," "),_xludf.UNICHAR(8239)," ")) -> #NAME? | Z9: =TRIM(SUBSTITUTE(SUBSTITUTE(OFFSET($Q9,0,COLUMN()-COLUMN($AL$1)),CHAR(160)," "),_xludf.UNICHAR(8239)," ")) -> #NAME? | AA9: =TRIM(SUBSTITUTE(SUBSTITUTE(OFFSET($Q9,0,COLUMN()-COLUMN($AL$1)),CHAR(160)," "),_xludf.UNICHAR(8239)," ")) -> #NAME? | AB9: =TRIM(SUBSTITUTE(SUBSTITUTE(OFFSET($Q9,0,COLUMN()-COLUMN($AL$1)),CHAR(160)," "),_xludf.UNICHAR(8239)," ")) -> #NAME? | AC9: =TRIM(SUBSTITUTE(SUBSTITUTE(OFFSET($Q9,0,COLUMN()-COLUMN($AL$1)),CHAR(160)," "),_xludf.UNICHAR(8239)," ")) -> #NAME? | AD9: =IF($E9="",0,--(COUNTIFS($E:$E,$E9,$C:$C,">"&$C9)+COUNTIFS($E$8:E9,$E9,$C$8:C9,$C9)=1)) -> 0 | AE9: =IF($C9="","",TEXT($C9,"yyyy-mm")) -> 2026-03 | AF9: =IF(OR($E9="",$AE9=""),0,IF(COUNTIFS($E$8:E9,$E9,$AE$8:AE9,$AE9)=1,1,0)) -> 1 | AG9: =IF($E9="",0,IF(COUNTIF($E$8:E9,$E9)=1,1,0)) -> 1
A10: 3 | B10: احمد محمد صلاح حمدان | C10: 46110 | D10: {=IFERROR( LOOKUP(2, 1/((TRIM(IMS!$E$8:$E$4000)=TRIM(IMS!$E10))*(IMS!$C$8:$C$4000<IMS!$C10)), IMS!$C$8:$C$4000), "")} | E10: 445807084 | F10: 45115 | G10: 3 | H10: =IF(G10="","",IF(G10<=5,"0-5",IF(G10<=18,"6-18",IF(G10<=60,"19-60","+60")))) -> 0-5 | I10: Male | J10: =IF(OR(LOWER(TRIM(SUBSTITUTE(SUBSTITUTE($I10,CHAR(160)," "),_xludf.UNICHAR(8239)," ")))="male", LOWER(TRIM(SUBSTITUTE(SUBSTITUTE($I10,CHAR(160)," "),_xludf.UNICHAR(8239)," ")))="m", LOWER(TRIM(SUBSTITUTE(SUBSTITUTE($I10,CHAR(160)," "),_xludf.UNICHAR(8239)," ")))="males"), "male", IF(OR(LOWER(TRIM(SUBSTITUTE(SUBSTITUTE($I10,CHAR(160)," "),_xludf.UNICHAR(8239)," ")))="female", LOWER(TRIM(SUBSTITUTE(SUBSTITUTE($I10,CHAR(160)," "),_xludf.UNICHAR(8239)," ")))="f", LOWER(TRIM(SUBSTITUTE(SUBSTITUTE($I10,CHAR(160)," "),_xludf.UNICHAR(8239)," ")))="females"), "female", "")) -> #NAME? | K10: 595781051 | L10: Alnussirat | M10: N/A | N10: Yes | O10: Physical Disability | P10: Displaced | Q10: FM- CD | U10: Screening | X10: =IF(E10="","",UPPER(LEFT($C$3,1)&"-"&LEFT($C$4,1)&"-"&TEXT(ROW(A3),"000")&"-"&TEXT(C10,"dd-mm"))) -> --003-29-03 | Y10: =TRIM(SUBSTITUTE(SUBSTITUTE(OFFSET($Q10,0,COLUMN()-COLUMN($AL$1)),CHAR(160)," "),_xludf.UNICHAR(8239)," ")) -> #NAME? | Z10: =TRIM(SUBSTITUTE(SUBSTITUTE(OFFSET($Q10,0,COLUMN()-COLUMN($AL$1)),CHAR(160)," "),_xludf.UNICHAR(8239)," ")) -> #NAME? | AA10: =TRIM(SUBSTITUTE(SUBSTITUTE(OFFSET($Q10,0,COLUMN()-COLUMN($AL$1)),CHAR(160)," "),_xludf.UNICHAR(8239)," ")) -> #NAME? | AB10: =TRIM(SUBSTITUTE(SUBSTITUTE(OFFSET($Q10,0,COLUMN()-COLUMN($AL$1)),CHAR(160)," "),_xludf.UNICHAR(8239)," ")) -> #NAME? | AC10: =TRIM(SUBSTITUTE(SUBSTITUTE(OFFSET($Q10,0,COLUMN()-COLUMN($AL$1)),CHAR(160)," "),_xludf.UNICHAR(8239)," ")) -> #NAME? | AD10: =IF($E10="",0,--(COUNTIFS($E:$E,$E10,$C:$C,">"&$C10)+COUNTIFS($E$8:E10,$E10,$C$8:C10,$C10)=1)) -> 1 | AE10: =IF($C10="","",TEXT($C10,"yyyy-mm")) -> 2026-03 | AF10: =IF(OR($E10="",$AE10=""),0,IF(COUNTIFS($E$8:E10,$E10,$AE$8:AE10,$AE10)=1,1,0)) -> 1 | AG10: =IF($E10="",0,IF(COUNTIF($E$8:E10,$E10)=1,1,0)) -> 1
A11: 4 | B11: اخلاص محمود عبد حمدان | C11: 46110 | D11: {=IFERROR( LOOKUP(2, 1/((TRIM(IMS!$E$8:$E$4000)=TRIM(IMS!$E11))*(IMS!$C$8:$C$4000<IMS!$C11)), IMS!$C$8:$C$4000), "")} | E11: 803589548 | F11: 34019 | G11: 33 | H11: =IF(G11="","",IF(G11<=5,"0-5",IF(G11<=18,"6-18",IF(G11<=60,"19-60","+60")))) -> 19-60 | I11: FEMALE | J11: =IF(OR(LOWER(TRIM(SUBSTITUTE(SUBSTITUTE($I11,CHAR(160)," "),_xludf.UNICHAR(8239)," ")))="male", LOWER(TRIM(SUBSTITUTE(SUBSTITUTE($I11,CHAR(160)," "),_xludf.UNICHAR(8239)," ")))="m", LOWER(TRIM(SUBSTITUTE(SUBSTITUTE($I11,CHAR(160)," "),_xludf.UNICHAR(8239)," ")))="males"), "male", IF(OR(LOWER(TRIM(SUBSTITUTE(SUBSTITUTE($I11,CHAR(160)," "),_xludf.UNICHAR(8239)," ")))="female", LOWER(TRIM(SUBSTITUTE(SUBSTITUTE($I11,CHAR(160)," "),_xludf.UNICHAR(8239)," ")))="f", LOWER(TRIM(SUBSTITUTE(SUBSTITUTE($I11,CHAR(160)," "),_xludf.UNICHAR(8239)," ")))="females"), "female", "")) -> #NAME? | K11: 535781051 | L11: Alnussirat | M11: Married | N11: No | P11: Displaced | R11: GYN | X11: =IF(E11="","",UPPER(LEFT($C$3,1)&"-"&LEFT($C$4,1)&"-"&TEXT(ROW(A4),"000")&"-"&TEXT(C11,"dd-mm"))) -> --004-29-03 | Y11: =TRIM(SUBSTITUTE(SUBSTITUTE(OFFSET($Q11,0,COLUMN()-COLUMN($AL$1)),CHAR(160)," "),_xludf.UNICHAR(8239)," ")) -> #NAME? | Z11: =TRIM(SUBSTITUTE(SUBSTITUTE(OFFSET($Q11,0,COLUMN()-COLUMN($AL$1)),CHAR(160)," "),_xludf.UNICHAR(8239)," ")) -> #NAME? | AA11: =TRIM(SUBSTITUTE(SUBSTITUTE(OFFSET($Q11,0,COLUMN()-COLUMN($AL$1)),CHAR(160)," "),_xludf.UNICHAR(8239)," ")) -> #NAME? | AB11: =TRIM(SUBSTITUTE(SUBSTITUTE(OFFSET($Q11,0,COLUMN()-COLUMN($AL$1)),CHAR(160)," "),_xludf.UNICHAR(8239)," ")) -> #NAME? | AC11: =TRIM(SUBSTITUTE(SUBSTITUTE(OFFSET($Q11,0,COLUMN()-COLUMN($AL$1)),CHAR(160)," "),_xludf.UNICHAR(8239)," ")) -> #NAME? | AD11: =IF($E11="",0,--(COUNTIFS($E:$E,$E11,$C:$C,">"&$C11)+COUNTIFS($E$8:E11,$E11,$C$8:C11,$C11)=1)) -> 0 | AE11: =IF($C11="","",TEXT($C11,"yyyy-mm")) -> 2026-03 | AF11: =IF(OR($E11="",$AE11=""),0,IF(COUNTIFS($E$8:E11,$E11,$AE$8:AE11,$AE11)=1,1,0)) -> 1 | AG11: =IF($E11="",0,IF(COUNTIF($E$8:E11,$E11)=1,1,0)) -> 1
A12: 5 | B12: سجى حسين محمد عوض | C12: 46110 | D12: {=IFERROR( LOOKUP(2, 1/((TRIM(IMS!$E$8:$E$4000)=TRIM(IMS!$E12))*(IMS!$C$8:$C$4000<IMS!$C12)), IMS!$C$8:$C$4000), "")} | E12: 425894557 | F12: 39696 | G12: 18 | H12: =IF(G12="","",IF(G12<=5,"0-5",IF(G12<=18,"6-18",IF(G12<=60,"19-60","+60")))) -> 6-18 | I12: FEMALE | J12: =IF(OR(LOWER(TRIM(SUBSTITUTE(SUBSTITUTE($I12,CHAR(160)," "),_xludf.UNICHAR(8239)," ")))="male", LOWER(TRIM(SUBSTITUTE(SUBSTITUTE($I12,CHAR(160)," "),_xludf.UNICHAR(8239)," ")))="m", LOWER(TRIM(SUBSTITUTE(SUBSTITUTE($I12,CHAR(160)," "),_xludf.UNICHAR(8239)," ")))="males"), "male", IF(OR(LOWER(TRIM(SUBSTITUTE(SUBSTITUTE($I12,CHAR(160)," "),_xludf.UNICHAR(8239)," ")))="female", LOWER(TRIM(SUBSTITUTE(SUBSTITUTE($I12,CHAR(160)," "),_xludf.UNICHAR(8239)," ")))="f", LOWER(TRIM(SUBSTITUTE(SUBSTITUTE($I12,CHAR(160)," "),_xludf.UNICHAR(8239)," ")))="females"), "female", "")) -> #NAME? | K12: 598985336 | L12: Alnussirat | M12: Single | N12: No | P12: Displaced | Q12: FM- NCD | X12: =IF(E12="","",UPPER(LEFT($C$3,1)&"-"&LEFT($C$4,1)&"-"&TEXT(ROW(A5),"000")&"-"&TEXT(C12,"dd-mm"))) -> --005-29-03 | Y12: =TRIM(SUBSTITUTE(SUBSTITUTE(OFFSET($Q12,0,COLUMN()-COLUMN($AL$1)),CHAR(160)," "),_xludf.UNICHAR(8239)," ")) -> #NAME? | Z12: =TRIM(SUBSTITUTE(SUBSTITUTE(OFFSET($Q12,0,COLUMN()-COLUMN($AL$1)),CHAR(160)," "),_xludf.UNICHAR(8239)," ")) -> #NAME? | AA12: =TRIM(SUBSTITUTE(SUBSTITUTE(OFFSET($Q12,0,COLUMN()-COLUMN($AL$1)),CHAR(160)," "),_xludf.UNICHAR(8239)," ")) -> #NAME? | AB12: =TRIM(SUBSTITUTE(SUBSTITUTE(OFFSET($Q12,0,COLUMN()-COLUMN($AL$1)),CHAR(160)," "),_xludf.UNICHAR(8239)," ")) -> #NAME? | AC12: =TRIM(SUBSTITUTE(SUBSTITUTE(OFFSET($Q12,0,COLUMN()-COLUMN($AL$1)),CHAR(160)," "),_xludf.UNICHAR(8239)," ")) -> #NAME? | AD12: =IF($E12="",0,--(COUNTIFS($E:$E,$E12,$C:$C,">"&$C12)+COUNTIFS($E$8:E12,$E12,$C$8:C12,$C12)=1)) -> 0 | AE12: =IF($C12="","",TEXT($C12,"yyyy-mm")) -> 2026-03 | AF12: =IF(OR($E12="",$AE12=""),0,IF(COUNTIFS($E$8:E12,$E12,$AE$8:AE12,$AE12)=1,1,0)) -> 1 | AG12: =IF($E12="",0,IF(COUNTIF($E$8:E12,$E12)=1,1,0)) -> 1
A13: 6 | B13: نصرة رمزى نصر عطاالله | C13: 46110 | D13: {=IFERROR( LOOKUP(2, 1/((TRIM(IMS!$E$8:$E$4000)=TRIM(IMS!$E13))*(IMS!$C$8:$C$4000<IMS!$C13)), IMS!$C$8:$C$4000), "")} | E13: 442848636 | F13: 44374 | G13: 5 | H13: =IF(G13="","",IF(G13<=5,"0-5",IF(G13<=18,"6-18",IF(G13<=60,"19-60","+60")))) -> 0-5 | I13: FEMALE | J13: =IF(OR(LOWER(TRIM(SUBSTITUTE(SUBSTITUTE($I13,CHAR(160)," "),_xludf.UNICHAR(8239)," ")))="male", LOWER(TRIM(SUBSTITUTE(SUBSTITUTE($I13,CHAR(160)," "),_xludf.UNICHAR(8239)," ")))="m", LOWER(TRIM(SUBSTITUTE(SUBSTITUTE($I13,CHAR(160)," "),_xludf.UNICHAR(8239)," ")))="males"), "male", IF(OR(LOWER(TRIM(SUBSTITUTE(SUBSTITUTE($I13,CHAR(160)," "),_xludf.UNICHAR(8239)," ")))="female", LOWER(TRIM(SUBSTITUTE(SUBSTITUTE($I13,CHAR(160)," "),_xludf.UNICHAR(8239)," ")))="f", LOWER(TRIM(SUBSTITUTE(SUBSTITUTE($I13,CHAR(160)," "),_xludf.UNICHAR(8239)," ")))="females"), "female", "")) -> #NAME? | K13: 597714853 | L13: Alnussirat | M13: N/A | N13: No | P13: Displaced | Q13: FM- CD | U13: Screening | X13: =IF(E13="","",UPPER(LEFT($C$3,1)&"-"&LEFT($C$4,1)&"-"&TEXT(ROW(A6),"000")&"-"&TEXT(C13,"dd-mm"))) -> --006-29-03 | Y13: =TRIM(SUBSTITUTE(SUBSTITUTE(OFFSET($Q13,0,COLUMN()-COLUMN($AL$1)),CHAR(160)," "),_xludf.UNICHAR(8239)," ")) -> #NAME? | Z13: =TRIM(SUBSTITUTE(SUBSTITUTE(OFFSET($Q13,0,COLUMN()-COLUMN($AL$1)),CHAR(160)," "),_xludf.UNICHAR(8239)," ")) -> #NAME? | AA13: =TRIM(SUBSTITUTE(SUBSTITUTE(OFFSET($Q13,0,COLUMN()-COLUMN($AL$1)),CHAR(160)," "),_xludf.UNICHAR(8239)," ")) -> #NAME? | AB13: =TRIM(SUBSTITUTE(SUBSTITUTE(OFFSET($Q13,0,COLUMN()-COLUMN($AL$1)),CHAR(160)," "),_xludf.UNICHAR(8239)," ")) -> #NAME? | AC13: =TRIM(SUBSTITUTE(SUBSTITUTE(OFFSET($Q13,0,COLUMN()-COLUMN($AL$1)),CHAR(160)," "),_xludf.UNICHAR(8239)," ")) -> #NAME? | AD13: =IF($E13="",0,--(COUNTIFS($E:$E,$E13,$C:$C,">"&$C13)+COUNTIFS($E$8:E13,$E13,$C$8:C13,$C13)=1)) -> 1 | AE13: =IF($C13="","",TEXT($C13,"yyyy-mm")) -> 2026-03 | AF13: =IF(OR($E13="",$AE13=""),0,IF(COUNTIFS($E$8:E13,$E13,$AE$8:AE13,$AE13)=1,1,0)) -> 1 | AG13: =IF($E13="",0,IF(COUNTIF($E$8:E13,$E13)=1,1,0)) -> 1
A14: 7 | B14: محمد شوقى عايش ابو غبن | C14: 46110 | D14: {=IFERROR( LOOKUP(2, 1/((TRIM(IMS!$E$8:$E$4000)=TRIM(IMS!$E14))*(IMS!$C$8:$C$4000<IMS!$C14)), IMS!$C$8:$C$4000), "")} | E14: 803815695 | F14: 34347 | G14: 32 | H14: =IF(G14="","",IF(G14<=5,"0-5",IF(G14<=18,"6-18",IF(G14<=60,"19-60","+60")))) -> 19-60 | I14: Male | J14: =IF(OR(LOWER(TRIM(SUBSTITUTE(SUBSTITUTE($I14,CHAR(160)," "),_xludf.UNICHAR(8239)," ")))="male", LOWER(TRIM(SUBSTITUTE(SUBSTITUTE($I14,CHAR(160)," "),_xludf.UNICHAR(8239)," ")))="m", LOWER(TRIM(SUBSTITUTE(SUBSTITUTE($I14,CHAR(160)," "),_xludf.UNICHAR(8239)," ")))="males"), "male", IF(OR(LOWER(TRIM(SUBSTITUTE(SUBSTITUTE($I14,CHAR(160)," "),_xludf.UNICHAR(8239)," ")))="female", LOWER(TRIM(SUBSTITUTE(SUBSTITUTE($I14,CHAR(160)," "),_xludf.UNICHAR(8239)," ")))="f", LOWER(TRIM(SUBSTITUTE(SUBSTITUTE($I14,CHAR(160)," "),_xludf.UNICHAR(8239)," ")))="females"), "female", "")) -> #NAME? | K14: 537714853 | L14: Alnussirat | M14: Married | N14: No | P14: Displaced | Q14: FM- NCD | X14: =IF(E14="","",UPPER(LEFT($C$3,1)&"-"&LEFT($C$4,1)&"-"&TEXT(ROW(B7),"000")&"-"&TEXT(C14,"dd-mm"))) -> --007-29-03 | Y14: =TRIM(SUBSTITUTE(SUBSTITUTE(OFFSET($Q14,0,COLUMN()-COLUMN($AL$1)),CHAR(160)," "),_xludf.UNICHAR(8239)," ")) -> #NAME? | Z14: =TRIM(SUBSTITUTE(SUBSTITUTE(OFFSET($Q14,0,COLUMN()-COLUMN($AL$1)),CHAR(160)," "),_xludf.UNICHAR(8239)," ")) -> #NAME? | AA14: =TRIM(SUBSTITUTE(SUBSTITUTE(OFFSET($Q14,0,COLUMN()-COLUMN($AL$1)),CHAR(160)," "),_xludf.UNICHAR(8239)," ")) -> #NAME? | AB14: =TRIM(SUBSTITUTE(SUBSTITUTE(OFFSET($Q14,0,COLUMN()-COLUMN($AL$1)),CHAR(160)," "),_xludf.UNICHAR(8239)," ")) -> #NAME? | AC14: =TRIM(SUBSTITUTE(SUBSTITUTE(OFFSET($Q14,0,COLUMN()-COLUMN($AL$1)),CHAR(160)," "),_xludf.UNICHAR(8239)," ")) -> #NAME? | AD14: =IF($E14="",0,--(COUNTIFS($E:$E,$E14,$C:$C,">"&$C14)+COUNTIFS($E$8:E14,$E14,$C$8:C14,$C14)=1)) -> 1 | AE14: =IF($C14="","",TEXT($C14,"yyyy-mm")) -> 2026-03 | AF14: =IF(OR($E14="",$AE14=""),0,IF(COUNTIFS($E$8:E14,$E14,$AE$8:AE14,$AE14)=1,1,0)) -> 1 | AG14: =IF($E14="",0,IF(COUNTIF($E$8:E14,$E14)=1,1,0)) -> 1
A15: 8 | B15: يحى هشام صبحى ناصر | C15: 46110 | D15: {=IFERROR( LOOKUP(2, 1/((TRIM(IMS!$E$8:$E$4000)=TRIM(IMS!$E15))*(IMS!$C$8:$C$4000<IMS!$C15)), IMS!$C$8:$C$4000), "")} | E15: 445435407 | F15: 44864 | G15: 4 | H15: =IF(G15="","",IF(G15<=5,"0-5",IF(G15<=18,"6-18",IF(G15<=60,"19-60","+60")))) -> 0-5 | I15: Male | J15: =IF(OR(LOWER(TRIM(SUBSTITUTE(SUBSTITUTE($I15,CHAR(160)," "),_xludf.UNICHAR(8239)," ")))="male", LOWER(TRIM(SUBSTITUTE(SUBSTITUTE($I15,CHAR(160)," "),_xludf.UNICHAR(8239)," ")))="m", LOWER(TRIM(SUBSTITUTE(SUBSTITUTE($I15,CHAR(160)," "),_xludf.UNICHAR(8239)," ")))="males"), "male", IF(OR(LOWER(TRIM(SUBSTITUTE(SUBSTITUTE($I15,CHAR(160)," "),_xludf.UNICHAR(8239)," ")))="female", LOWER(TRIM(SUBSTITUTE(SUBSTITUTE($I15,CHAR(160)," "),_xludf.UNICHAR(8239)," ")))="f", LOWER(TRIM(SUBSTITUTE(SUBSTITUTE($I15,CHAR(160)," "),_xludf.UNICHAR(8239)," ")))="females"), "female", "")) -> #NAME? | K15: 597262253 | L15: Alnussirat | M15: N/A | N15: No | P15: Displaced | Q15: FM- NCD | X15: =IF(E15="","",UPPER(LEFT($C$3,1)&"-"&LEFT($C$4,1)&"-"&TEXT(ROW(B8),"000")&"-"&TEXT(C15,"dd-mm"))) -> --008-29-03 | Y15: =TRIM(SUBSTITUTE(SUBSTITUTE(OFFSET($Q15,0,COLUMN()-COLUMN($AL$1)),CHAR(160)," "),_xludf.UNICHAR(8239)," ")) -> #NAME? | Z15: =TRIM(SUBSTITUTE(SUBSTITUTE(OFFSET($Q15,0,COLUMN()-COLUMN($AL$1)),CHAR(160)," "),_xludf.UNICHAR(8239)," ")) -> #NAME? | AA15: =TRIM(SUBSTITUTE(SUBSTITUTE(OFFSET($Q15,0,COLUMN()-COLUMN($AL$1)),CHAR(160)," "),_xludf.UNICHAR(8239)," ")) -> #NAME? | AB15: =TRIM(SUBSTITUTE(SUBSTITUTE(OFFSET($Q15,0,COLUMN()-COLUMN($AL$1)),CHAR(160)," "),_xludf.UNICHAR(8239)," ")) -> #NAME? | AC15: =TRIM(SUBSTITUTE(SUBSTITUTE(OFFSET($Q15,0,COLUMN()-COLUMN($AL$1)),CHAR(160)," "),_xludf.UNICHAR(8239)," ")) -> #NAME? | AD15: =IF($E15="",0,--(COUNTIFS($E:$E,$E15,$C:$C,">"&$C15)+COUNTIFS($E$8:E15,$E15,$C$8:C15,$C15)=1)) -> 0 | AE15: =IF($C15="","",TEXT($C15,"yyyy-mm")) -> 2026-03 | AF15: =IF(OR($E15="",$AE15=""),0,IF(COUNTIFS($E$8:E15,$E15,$AE$8:AE15,$AE15)=1,1,0)) -> 1 | AG15: =IF($E15="",0,IF(COUNTIF($E$8:E15,$E15)=1,1,0)) -> 1
A16: 9 | B16: امير بشير خليل الزعانين | C16: 46110 | D16: {=IFERROR( LOOKUP(2, 1/((TRIM(IMS!$E$8:$E$4000)=TRIM(IMS!$E16))*(IMS!$C$8:$C$4000<IMS!$C16)), IMS!$C$8:$C$4000), "")} | E16: 604112938 | F16: 36625 | G16: 26 | H16: =IF(G16="","",IF(G16<=5,"0-5",IF(G16<=18,"6-18",IF(G16<=60,"19-60","+60")))) -> 19-60 | I16: Male | J16: =IF(OR(LOWER(TRIM(SUBSTITUTE(SUBSTITUTE($I16,CHAR(160)," "),_xludf.UNICHAR(8239)," ")))="male", LOWER(TRIM(SUBSTITUTE(SUBSTITUTE($I16,CHAR(160)," "),_xludf.UNICHAR(8239)," ")))="m", LOWER(TRIM(SUBSTITUTE(SUBSTITUTE($I16,CHAR(160)," "),_xludf.UNICHAR(8239)," ")))="males"), "male", IF(OR(LOWER(TRIM(SUBSTITUTE(SUBSTITUTE($I16,CHAR(160)," "),_xludf.UNICHAR(8239)," ")))="female", LOWER(TRIM(SUBSTITUTE(SUBSTITUTE($I16,CHAR(160)," "),_xludf.UNICHAR(8239)," ")))="f", LOWER(TRIM(SUBSTITUTE(SUBSTITUTE($I16,CHAR(160)," "),_xludf.UNICHAR(8239)," ")))="females"), "female", "")) -> #NAME? | K16: 597898553 | L16: Alnussirat | M16: Married | N16: No | P16: Displaced | Q16: FM- NCD | X16: =IF(E16="","",UPPER(LEFT($C$3,1)&"-"&LEFT($C$4,1)&"-"&TEXT(ROW(B9),"000")&"-"&TEXT(C16,"dd-mm"))) -> --009-29-03 | Y16: =TRIM(SUBSTITUTE(SUBSTITUTE(OFFSET($Q16,0,COLUMN()-COLUMN($AL$1)),CHAR(160)," "),_xludf.UNICHAR(8239)," ")) -> #NAME? | Z16: =TRIM(SUBSTITUTE(SUBSTITUTE(OFFSET($Q16,0,COLUMN()-COLUMN($AL$1)),CHAR(160)," "),_xludf.UNICHAR(8239)," ")) -> #NAME? | AA16: =TRIM(SUBSTITUTE(SUBSTITUTE(OFFSET($Q16,0,COLUMN()-COLUMN($AL$1)),CHAR(160)," "),_xludf.UNICHAR(8239)," ")) -> #NAME? | AB16: =TRIM(SUBSTITUTE(SUBSTITUTE(OFFSET($Q16,0,COLUMN()-COLUMN($AL$1)),CHAR(160)," "),_xludf.UNICHAR(8239)," ")) -> #NAME? | AC16: =TRIM(SUBSTITUTE(SUBSTITUTE(OFFSET($Q16,0,COLUMN()-COLUMN($AL$1)),CHAR(160)," "),_xludf.UNICHAR(8239)," ")) -> #NAME? | AD16: =IF($E16="",0,--(COUNTIFS($E:$E,$E16,$C:$C,">"&$C16)+COUNTIFS($E$8:E16,$E16,$C$8:C16,$C16)=1)) -> 1 | AE16: =IF($C16="","",TEXT($C16,"yyyy-mm")) -> 2026-03 | AF16: =IF(OR($E16="",$AE16=""),0,IF(COUNTIFS($E$8:E16,$E16,$AE$8:AE16,$AE16)=1,1,0)) -> 1 | AG16: =IF($E16="",0,IF(COUNTIF($E$8:E16,$E16)=1,1,0)) -> 1
A17: 10 | B17: عمر هاني سليمان ابو حمد | C17: 46110 | D17: {=IFERROR( LOOKUP(2, 1/((TRIM(IMS!$E$8:$E$4000)=TRIM(IMS!$E17))*(IMS!$C$8:$C$4000<IMS!$C17)), IMS!$C$8:$C$4000), "")} | E17: 438248288 | F17: 42964 | G17: 9 | H17: =IF(G17="","",IF(G17<=5,"0-5",IF(G17<=18,"6-18",IF(G17<=60,"19-60","+60")))) -> 6-18 | I17: Male | J17: =IF(OR(LOWER(TRIM(SUBSTITUTE(SUBSTITUTE($I17,CHAR(160)," "),_xludf.UNICHAR(8239)," ")))="male", LOWER(TRIM(SUBSTITUTE(SUBSTITUTE($I17,CHAR(160)," "),_xludf.UNICHAR(8239)," ")))="m", LOWER(TRIM(SUBSTITUTE(SUBSTITUTE($I17,CHAR(160)," "),_xludf.UNICHAR(8239)," ")))="males"), "male", IF(OR(LOWER(TRIM(SUBSTITUTE(SUBSTITUTE($I17,CHAR(160)," "),_xludf.UNICHAR(8239)," ")))="female", LOWER(TRIM(SUBSTITUTE(SUBSTITUTE($I17,CHAR(160)," "),_xludf.UNICHAR(8239)," ")))="f", LOWER(TRIM(SUBSTITUTE(SUBSTITUTE($I17,CHAR(160)," "),_xludf.UNICHAR(8239)," ")))="females"), "female", "")) -> #NAME? | K17: 599614343 | L17: Alnussirat | M17: N/A | N17: No | P17: Displaced | Q17: FM- CD | X17: =IF(E17="","",UPPER(LEFT($C$3,1)&"-"&LEFT($C$4,1)&"-"&TEXT(ROW(B10),"000")&"-"&TEXT(C17,"dd-mm"))) -> --010-29-03 | Y17: =TRIM(SUBSTITUTE(SUBSTITUTE(OFFSET($Q17,0,COLUMN()-COLUMN($AL$1)),CHAR(160)," "),_xludf.UNICHAR(8239)," ")) -> #NAME? | Z17: =TRIM(SUBSTITUTE(SUBSTITUTE(OFFSET($Q17,0,COLUMN()-COLUMN($AL$1)),CHAR(160)," "),_xludf.UNICHAR(8239)," ")) -> #NAME? | AA17: =TRIM(SUBSTITUTE(SUBSTITUTE(OFFSET($Q17,0,COLUMN()-COLUMN($AL$1)),CHAR(160)," "),_xludf.UNICHAR(8239)," ")) -> #NAME? | AB17: =TRIM(SUBSTITUTE(SUBSTITUTE(OFFSET($Q17,0,COLUMN()-COLUMN($AL$1)),CHAR(160)," "),_xludf.UNICHAR(8239)," ")) -> #NAME? | AC17: =TRIM(SUBSTITUTE(SUBSTITUTE(OFFSET($Q17,0,COLUMN()-COLUMN($AL$1)),CHAR(160)," "),_xludf.UNICHAR(8239)," ")) -> #NAME? | AD17: =IF($E17="",0,--(COUNTIFS($E:$E,$E17,$C:$C,">"&$C17)+COUNTIFS($E$8:E17,$E17,$C$8:C17,$C17)=1)) -> 1 | AE17: =IF($C17="","",TEXT($C17,"yyyy-mm")) -> 2026-03 | AF17: =IF(OR($E17="",$AE17=""),0,IF(COUNTIFS($E$8:E17,$E17,$AE$8:AE17,$AE17)=1,1,0)) -> 1 | AG17: =IF($E17="",0,IF(COUNTIF($E$8:E17,$E17)=1,1,0)) -> 1
A18: 11 | B18: ريحانه محمد احمد الزعانين | C18: 46110 | D18: {=IFERROR( LOOKUP(2, 1/((TRIM(IMS!$E$8:$E$4000)=TRIM(IMS!$E18))*(IMS!$C$8:$C$4000<IMS!$C18)), IMS!$C$8:$C$4000), "")} | E18: 801501354 | F18: 31767 | G18: 40 | H18: =IF(G18="","",IF(G18<=5,"0-5",IF(G18<=18,"6-18",IF(G18<=60,"19-60","+60")))) -> 19-60 | I18: FEMALE | J18: =IF(OR(LOWER(TRIM(SUBSTITUTE(SUBSTITUTE($I18,CHAR(160)," "),_xludf.UNICHAR(8239)," ")))="male", LOWER(TRIM(SUBSTITUTE(SUBSTITUTE($I18,CHAR(160)," "),_xludf.UNICHAR(8239)," ")))="m", LOWER(TRIM(SUBSTITUTE(SUBSTITUTE($I18,CHAR(160)," "),_xludf.UNICHAR(8239)," ")))="males"), "male", IF(OR(LOWER(TRIM(SUBSTITUTE(SUBSTITUTE($I18,CHAR(160)," "),_xludf.UNICHAR(8239)," ")))="female", LOWER(TRIM(SUBSTITUTE(SUBSTITUTE($I18,CHAR(160)," "),_xludf.UNICHAR(8239)," ")))="f", LOWER(TRIM(SUBSTITUTE(SUBSTITUTE($I18,CHAR(160)," "),_xludf.UNICHAR(8239)," ")))="females"), "female", "")) -> #NAME? | K18: 593621217 | L18: Alnussirat | M18: Married | N18: No | P18: Displaced | Q18: FM- NCD | X18: =IF(E18="","",UPPER(LEFT($C$3,1)&"-"&LEFT($C$4,1)&"-"&TEXT(ROW(B11),"000")&"-"&TEXT(C18,"dd-mm"))) -> --011-29-03 | Y18: =TRIM(SUBSTITUTE(SUBSTITUTE(OFFSET($Q18,0,COLUMN()-COLUMN($AL$1)),CHAR(160)," "),_xludf.UNICHAR(8239)," ")) -> #NAME? | Z18: =TRIM(SUBSTITUTE(SUBSTITUTE(OFFSET($Q18,0,COLUMN()-COLUMN($AL$1)),CHAR(160)," "),_xludf.UNICHAR(8239)," ")) -> #NAME? | AA18: =TRIM(SUBSTITUTE(SUBSTITUTE(OFFSET($Q18,0,COLUMN()-COLUMN($AL$1)),CHAR(160)," "),_xludf.UNICHAR(8239)," ")) -> #NAME? | AB18: =TRIM(SUBSTITUTE(SUBSTITUTE(OFFSET($Q18,0,COLUMN()-COLUMN($AL$1)),CHAR(160)," "),_xludf.UNICHAR(8239)," ")) -> #NAME? | AC18: =TRIM(SUBSTITUTE(SUBSTITUTE(OFFSET($Q18,0,COLUMN()-COLUMN($AL$1)),CHAR(160)," "),_xludf.UNICHAR(8239)," ")) -> #NAME? | AD18: =IF($E18="",0,--(COUNTIFS($E:$E,$E18,$C:$C,">"&$C18)+COUNTIFS($E$8:E18,$E18,$C$8:C18,$C18)=1)) -> 0 | AE18: =IF($C18="","",TEXT($C18,"yyyy-mm")) -> 2026-03 | AF18: =IF(OR($E18="",$AE18=""),0,IF(COUNTIFS($E$8:E18,$E18,$AE$8:AE18,$AE18)=1,1,0)) -> 1 | AG18: =IF($E18="",0,IF(COUNTIF($E$8:E18,$E18)=1,1,0)) -> 1
A19: 12 | B19: صفاء جمال محمد ابو الطيف | C19: 46110 | D19: {=IFERROR( LOOKUP(2, 1/((TRIM(IMS!$E$8:$E$4000)=TRIM(IMS!$E19))*(IMS!$C$8:$C$4000<IMS!$C19)), IMS!$C$8:$C$4000), "")} | E19: 800758761 | F19: 32267 | G19: 38 | H19: =IF(G19="","",IF(G19<=5,"0-5",IF(G19<=18,"6-18",IF(G19<=60,"19-60","+60")))) -> 19-60 | I19: FEMALE | J19: =IF(OR(LOWER(TRIM(SUBSTITUTE(SUBSTITUTE($I19,CHAR(160)," "),_xludf.UNICHAR(8239)," ")))="male", LOWER(TRIM(SUBSTITUTE(SUBSTITUTE($I19,CHAR(160)," "),_xludf.UNICHAR(8239)," ")))="m", LOWER(TRIM(SUBSTITUTE(SUBSTITUTE($I19,CHAR(160)," "),_xludf.UNICHAR(8239)," ")))="males"), "male", IF(OR(LOWER(TRIM(SUBSTITUTE(SUBSTITUTE($I19,CHAR(160)," "),_xludf.UNICHAR(8239)," ")))="female", LOWER(TRIM(SUBSTITUTE(SUBSTITUTE($I19,CHAR(160)," "),_xludf.UNICHAR(8239)," ")))="f", LOWER(TRIM(SUBSTITUTE(SUBSTITUTE($I19,CHAR(160)," "),_xludf.UNICHAR(8239)," ")))="females"), "female", "")) -> #NAME? | K19: 595339511 | L19: Alnussirat | M19: Married | N19: No | P19: Displaced | Q19: FM- NCD | X19: =IF(E19="","",UPPER(LEFT($C$3,1)&"-"&LEFT($C$4,1)&"-"&TEXT(ROW(B12),"000")&"-"&TEXT(C19,"dd-mm"))) -> --012-29-03 | Y19: =TRIM(SUBSTITUTE(SUBSTITUTE(OFFSET($Q19,0,COLUMN()-COLUMN($AL$1)),CHAR(160)," "),_xludf.UNICHAR(8239)," ")) -> #NAME? | Z19: =TRIM(SUBSTITUTE(SUBSTITUTE(OFFSET($Q19,0,COLUMN()-COLUMN($AL$1)),CHAR(160)," "),_xludf.UNICHAR(8239)," ")) -> #NAME? | AA19: =TRIM(SUBSTITUTE(SUBSTITUTE(OFFSET($Q19,0,COLUMN()-COLUMN($AL$1)),CHAR(160)," "),_xludf.UNICHAR(8239)," ")) -> #NAME? | AB19: =TRIM(SUBSTITUTE(SUBSTITUTE(OFFSET($Q19,0,COLUMN()-COLUMN($AL$1)),CHAR(160)," "),_xludf.UNICHAR(8239)," ")) -> #NAME? | AC19: =TRIM(SUBSTITUTE(SUBSTITUTE(OFFSET($Q19,0,COLUMN()-COLUMN($AL$1)),CHAR(160)," "),_xludf.UNICHAR(8239)," ")) -> #NAME? | AD19: =IF($E19="",0,--(COUNTIFS($E:$E,$E19,$C:$C,">"&$C19)+COUNTIFS($E$8:E19,$E19,$C$8:C19,$C19)=1)) -> 1 | AE19: =IF($C19="","",TEXT($C19,"yyyy-mm")) -> 2026-03 | AF19: =IF(OR($E19="",$AE19=""),0,IF(COUNTIFS($E$8:E19,$E19,$AE$8:AE19,$AE19)=1,1,0)) -> 1 | AG19: =IF($E19="",0,IF(COUNTIF($E$8:E19,$E19)=1,1,0)) -> 1
A20: 13 | B20: عمر حامد عمر ابو الطيف | C20: 46110 | D20: {=IFERROR( LOOKUP(2, 1/((TRIM(IMS!$E$8:$E$4000)=TRIM(IMS!$E20))*(IMS!$C$8:$C$4000<IMS!$C20)), IMS!$C$8:$C$4000), "")} | E20: 470829334 | F20: 44266 | G20: 5 m | H20: =IF(G20="","",IF(G20<=5,"0-5",IF(G20<=18,"6-18",IF(G20<=60,"19-60","+60")))) -> +60 | I20: Male | J20: =IF(OR(LOWER(TRIM(SUBSTITUTE(SUBSTITUTE($I20,CHAR(160)," "),_xludf.UNICHAR(8239)," ")))="male", LOWER(TRIM(SUBSTITUTE(SUBSTITUTE($I20,CHAR(160)," "),_xludf.UNICHAR(8239)," ")))="m", LOWER(TRIM(SUBSTITUTE(SUBSTITUTE($I20,CHAR(160)," "),_xludf.UNICHAR(8239)," ")))="males"), "male", IF(OR(LOWER(TRIM(SUBSTITUTE(SUBSTITUTE($I20,CHAR(160)," "),_xludf.UNICHAR(8239)," ")))="female", LOWER(TRIM(SUBSTITUTE(SUBSTITUTE($I20,CHAR(160)," "),_xludf.UNICHAR(8239)," ")))="f", LOWER(TRIM(SUBSTITUTE(SUBSTITUTE($I20,CHAR(160)," "),_xludf.UNICHAR(8239)," ")))="females"), "female", "")) -> #NAME? | K20: 595339511 | L20: Alnussirat | M20: N/A | N20: No | P20: Displaced | Q20: FM- CD | U20: Screening | X20: =IF(E20="","",UPPER(LEFT($C$3,1)&"-"&LEFT($C$4,1)&"-"&TEXT(ROW(B13),"000")&"-"&TEXT(C20,"dd-mm"))) -> --013-29-03 | Y20: =TRIM(SUBSTITUTE(SUBSTITUTE(OFFSET($Q20,0,COLUMN()-COLUMN($AL$1)),CHAR(160)," "),_xludf.UNICHAR(8239)," ")) -> #NAME? | Z20: =TRIM(SUBSTITUTE(SUBSTITUTE(OFFSET($Q20,0,COLUMN()-COLUMN($AL$1)),CHAR(160)," "),_xludf.UNICHAR(8239)," ")) -> #NAME? | AA20: =TRIM(SUBSTITUTE(SUBSTITUTE(OFFSET($Q20,0,COLUMN()-COLUMN($AL$1)),CHAR(160)," "),_xludf.UNICHAR(8239)," ")) -> #NAME? | AB20: =TRIM(SUBSTITUTE(SUBSTITUTE(OFFSET($Q20,0,COLUMN()-COLUMN($AL$1)),CHAR(160)," "),_xludf.UNICHAR(8239)," ")) -> #NAME? | AC20: =TRIM(SUBSTITUTE(SUBSTITUTE(OFFSET($Q20,0,COLUMN()-COLUMN($AL$1)),CHAR(160)," "),_xludf.UNICHAR(8239)," ")) -> #NAME? | AD20: =IF($E20="",0,--(COUNTIFS($E:$E,$E20,$C:$C,">"&$C20)+COUNTIFS($E$8:E20,$E20,$C$8:C20,$C20)=1)) -> 1 | AE20: =IF($C20="","",TEXT($C20,"yyyy-mm")) -> 2026-03 | AF20: =IF(OR($E20="",$AE20=""),0,IF(COUNTIFS($E$8:E20,$E20,$AE$8:AE20,$AE20)=1,1,0)) -> 1 | AG20: =IF($E20="",0,IF(COUNTIF($E$8:E20,$E20)=1,1,0)) -> 1
A21: 14 | B21: يوسف رياض محمد الغول | C21: 46110 | D21: {=IFERROR( LOOKUP(2, 1/((TRIM(IMS!$E$8:$E$4000)=TRIM(IMS!$E21))*(IMS!$C$8:$C$4000<IMS!$C21)), IMS!$C$8:$C$4000), "")} | E21: 803438365 | F21: 34240 | G21: 33 | H21: =IF(G21="","",IF(G21<=5,"0-5",IF(G21<=18,"6-18",IF(G21<=60,"19-60","+60")))) -> 19-60 | I21: Male | J21: =IF(OR(LOWER(TRIM(SUBSTITUTE(SUBSTITUTE($I21,CHAR(160)," "),_xludf.UNICHAR(8239)," ")))="male", LOWER(TRIM(SUBSTITUTE(SUBSTITUTE($I21,CHAR(160)," "),_xludf.UNICHAR(8239)," ")))="m", LOWER(TRIM(SUBSTITUTE(SUBSTITUTE($I21,CHAR(160)," "),_xludf.UNICHAR(8239)," ")))="males"), "male", IF(OR(LOWER(TRIM(SUBSTITUTE(SUBSTITUTE($I21,CHAR(160)," "),_xludf.UNICHAR(8239)," ")))="female", LOWER(TRIM(SUBSTITUTE(SUBSTITUTE($I21,CHAR(160)," "),_xludf.UNICHAR(8239)," ")))="f", LOWER(TRIM(SUBSTITUTE(SUBSTITUTE($I21,CHAR(160)," "),_xludf.UNICHAR(8239)," ")))="females"), "female", "")) -> #NAME? | K21: 592342178 | L21: Alnussirat | M21: Married | N21: No | P21: Displaced | Q21: FM- NCD | X21: =IF(E21="","",UPPER(LEFT($C$3,1)&"-"&LEFT($C$4,1)&"-"&TEXT(ROW(B14),"000")&"-"&TEXT(C21,"dd-mm"))) -> --014-29-03 | Y21: =TRIM(SUBSTITUTE(SUBSTITUTE(OFFSET($Q21,0,COLUMN()-COLUMN($AL$1)),CHAR(160)," "),_xludf.UNICHAR(8239)," ")) -> #NAME? | Z21: =TRIM(SUBSTITUTE(SUBSTITUTE(OFFSET($Q21,0,COLUMN()-COLUMN($AL$1)),CHAR(160)," "),_xludf.UNICHAR(8239)," ")) -> #NAME? | AA21: =TRIM(SUBSTITUTE(SUBSTITUTE(OFFSET($Q21,0,COLUMN()-COLUMN($AL$1)),CHAR(160)," "),_xludf.UNICHAR(8239)," ")) -> #NAME? | AB21: =TRIM(SUBSTITUTE(SUBSTITUTE(OFFSET($Q21,0,COLUMN()-COLUMN($AL$1)),CHAR(160)," "),_xludf.UNICHAR(8239)," ")) -> #NAME? | AC21: =TRIM(SUBSTITUTE(SUBSTITUTE(OFFSET($Q21,0,COLUMN()-COLUMN($AL$1)),CHAR(160)," "),_xludf.UNICHAR(8239)," ")) -> #NAME? | AD21: =IF($E21="",0,--(COUNTIFS($E:$E,$E21,$C:$C,">"&$C21)+COUNTIFS($E$8:E21,$E21,$C$8:C21,$C21)=1)) -> 1 | AE21: =IF($C21="","",TEXT($C21,"yyyy-mm")) -> 2026-03 | AF21: =IF(OR($E21="",$AE21=""),0,IF(COUNTIFS($E$8:E21,$E21,$AE$8:AE21,$AE21)=1,1,0)) -> 1 | AG21: =IF($E21="",0,IF(COUNTIF($E$8:E21,$E21)=1,1,0)) -> 1
A22: 15 | B22: تحرير اكرام اسماعيل حسين | C22: 46110 | D22: {=IFERROR( LOOKUP(2, 1/((TRIM(IMS!$E$8:$E$4000)=TRIM(IMS!$E22))*(IMS!$C$8:$C$4000<IMS!$C22)), IMS!$C$8:$C$4000), "")} | E22: 802526095 | F22: 33425 | G22: 35 | H22: =IF(G22="","",IF(G22<=5,"0-5",IF(G22<=18,"6-18",IF(G22<=60,"19-60","+60")))) -> 19-60 | I22: FEMALE | J22: =IF(OR(LOWER(TRIM(SUBSTITUTE(SUBSTITUTE($I22,CHAR(160)," "),_xludf.UNICHAR(8239)," ")))="male", LOWER(TRIM(SUBSTITUTE(SUBSTITUTE($I22,CHAR(160)," "),_xludf.UNICHAR(8239)," ")))="m", LOWER(TRIM(SUBSTITUTE(SUBSTITUTE($I22,CHAR(160)," "),_xludf.UNICHAR(8239)," ")))="males"), "male", IF(OR(LOWER(TRIM(SUBSTITUTE(SUBSTITUTE($I22,CHAR(160)," "),_xludf.UNICHAR(8239)," ")))="female", LOWER(TRIM(SUBSTITUTE(SUBSTITUTE($I22,CHAR(160)," "),_xludf.UNICHAR(8239)," ")))="f", LOWER(TRIM(SUBSTITUTE(SUBSTITUTE($I22,CHAR(160)," "),_xludf.UNICHAR(8239)," ")))="females"), "female", "")) -> #NAME? | K22: 592247503 | L22: Alnussirat | M22: Married | N22: No | P22: Displaced | Q22: FM- CD | X22: =IF(E22="","",UPPER(LEFT($C$3,1)&"-"&LEFT($C$4,1)&"-"&TEXT(ROW(B15),"000")&"-"&TEXT(C22,"dd-mm"))) -> --015-29-03 | Y22: =TRIM(SUBSTITUTE(SUBSTITUTE(OFFSET($Q22,0,COLUMN()-COLUMN($AL$1)),CHAR(160)," "),_xludf.UNICHAR(8239)," ")) -> #NAME? | Z22: =TRIM(SUBSTITUTE(SUBSTITUTE(OFFSET($Q22,0,COLUMN()-COLUMN($AL$1)),CHAR(160)," "),_xludf.UNICHAR(8239)," ")) -> #NAME? | AA22: =TRIM(SUBSTITUTE(SUBSTITUTE(OFFSET($Q22,0,COLUMN()-COLUMN($AL$1)),CHAR(160)," "),_xludf.UNICHAR(8239)," ")) -> #NAME? | AB22: =TRIM(SUBSTITUTE(SUBSTITUTE(OFFSET($Q22,0,COLUMN()-COLUMN($AL$1)),CHAR(160)," "),_xludf.UNICHAR(8239)," ")) -> #NAME? | AC22: =TRIM(SUBSTITUTE(SUBSTITUTE(OFFSET($Q22,0,COLUMN()-COLUMN($AL$1)),CHAR(160)," "),_xludf.UNICHAR(8239)," ")) -> #NAME? | AD22: =IF($E22="",0,--(COUNTIFS($E:$E,$E22,$C:$C,">"&$C22)+COUNTIFS($E$8:E22,$E22,$C$8:C22,$C22)=1)) -> 0 | AE22: =IF($C22="","",TEXT($C22,"yyyy-mm")) -> 2026-03 | AF22: =IF(OR($E22="",$AE22=""),0,IF(COUNTIFS($E$8:E22,$E22,$AE$8:AE22,$AE22)=1,1,0)) -> 1 | AG22: =IF($E22="",0,IF(COUNTIF($E$8:E22,$E22)=1,1,0)) -> 1
A23: 16 | B23: حنان جمال قنديل عوض | C23: 46110 | D23: {=IFERROR( LOOKUP(2, 1/((TRIM(IMS!$E$8:$E$4000)=TRIM(IMS!$E23))*(IMS!$C$8:$C$4000<IMS!$C23)), IMS!$C$8:$C$4000), "")} | E23: 802111419 | F23: 32191 | G23: 38 | H23: =IF(G23="","",IF(G23<=5,"0-5",IF(G23<=18,"6-18",IF(G23<=60,"19-60","+60")))) -> 19-60 | I23: FEMALE | J23: =IF(OR(LOWER(TRIM(SUBSTITUTE(SUBSTITUTE($I23,CHAR(160)," "),_xludf.UNICHAR(8239)," ")))="male", LOWER(TRIM(SUBSTITUTE(SUBSTITUTE($I23,CHAR(160)," "),_xludf.UNICHAR(8239)," ")))="m", LOWER(TRIM(SUBSTITUTE(SUBSTITUTE($I23,CHAR(160)," "),_xludf.UNICHAR(8239)," ")))="males"), "male", IF(OR(LOWER(TRIM(SUBSTITUTE(SUBSTITUTE($I23,CHAR(160)," "),_xludf.UNICHAR(8239)," ")))="female", LOWER(TRIM(SUBSTITUTE(SUBSTITUTE($I23,CHAR(160)," "),_xludf.UNICHAR(8239)," ")))="f", LOWER(TRIM(SUBSTITUTE(SUBSTITUTE($I23,CHAR(160)," "),_xludf.UNICHAR(8239)," ")))="females"), "female", "")) -> #NAME? | K23: 598985336 | L23: Alnussirat | M23: Married | N23: No | P23: Displaced | Q23: FM- CD | X23: =IF(E23="","",UPPER(LEFT($C$3,1)&"-"&LEFT($C$4,1)&"-"&TEXT(ROW(B16),"000")&"-"&TEXT(C23,"dd-mm"))) -> --016-29-03 | Y23: =TRIM(SUBSTITUTE(SUBSTITUTE(OFFSET($Q23,0,COLUMN()-COLUMN($AL$1)),CHAR(160)," "),_xludf.UNICHAR(8239)," ")) -> #NAME? | Z23: =TRIM(SUBSTITUTE(SUBSTITUTE(OFFSET($Q23,0,COLUMN()-COLUMN($AL$1)),CHAR(160)," "),_xludf.UNICHAR(8239)," ")) -> #NAME? | AA23: =TRIM(SUBSTITUTE(SUBSTITUTE(OFFSET($Q23,0,COLUMN()-COLUMN($AL$1)),CHAR(160)," "),_xludf.UNICHAR(8239)," ")) -> #NAME? | AB23: =TRIM(SUBSTITUTE(SUBSTITUTE(OFFSET($Q23,0,COLUMN()-COLUMN($AL$1)),CHAR(160)," "),_xludf.UNICHAR(8239)," ")) -> #NAME? | AC23: =TRIM(SUBSTITUTE(SUBSTITUTE(OFFSET($Q23,0,COLUMN()-COLUMN($AL$1)),CHAR(160)," "),_xludf.UNICHAR(8239)," ")) -> #NAME? | AD23: =IF($E23="",0,--(COUNTIFS($E:$E,$E23,$C:$C,">"&$C23)+COUNTIFS($E$8:E23,$E23,$C$8:C23,$C23)=1)) -> 0 | AE23: =IF($C23="","",TEXT($C23,"yyyy-mm")) -> 2026-03 | AF23: =IF(OR($E23="",$AE23=""),0,IF(COUNTIFS($E$8:E23,$E23,$AE$8:AE23,$AE23)=1,1,0)) -> 1 | AG23: =IF($E23="",0,IF(COUNTIF($E$8:E23,$E23)=1,1,0)) -> 1
A24: 17 | B24: مها تحسين عبدالفتاح عودة | C24: 46110 | D24: {=IFERROR( LOOKUP(2, 1/((TRIM(IMS!$E$8:$E$4000)=TRIM(IMS!$E24))*(IMS!$C$8:$C$4000<IMS!$C24)), IMS!$C$8:$C$4000), "")} | E24: 802157248 | F24: 32456 | G24: 38 | H24: =IF(G24="","",IF(G24<=5,"0-5",IF(G24<=18,"6-18",IF(G24<=60,"19-60","+60")))) -> 19-60 | I24: FEMALE | J24: =IF(OR(LOWER(TRIM(SUBSTITUTE(SUBSTITUTE($I24,CHAR(160)," "),_xludf.UNICHAR(8239)," ")))="male", LOWER(TRIM(SUBSTITUTE(SUBSTITUTE($I24,CHAR(160)," "),_xludf.UNICHAR(8239)," ")))="m", LOWER(TRIM(SUBSTITUTE(SUBSTITUTE($I24,CHAR(160)," "),_xludf.UNICHAR(8239)," ")))="males"), "male", IF(OR(LOWER(TRIM(SUBSTITUTE(SUBSTITUTE($I24,CHAR(160)," "),_xludf.UNICHAR(8239)," ")))="female", LOWER(TRIM(SUBSTITUTE(SUBSTITUTE($I24,CHAR(160)," "),_xludf.UNICHAR(8239)," ")))="f", LOWER(TRIM(SUBSTITUTE(SUBSTITUTE($I24,CHAR(160)," "),_xludf.UNICHAR(8239)," ")))="females"), "female", "")) -> #NAME? | K24: 597239384 | L24: Alnussirat | M24: Married | N24: No | P24: Displaced | R24: ANC | X24: =IF(E24="","",UPPER(LEFT($C$3,1)&"-"&LEFT($C$4,1)&"-"&TEXT(ROW(B17),"000")&"-"&TEXT(C24,"dd-mm"))) -> --017-29-03 | Y24: =TRIM(SUBSTITUTE(SUBSTITUTE(OFFSET($Q24,0,COLUMN()-COLUMN($AL$1)),CHAR(160)," "),_xludf.UNICHAR(8239)," ")) -> #NAME? | Z24: =TRIM(SUBSTITUTE(SUBSTITUTE(OFFSET($Q24,0,COLUMN()-COLUMN($AL$1)),CHAR(160)," "),_xludf.UNICHAR(8239)," ")) -> #NAME? | AA24: =TRIM(SUBSTITUTE(SUBSTITUTE(OFFSET($Q24,0,COLUMN()-COLUMN($AL$1)),CHAR(160)," "),_xludf.UNICHAR(8239)," ")) -> #NAME? | AB24: =TRIM(SUBSTITUTE(SUBSTITUTE(OFFSET($Q24,0,COLUMN()-COLUMN($AL$1)),CHAR(160)," "),_xludf.UNICHAR(8239)," ")) -> #NAME? | AC24: =TRIM(SUBSTITUTE(SUBSTITUTE(OFFSET($Q24,0,COLUMN()-COLUMN($AL$1)),CHAR(160)," "),_xludf.UNICHAR(8239)," ")) -> #NAME? | AD24: =IF($E24="",0,--(COUNTIFS($E:$E,$E24,$C:$C,">"&$C24)+COUNTIFS($E$8:E24,$E24,$C$8:C24,$C24)=1)) -> 0 | AE24: =IF($C24="","",TEXT($C24,"yyyy-mm")) -> 2026-03 | AF24: =IF(OR($E24="",$AE24=""),0,IF(COUNTIFS($E$8:E24,$E24,$AE$8:AE24,$AE24)=1,1,0)) -> 1 | AG24: =IF($E24="",0,IF(COUNTIF($E$8:E24,$E24)=1,1,0)) -> 1
A25: 18 | B25: عبدالله اسماعيل حسين الزعانين | C25: 46110 | D25: {=IFERROR( LOOKUP(2, 1/((TRIM(IMS!$E$8:$E$4000)=TRIM(IMS!$E25))*(IMS!$C$8:$C$4000<IMS!$C25)), IMS!$C$8:$C$4000), "")} | E25: 803336981 | F25: 34359 | G25: 32 | H25: =IF(G25="","",IF(G25<=5,"0-5",IF(G25<=18,"6-18",IF(G25<=60,"19-60","+60")))) -> 19-60 | I25: Male | J25: =IF(OR(LOWER(TRIM(SUBSTITUTE(SUBSTITUTE($I25,CHAR(160)," "),_xludf.UNICHAR(8239)," ")))="male", LOWER(TRIM(SUBSTITUTE(SUBSTITUTE($I25,CHAR(160)," "),_xludf.UNICHAR(8239)," ")))="m", LOWER(TRIM(SUBSTITUTE(SUBSTITUTE($I25,CHAR(160)," "),_xludf.UNICHAR(8239)," ")))="males"), "male", IF(OR(LOWER(TRIM(SUBSTITUTE(SUBSTITUTE($I25,CHAR(160)," "),_xludf.UNICHAR(8239)," ")))="female", LOWER(TRIM(SUBSTITUTE(SUBSTITUTE($I25,CHAR(160)," "),_xludf.UNICHAR(8239)," ")))="f", LOWER(TRIM(SUBSTITUTE(SUBSTITUTE($I25,CHAR(160)," "),_xludf.UNICHAR(8239)," ")))="females"), "female", "")) -> #NAME? | K25: 598705037 | L25: Alnussirat | M25: Married | N25: No | P25: Displaced | Q25: FM- CD | S25: Dressing | X25: =IF(E25="","",UPPER(LEFT($C$3,1)&"-"&LEFT($C$4,1)&"-"&TEXT(ROW(B18),"000")&"-"&TEXT(C25,"dd-mm"))) -> --018-29-03 | Y25: =TRIM(SUBSTITUTE(SUBSTITUTE(OFFSET($Q25,0,COLUMN()-COLUMN($AL$1)),CHAR(160)," "),_xludf.UNICHAR(8239)," ")) -> #NAME? | Z25: =TRIM(SUBSTITUTE(SUBSTITUTE(OFFSET($Q25,0,COLUMN()-COLUMN($AL$1)),CHAR(160)," "),_xludf.UNICHAR(8239)," ")) -> #NAME? | AA25: =TRIM(SUBSTITUTE(SUBSTITUTE(OFFSET($Q25,0,COLUMN()-COLUMN($AL$1)),CHAR(160)," "),_xludf.UNICHAR(8239)," ")) -> #NAME? | AB25: =TRIM(SUBSTITUTE(SUBSTITUTE(OFFSET($Q25,0,COLUMN()-COLUMN($AL$1)),CHAR(160)," "),_xludf.UNICHAR(8239)," ")) -> #NAME? | AC25: =TRIM(SUBSTITUTE(SUBSTITUTE(OFFSET($Q25,0,COLUMN()-COLUMN($AL$1)),CHAR(160)," "),_xludf.UNICHAR(8239)," ")) -> #NAME? | AD25: =IF($E25="",0,--(COUNTIFS($E:$E,$E25,$C:$C,">"&$C25)+COUNTIFS($E$8:E25,$E25,$C$8:C25,$C25)=1)) -> 0 | AE25: =IF($C25="","",TEXT($C25,"yyyy-mm")) -> 2026-03 | AF25: =IF(OR($E25="",$AE25=""),0,IF(COUNTIFS($E$8:E25,$E25,$AE$8:AE25,$AE25)=1,1,0)) -> 1 | AG25: =IF($E25="",0,IF(COUNTIF($E$8:E25,$E25)=1,1,0)) -> 1
A26: 19 | B26: رضا ابراهيم حسنى ابو دقن | C26: 46110 | D26: {=IFERROR( LOOKUP(2, 1/((TRIM(IMS!$E$8:$E$4000)=TRIM(IMS!$E26))*(IMS!$C$8:$C$4000<IMS!$C26)), IMS!$C$8:$C$4000), "")} | E26: 906715354 | F26: 30481 | G26: 43 | H26: =IF(G26="","",IF(G26<=5,"0-5",IF(G26<=18,"6-18",IF(G26<=60,"19-60","+60")))) -> 19-60 | I26: FEMALE | J26: =IF(OR(LOWER(TRIM(SUBSTITUTE(SUBSTITUTE($I26,CHAR(160)," "),_xludf.UNICHAR(8239)," ")))="male", LOWER(TRIM(SUBSTITUTE(SUBSTITUTE($I26,CHAR(160)," "),_xludf.UNICHAR(8239)," ")))="m", LOWER(TRIM(SUBSTITUTE(SUBSTITUTE($I26,CHAR(160)," "),_xludf.UNICHAR(8239)," ")))="males"), "male", IF(OR(LOWER(TRIM(SUBSTITUTE(SUBSTITUTE($I26,CHAR(160)," "),_xludf.UNICHAR(8239)," ")))="female", LOWER(TRIM(SUBSTITUTE(SUBSTITUTE($I26,CHAR(160)," "),_xludf.UNICHAR(8239)," ")))="f", LOWER(TRIM(SUBSTITUTE(SUBSTITUTE($I26,CHAR(160)," "),_xludf.UNICHAR(8239)," ")))="females"), "female", "")) -> #NAME? | K26: 592342881 | L26: Alnussirat | M26: Married | N26: No | P26: Displaced | R26: GYN | X26: =IF(E26="","",UPPER(LEFT($C$3,1)&"-"&LEFT($C$4,1)&"-"&TEXT(ROW(B19),"000")&"-"&TEXT(C26,"dd-mm"))) -> --019-29-03 | Y26: =TRIM(SUBSTITUTE(SUBSTITUTE(OFFSET($Q26,0,COLUMN()-COLUMN($AL$1)),CHAR(160)," "),_xludf.UNICHAR(8239)," ")) -> #NAME? | Z26: =TRIM(SUBSTITUTE(SUBSTITUTE(OFFSET($Q26,0,COLUMN()-COLUMN($AL$1)),CHAR(160)," "),_xludf.UNICHAR(8239)," ")) -> #NAME? | AA26: =TRIM(SUBSTITUTE(SUBSTITUTE(OFFSET($Q26,0,COLUMN()-COLUMN($AL$1)),CHAR(160)," "),_xludf.UNICHAR(8239)," ")) -> #NAME? | AB26: =TRIM(SUBSTITUTE(SUBSTITUTE(OFFSET($Q26,0,COLUMN()-COLUMN($AL$1)),CHAR(160)," "),_xludf.UNICHAR(8239)," ")) -> #NAME? | AC26: =TRIM(SUBSTITUTE(SUBSTITUTE(OFFSET($Q26,0,COLUMN()-COLUMN($AL$1)),CHAR(160)," "),_xludf.UNICHAR(8239)," ")) -> #NAME? | AD26: =IF($E26="",0,--(COUNTIFS($E:$E,$E26,$C:$C,">"&$C26)+COUNTIFS($E$8:E26,$E26,$C$8:C26,$C26)=1)) -> 1 | AE26: =IF($C26="","",TEXT($C26,"yyyy-mm")) -> 2026-03 | AF26: =IF(OR($E26="",$AE26=""),0,IF(COUNTIFS($E$8:E26,$E26,$AE$8:AE26,$AE26)=1,1,0)) -> 1 | AG26: =IF($E26="",0,IF(COUNTIF($E$8:E26,$E26)=1,1,0)) -> 1
A27: 20 | B27: عايدة اكرم اسماعيل صيام | C27: 46110 | D27: {=IFERROR( LOOKUP(2, 1/((TRIM(IMS!$E$8:$E$4000)=TRIM(IMS!$E27))*(IMS!$C$8:$C$4000<IMS!$C27)), IMS!$C$8:$C$4000), "")} | E27: 801420449 | F27: 31627 | G27: 40 | H27: =IF(G27="","",IF(G27<=5,"0-5",IF(G27<=18,"6-18",IF(G27<=60,"19-60","+60")))) -> 19-60 | I27: FEMALE | J27: =IF(OR(LOWER(TRIM(SUBSTITUTE(SUBSTITUTE($I27,CHAR(160)," "),_xludf.UNICHAR(8239)," ")))="male", LOWER(TRIM(SUBSTITUTE(SUBSTITUTE($I27,CHAR(160)," "),_xludf.UNICHAR(8239)," ")))="m", LOWER(TRIM(SUBSTITUTE(SUBSTITUTE($I27,CHAR(160)," "),_xludf.UNICHAR(8239)," ")))="males"), "male", IF(OR(LOWER(TRIM(SUBSTITUTE(SUBSTITUTE($I27,CHAR(160)," "),_xludf.UNICHAR(8239)," ")))="female", LOWER(TRIM(SUBSTITUTE(SUBSTITUTE($I27,CHAR(160)," "),_xludf.UNICHAR(8239)," ")))="f", LOWER(TRIM(SUBSTITUTE(SUBSTITUTE($I27,CHAR(160)," "),_xludf.UNICHAR(8239)," ")))="females"), "female", "")) -> #NAME? | K27: 599850670 | L27: Alnussirat | M27: Married | N27: No | P27: Displaced | Q27: FM- CD | X27: =IF(E27="","",UPPER(LEFT($C$3,1)&"-"&LEFT($C$4,1)&"-"&TEXT(ROW(B20),"000")&"-"&TEXT(C27,"dd-mm"))) -> --020-29-03 | Y27: =TRIM(SUBSTITUTE(SUBSTITUTE(OFFSET($Q27,0,COLUMN()-COLUMN($AL$1)),CHAR(160)," "),_xludf.UNICHAR(8239)," ")) -> #NAME? | Z27: =TRIM(SUBSTITUTE(SUBSTITUTE(OFFSET($Q27,0,COLUMN()-COLUMN($AL$1)),CHAR(160)," "),_xludf.UNICHAR(8239)," ")) -> #NAME? | AA27: =TRIM(SUBSTITUTE(SUBSTITUTE(OFFSET($Q27,0,COLUMN()-COLUMN($AL$1)),CHAR(160)," "),_xludf.UNICHAR(8239)," ")) -> #NAME? | AB27: =TRIM(SUBSTITUTE(SUBSTITUTE(OFFSET($Q27,0,COLUMN()-COLUMN($AL$1)),CHAR(160)," "),_xludf.UNICHAR(8239)," ")) -> #NAME? | AC27: =TRIM(SUBSTITUTE(SUBSTITUTE(OFFSET($Q27,0,COLUMN()-COLUMN($AL$1)),CHAR(160)," "),_xludf.UNICHAR(8239)," ")) -> #NAME? | AD27: =IF($E27="",0,--(COUNTIFS($E:$E,$E27,$C:$C,">"&$C27)+COUNTIFS($E$8:E27,$E27,$C$8:C27,$C27)=1)) -> 0 | AE27: =IF($C27="","",TEXT($C27,"yyyy-mm")) -> 2026-03 | AF27: =IF(OR($E27="",$AE27=""),0,IF(COUNTIFS($E$8:E27,$E27,$AE$8:AE27,$AE27)=1,1,0)) -> 1 | AG27: =IF($E27="",0,IF(COUNTIF($E$8:E27,$E27)=1,1,0)) -> 1
A28: 21 | B28: وعد راىد سعد صيام | C28: 46110 | D28: {=IFERROR( LOOKUP(2, 1/((TRIM(IMS!$E$8:$E$4000)=TRIM(IMS!$E28))*(IMS!$C$8:$C$4000<IMS!$C28)), IMS!$C$8:$C$4000), "")} | E28: 407114826 | F28: 39201 | G28: 19 | H28: =IF(G28="","",IF(G28<=5,"0-5",IF(G28<=18,"6-18",IF(G28<=60,"19-60","+60")))) -> 19-60 | I28: FEMALE | J28: =IF(OR(LOWER(TRIM(SUBSTITUTE(SUBSTITUTE($I28,CHAR(160)," "),_xludf.UNICHAR(8239)," ")))="male", LOWER(TRIM(SUBSTITUTE(SUBSTITUTE($I28,CHAR(160)," "),_xludf.UNICHAR(8239)," ")))="m", LOWER(TRIM(SUBSTITUTE(SUBSTITUTE($I28,CHAR(160)," "),_xludf.UNICHAR(8239)," ")))="males"), "male", IF(OR(LOWER(TRIM(SUBSTITUTE(SUBSTITUTE($I28,CHAR(160)," "),_xludf.UNICHAR(8239)," ")))="female", LOWER(TRIM(SUBSTITUTE(SUBSTITUTE($I28,CHAR(160)," "),_xludf.UNICHAR(8239)," ")))="f", LOWER(TRIM(SUBSTITUTE(SUBSTITUTE($I28,CHAR(160)," "),_xludf.UNICHAR(8239)," ")))="females"), "female", "")) -> #NAME? | K28: 598605330 | L28: Alnussirat | M28: Widowed | N28: No | P28: Displaced | Q28: FM- CD | X28: =IF(E28="","",UPPER(LEFT($C$3,1)&"-"&LEFT($C$4,1)&"-"&TEXT(ROW(B21),"000")&"-"&TEXT(C28,"dd-mm"))) -> --021-29-03 | Y28: =TRIM(SUBSTITUTE(SUBSTITUTE(OFFSET($Q28,0,COLUMN()-COLUMN($AL$1)),CHAR(160)," "),_xludf.UNICHAR(8239)," ")) -> #NAME? | Z28: =TRIM(SUBSTITUTE(SUBSTITUTE(OFFSET($Q28,0,COLUMN()-COLUMN($AL$1)),CHAR(160)," "),_xludf.UNICHAR(8239)," ")) -> #NAME? | AA28: =TRIM(SUBSTITUTE(SUBSTITUTE(OFFSET($Q28,0,COLUMN()-COLUMN($AL$1)),CHAR(160)," "),_xludf.UNICHAR(8239)," ")) -> #NAME? | AB28: =TRIM(SUBSTITUTE(SUBSTITUTE(OFFSET($Q28,0,COLUMN()-COLUMN($AL$1)),CHAR(160)," "),_xludf.UNICHAR(8239)," ")) -> #NAME? | AC28: =TRIM(SUBSTITUTE(SUBSTITUTE(OFFSET($Q28,0,COLUMN()-COLUMN($AL$1)),CHAR(160)," "),_xludf.UNICHAR(8239)," ")) -> #NAME? | AD28: =IF($E28="",0,--(COUNTIFS($E:$E,$E28,$C:$C,">"&$C28)+COUNTIFS($E$8:E28,$E28,$C$8:C28,$C28)=1)) -> 1 | AE28: =IF($C28="","",TEXT($C28,"yyyy-mm")) -> 2026-03 | AF28: =IF(OR($E28="",$AE28=""),0,IF(COUNTIFS($E$8:E28,$E28,$AE$8:AE28,$AE28)=1,1,0)) -> 1 | AG28: =IF($E28="",0,IF(COUNTIF($E$8:E28,$E28)=1,1,0)) -> 1
A29: 22 | B29: نرمين واىل يوسف الاعرج | C29: 46110 | D29: {=IFERROR( LOOKUP(2, 1/((TRIM(IMS!$E$8:$E$4000)=TRIM(IMS!$E29))*(IMS!$C$8:$C$4000<IMS!$C29)), IMS!$C$8:$C$4000), "")} | E29: 403670334 | F29: 34254 | G29: 33 | H29: =IF(G29="","",IF(G29<=5,"0-5",IF(G29<=18,"6-18",IF(G29<=60,"19-60","+60")))) -> 19-60 | I29: FEMALE | J29: =IF(OR(LOWER(TRIM(SUBSTITUTE(SUBSTITUTE($I29,CHAR(160)," "),_xludf.UNICHAR(8239)," ")))="male", LOWER(TRIM(SUBSTITUTE(SUBSTITUTE($I29,CHAR(160)," "),_xludf.UNICHAR(8239)," ")))="m", LOWER(TRIM(SUBSTITUTE(SUBSTITUTE($I29,CHAR(160)," "),_xludf.UNICHAR(8239)," ")))="males"), "male", IF(OR(LOWER(TRIM(SUBSTITUTE(SUBSTITUTE($I29,CHAR(160)," "),_xludf.UNICHAR(8239)," ")))="female", LOWER(TRIM(SUBSTITUTE(SUBSTITUTE($I29,CHAR(160)," "),_xludf.UNICHAR(8239)," ")))="f", LOWER(TRIM(SUBSTITUTE(SUBSTITUTE($I29,CHAR(160)," "),_xludf.UNICHAR(8239)," ")))="females"), "female", "")) -> #NAME? | K29: 595756106 | L29: Alnussirat | M29: Married | N29: No | P29: Displaced | R29: GYN | X29: =IF(E29="","",UPPER(LEFT($C$3,1)&"-"&LEFT($C$4,1)&"-"&TEXT(ROW(B22),"000")&"-"&TEXT(C29,"dd-mm"))) -> --022-29-03 | Y29: =TRIM(SUBSTITUTE(SUBSTITUTE(OFFSET($Q29,0,COLUMN()-COLUMN($AL$1)),CHAR(160)," "),_xludf.UNICHAR(8239)," ")) -> #NAME? | Z29: =TRIM(SUBSTITUTE(SUBSTITUTE(OFFSET($Q29,0,COLUMN()-COLUMN($AL$1)),CHAR(160)," "),_xludf.UNICHAR(8239)," ")) -> #NAME? | AA29: =TRIM(SUBSTITUTE(SUBSTITUTE(OFFSET($Q29,0,COLUMN()-COLUMN($AL$1)),CHAR(160)," "),_xludf.UNICHAR(8239)," ")) -> #NAME? | AB29: =TRIM(SUBSTITUTE(SUBSTITUTE(OFFSET($Q29,0,COLUMN()-COLUMN($AL$1)),CHAR(160)," "),_xludf.UNICHAR(8239)," ")) -> #NAME? | AC29: =TRIM(SUBSTITUTE(SUBSTITUTE(OFFSET($Q29,0,COLUMN()-COLUMN($AL$1)),CHAR(160)," "),_xludf.UNICHAR(8239)," ")) -> #NAME? | AD29: =IF($E29="",0,--(COUNTIFS($E:$E,$E29,$C:$C,">"&$C29)+COUNTIFS($E$8:E29,$E29,$C$8:C29,$C29)=1)) -> 0 | AE29: =IF($C29="","",TEXT($C29,"yyyy-mm")) -> 2026-03 | AF29: =IF(OR($E29="",$AE29=""),0,IF(COUNTIFS($E$8:E29,$E29,$AE$8:AE29,$AE29)=1,1,0)) -> 1 | AG29: =IF($E29="",0,IF(COUNTIF($E$8:E29,$E29)=1,1,0)) -> 1
A30: 23 | B30: شهد راىد سعد صيام | C30: 46110 | D30: {=IFERROR( LOOKUP(2, 1/((TRIM(IMS!$E$8:$E$4000)=TRIM(IMS!$E30))*(IMS!$C$8:$C$4000<IMS!$C30)), IMS!$C$8:$C$4000), "")} | E30: 421063199 | F30: 38418 | G30: 21 | H30: =IF(G30="","",IF(G30<=5,"0-5",IF(G30<=18,"6-18",IF(G30<=60,"19-60","+60")))) -> 19-60 | I30: FEMALE | J30: =IF(OR(LOWER(TRIM(SUBSTITUTE(SUBSTITUTE($I30,CHAR(160)," "),_xludf.UNICHAR(8239)," ")))="male", LOWER(TRIM(SUBSTITUTE(SUBSTITUTE($I30,CHAR(160)," "),_xludf.UNICHAR(8239)," ")))="m", LOWER(TRIM(SUBSTITUTE(SUBSTITUTE($I30,CHAR(160)," "),_xludf.UNICHAR(8239)," ")))="males"), "male", IF(OR(LOWER(TRIM(SUBSTITUTE(SUBSTITUTE($I30,CHAR(160)," "),_xludf.UNICHAR(8239)," ")))="female", LOWER(TRIM(SUBSTITUTE(SUBSTITUTE($I30,CHAR(160)," "),_xludf.UNICHAR(8239)," ")))="f", LOWER(TRIM(SUBSTITUTE(SUBSTITUTE($I30,CHAR(160)," "),_xludf.UNICHAR(8239)," ")))="females"), "female", "")) -> #NAME? | K30: 597654109 | L30: Alnussirat | M30: Married | N30: No | P30: Displaced | R30: ANC | X30: =IF(E30="","",UPPER(LEFT($C$3,1)&"-"&LEFT($C$4,1)&"-"&TEXT(ROW(B23),"000")&"-"&TEXT(C30,"dd-mm"))) -> --023-29-03 | Y30: =TRIM(SUBSTITUTE(SUBSTITUTE(OFFSET($Q30,0,COLUMN()-COLUMN($AL$1)),CHAR(160)," "),_xludf.UNICHAR(8239)," ")) -> #NAME? | Z30: =TRIM(SUBSTITUTE(SUBSTITUTE(OFFSET($Q30,0,COLUMN()-COLUMN($AL$1)),CHAR(160)," "),_xludf.UNICHAR(8239)," ")) -> #NAME? | AA30: =TRIM(SUBSTITUTE(SUBSTITUTE(OFFSET($Q30,0,COLUMN()-COLUMN($AL$1)),CHAR(160)," "),_xludf.UNICHAR(8239)," ")) -> #NAME? | AB30: =TRIM(SUBSTITUTE(SUBSTITUTE(OFFSET($Q30,0,COLUMN()-COLUMN($AL$1)),CHAR(160)," "),_xludf.UNICHAR(8239)," ")) -> #NAME? | AC30: =TRIM(SUBSTITUTE(SUBSTITUTE(OFFSET($Q30,0,COLUMN()-COLUMN($AL$1)),CHAR(160)," "),_xludf.UNICHAR(8239)," ")) -> #NAME? | AD30: =IF($E30="",0,--(COUNTIFS($E:$E,$E30,$C:$C,">"&$C30)+COUNTIFS($E$8:E30,$E30,$C$8:C30,$C30)=1)) -> 1 | AE30: =IF($C30="","",TEXT($C30,"yyyy-mm")) -> 2026-03 | AF30: =IF(OR($E30="",$AE30=""),0,IF(COUNTIFS($E$8:E30,$E30,$AE$8:AE30,$AE30)=1,1,0)) -> 1 | AG30: =IF($E30="",0,IF(COUNTIF($E$8:E30,$E30)=1,1,0)) -> 1
A31: 24 | B31: هالة عماد محمود العمرانى | C31: 46110 | D31: {=IFERROR( LOOKUP(2, 1/((TRIM(IMS!$E$8:$E$4000)=TRIM(IMS!$E31))*(IMS!$C$8:$C$4000<IMS!$C31)), IMS!$C$8:$C$4000), "")} | E31: 801519380 | F31: 32036 | G31: 39 | H31: =IF(G31="","",IF(G31<=5,"0-5",IF(G31<=18,"6-18",IF(G31<=60,"19-60","+60")))) -> 19-60 | I31: FEMALE | J31: =IF(OR(LOWER(TRIM(SUBSTITUTE(SUBSTITUTE($I31,CHAR(160)," "),_xludf.UNICHAR(8239)," ")))="male", LOWER(TRIM(SUBSTITUTE(SUBSTITUTE($I31,CHAR(160)," "),_xludf.UNICHAR(8239)," ")))="m", LOWER(TRIM(SUBSTITUTE(SUBSTITUTE($I31,CHAR(160)," "),_xludf.UNICHAR(8239)," ")))="males"), "male", IF(OR(LOWER(TRIM(SUBSTITUTE(SUBSTITUTE($I31,CHAR(160)," "),_xludf.UNICHAR(8239)," ")))="female", LOWER(TRIM(SUBSTITUTE(SUBSTITUTE($I31,CHAR(160)," "),_xludf.UNICHAR(8239)," ")))="f", LOWER(TRIM(SUBSTITUTE(SUBSTITUTE($I31,CHAR(160)," "),_xludf.UNICHAR(8239)," ")))="females"), "female", "")) -> #NAME? | K31: 592894497 | L31: Alnussirat | M31: Married | N31: No | P31: Displaced | Q31: FM- CD | X31: =IF(E31="","",UPPER(LEFT($C$3,1)&"-"&LEFT($C$4,1)&"-"&TEXT(ROW(B24),"000")&"-"&TEXT(C31,"dd-mm"))) -> --024-29-03 | Y31: =TRIM(SUBSTITUTE(SUBSTITUTE(OFFSET($Q31,0,COLUMN()-COLUMN($AL$1)),CHAR(160)," "),_xludf.UNICHAR(8239)," ")) -> #NAME? | Z31: =TRIM(SUBSTITUTE(SUBSTITUTE(OFFSET($Q31,0,COLUMN()-COLUMN($AL$1)),CHAR(160)," "),_xludf.UNICHAR(8239)," ")) -> #NAME? | AA31: =TRIM(SUBSTITUTE(SUBSTITUTE(OFFSET($Q31,0,COLUMN()-COLUMN($AL$1)),CHAR(160)," "),_xludf.UNICHAR(8239)," ")) -> #NAME? | AB31: =TRIM(SUBSTITUTE(SUBSTITUTE(OFFSET($Q31,0,COLUMN()-COLUMN($AL$1)),CHAR(160)," "),_xludf.UNICHAR(8239)," ")) -> #NAME? | AC31: =TRIM(SUBSTITUTE(SUBSTITUTE(OFFSET($Q31,0,COLUMN()-COLUMN($AL$1)),CHAR(160)," "),_xludf.UNICHAR(8239)," ")) -> #NAME? | AD31: =IF($E31="",0,--(COUNTIFS($E:$E,$E31,$C:$C,">"&$C31)+COUNTIFS($E$8:E31,$E31,$C$8:C31,$C31)=1)) -> 0 | AE31: =IF($C31="","",TEXT($C31,"yyyy-mm")) -> 2026-03 | AF31: =IF(OR($E31="",$AE31=""),0,IF(COUNTIFS($E$8:E31,$E31,$AE$8:AE31,$AE31)=1,1,0)) -> 1 | AG31: =IF($E31="",0,IF(COUNTIF($E$8:E31,$E31)=1,1,0)) -> 1
A32: 25 | B32: قمر محمد ابراهيم الكفارة | C32: 46110 | D32: {=IFERROR( LOOKUP(2, 1/((TRIM(IMS!$E$8:$E$4000)=TRIM(IMS!$E32))*(IMS!$C$8:$C$4000<IMS!$C32)), IMS!$C$8:$C$4000), "")} | E32: 400953782 | F32: 35097 | G32: 30 | H32: =IF(G32="","",IF(G32<=5,"0-5",IF(G32<=18,"6-18",IF(G32<=60,"19-60","+60")))) -> 19-60 | I32: FEMALE | J32: =IF(OR(LOWER(TRIM(SUBSTITUTE(SUBSTITUTE($I32,CHAR(160)," "),_xludf.UNICHAR(8239)," ")))="male", LOWER(TRIM(SUBSTITUTE(SUBSTITUTE($I32,CHAR(160)," "),_xludf.UNICHAR(8239)," ")))="m", LOWER(TRIM(SUBSTITUTE(SUBSTITUTE($I32,CHAR(160)," "),_xludf.UNICHAR(8239)," ")))="males"), "male", IF(OR(LOWER(TRIM(SUBSTITUTE(SUBSTITUTE($I32,CHAR(160)," "),_xludf.UNICHAR(8239)," ")))="female", LOWER(TRIM(SUBSTITUTE(SUBSTITUTE($I32,CHAR(160)," "),_xludf.UNICHAR(8239)," ")))="f", LOWER(TRIM(SUBSTITUTE(SUBSTITUTE($I32,CHAR(160)," "),_xludf.UNICHAR(8239)," ")))="females"), "female", "")) -> #NAME? | K32: 592574605 | L32: Alnussirat | M32: Married | N32: No | P32: Displaced | R32: ANC | X32: =IF(E32="","",UPPER(LEFT($C$3,1)&"-"&LEFT($C$4,1)&"-"&TEXT(ROW(B25),"000")&"-"&TEXT(C32,"dd-mm"))) -> --025-29-03 | Y32: =TRIM(SUBSTITUTE(SUBSTITUTE(OFFSET($Q32,0,COLUMN()-COLUMN($AL$1)),CHAR(160)," "),_xludf.UNICHAR(8239)," ")) -> #NAME? | Z32: =TRIM(SUBSTITUTE(SUBSTITUTE(OFFSET($Q32,0,COLUMN()-COLUMN($AL$1)),CHAR(160)," "),_xludf.UNICHAR(8239)," ")) -> #NAME? | AA32: =TRIM(SUBSTITUTE(SUBSTITUTE(OFFSET($Q32,0,COLUMN()-COLUMN($AL$1)),CHAR(160)," "),_xludf.UNICHAR(8239)," ")) -> #NAME? | AB32: =TRIM(SUBSTITUTE(SUBSTITUTE(OFFSET($Q32,0,COLUMN()-COLUMN($AL$1)),CHAR(160)," "),_xludf.UNICHAR(8239)," ")) -> #NAME? | AC32: =TRIM(SUBSTITUTE(SUBSTITUTE(OFFSET($Q32,0,COLUMN()-COLUMN($AL$1)),CHAR(160)," "),_xludf.UNICHAR(8239)," ")) -> #NAME? | AD32: =IF($E32="",0,--(COUNTIFS($E:$E,$E32,$C:$C,">"&$C32)+COUNTIFS($E$8:E32,$E32,$C$8:C32,$C32)=1)) -> 0 | AE32: =IF($C32="","",TEXT($C32,"yyyy-mm")) -> 2026-03 | AF32: =IF(OR($E32="",$AE32=""),0,IF(COUNTIFS($E$8:E32,$E32,$AE$8:AE32,$AE32)=1,1,0)) -> 1 | AG32: =IF($E32="",0,IF(COUNTIF($E$8:E32,$E32)=1,1,0)) -> 1
A33: 26 | B33: شهد اكرم رياض قرضاية | C33: 46110 | D33: {=IFERROR( LOOKUP(2, 1/((TRIM(IMS!$E$8:$E$4000)=TRIM(IMS!$E33))*(IMS!$C$8:$C$4000<IMS!$C33)), IMS!$C$8:$C$4000), "")} | E33: 408480358 | F33: 37822 | G33: 23 | H33: =IF(G33="","",IF(G33<=5,"0-5",IF(G33<=18,"6-18",IF(G33<=60,"19-60","+60")))) -> 19-60 | I33: FEMALE | J33: =IF(OR(LOWER(TRIM(SUBSTITUTE(SUBSTITUTE($I33,CHAR(160)," "),_xludf.UNICHAR(8239)," ")))="male", LOWER(TRIM(SUBSTITUTE(SUBSTITUTE($I33,CHAR(160)," "),_xludf.UNICHAR(8239)," ")))="m", LOWER(TRIM(SUBSTITUTE(SUBSTITUTE($I33,CHAR(160)," "),_xludf.UNICHAR(8239)," ")))="males"), "male", IF(OR(LOWER(TRIM(SUBSTITUTE(SUBSTITUTE($I33,CHAR(160)," "),_xludf.UNICHAR(8239)," ")))="female", LOWER(TRIM(SUBSTITUTE(SUBSTITUTE($I33,CHAR(160)," "),_xludf.UNICHAR(8239)," ")))="f", LOWER(TRIM(SUBSTITUTE(SUBSTITUTE($I33,CHAR(160)," "),_xludf.UNICHAR(8239)," ")))="females"), "female", "")) -> #NAME? | K33: 592581573 | L33: Alnussirat | M33: Single | N33: No | P33: Displaced | Q33: FM- CD | X33: =IF(E33="","",UPPER(LEFT($C$3,1)&"-"&LEFT($C$4,1)&"-"&TEXT(ROW(B26),"000")&"-"&TEXT(C33,"dd-mm"))) -> --026-29-03 | Y33: =TRIM(SUBSTITUTE(SUBSTITUTE(OFFSET($Q33,0,COLUMN()-COLUMN($AL$1)),CHAR(160)," "),_xludf.UNICHAR(8239)," ")) -> #NAME? | Z33: =TRIM(SUBSTITUTE(SUBSTITUTE(OFFSET($Q33,0,COLUMN()-COLUMN($AL$1)),CHAR(160)," "),_xludf.UNICHAR(8239)," ")) -> #NAME? | AA33: =TRIM(SUBSTITUTE(SUBSTITUTE(OFFSET($Q33,0,COLUMN()-COLUMN($AL$1)),CHAR(160)," "),_xludf.UNICHAR(8239)," ")) -> #NAME? | AB33: =TRIM(SUBSTITUTE(SUBSTITUTE(OFFSET($Q33,0,COLUMN()-COLUMN($AL$1)),CHAR(160)," "),_xludf.UNICHAR(8239)," ")) -> #NAME? | AC33: =TRIM(SUBSTITUTE(SUBSTITUTE(OFFSET($Q33,0,COLUMN()-COLUMN($AL$1)),CHAR(160)," "),_xludf.UNICHAR(8239)," ")) -> #NAME? | AD33: =IF($E33="",0,--(COUNTIFS($E:$E,$E33,$C:$C,">"&$C33)+COUNTIFS($E$8:E33,$E33,$C$8:C33,$C33)=1)) -> 1 | AE33: =IF($C33="","",TEXT($C33,"yyyy-mm")) -> 2026-03 | AF33: =IF(OR($E33="",$AE33=""),0,IF(COUNTIFS($E$8:E33,$E33,$AE$8:AE33,$AE33)=1,1,0)) -> 1 | AG33: =IF($E33="",0,IF(COUNTIF($E$8:E33,$E33)=1,1,0)) -> 1
A34: 27 | B34: حسن جبريل احمد قرضاية | C34: 46110 | D34: {=IFERROR( LOOKUP(2, 1/((TRIM(IMS!$E$8:$E$4000)=TRIM(IMS!$E34))*(IMS!$C$8:$C$4000<IMS!$C34)), IMS!$C$8:$C$4000), "")} | E34: 926952045 | F34: 19004 | G34: 74 | H34: =IF(G34="","",IF(G34<=5,"0-5",IF(G34<=18,"6-18",IF(G34<=60,"19-60","+60")))) -> +60 | I34: FEMALE | J34: =IF(OR(LOWER(TRIM(SUBSTITUTE(SUBSTITUTE($I34,CHAR(160)," "),_xludf.UNICHAR(8239)," ")))="male", LOWER(TRIM(SUBSTITUTE(SUBSTITUTE($I34,CHAR(160)," "),_xludf.UNICHAR(8239)," ")))="m", LOWER(TRIM(SUBSTITUTE(SUBSTITUTE($I34,CHAR(160)," "),_xludf.UNICHAR(8239)," ")))="males"), "male", IF(OR(LOWER(TRIM(SUBSTITUTE(SUBSTITUTE($I34,CHAR(160)," "),_xludf.UNICHAR(8239)," ")))="female", LOWER(TRIM(SUBSTITUTE(SUBSTITUTE($I34,CHAR(160)," "),_xludf.UNICHAR(8239)," ")))="f", LOWER(TRIM(SUBSTITUTE(SUBSTITUTE($I34,CHAR(160)," "),_xludf.UNICHAR(8239)," ")))="females"), "female", "")) -> #NAME? | K34: 599260878 | L34: Alnussirat | M34: Widowed | N34: No | P34: Displaced | Q34: FM- NCD | X34: =IF(E34="","",UPPER(LEFT($C$3,1)&"-"&LEFT($C$4,1)&"-"&TEXT(ROW(B27),"000")&"-"&TEXT(C34,"dd-mm"))) -> --027-29-03 | Y34: =TRIM(SUBSTITUTE(SUBSTITUTE(OFFSET($Q36,0,COLUMN()-COLUMN($AL$1)),CHAR(160)," "),_xludf.UNICHAR(8239)," ")) -> #NAME? | Z34: =TRIM(SUBSTITUTE(SUBSTITUTE(OFFSET($Q36,0,COLUMN()-COLUMN($AL$1)),CHAR(160)," "),_xludf.UNICHAR(8239)," ")) -> #NAME? | AA34: =TRIM(SUBSTITUTE(SUBSTITUTE(OFFSET($Q36,0,COLUMN()-COLUMN($AL$1)),CHAR(160)," "),_xludf.UNICHAR(8239)," ")) -> #NAME? | AB34: =TRIM(SUBSTITUTE(SUBSTITUTE(OFFSET($Q36,0,COLUMN()-COLUMN($AL$1)),CHAR(160)," "),_xludf.UNICHAR(8239)," ")) -> #NAME? | AC34: =TRIM(SUBSTITUTE(SUBSTITUTE(OFFSET($Q36,0,COLUMN()-COLUMN($AL$1)),CHAR(160)," "),_xludf.UNICHAR(8239)," ")) -> #NAME? | AD34: =IF($E34="",0,--(COUNTIFS($E:$E,$E34,$C:$C,">"&$C34)+COUNTIFS($E$8:E34,$E34,$C$8:C34,$C34)=1)) -> 1 | AE34: =IF($C34="","",TEXT($C34,"yyyy-mm")) -> 2026-03 | AF34: =IF(OR($E34="",$AE34=""),0,IF(COUNTIFS($E$8:E34,$E34,$AE$8:AE34,$AE34)=1,1,0)) -> 1 | AG34: =IF($E34="",0,IF(COUNTIF($E$8:E34,$E34)=1,1,0)) -> 1
A35: 28 | B35: كندا محمد فؤاد الحلبى | C35: 46110 | D35: {=IFERROR( LOOKUP(2, 1/((TRIM(IMS!$E$8:$E$4000)=TRIM(IMS!$E35))*(IMS!$C$8:$C$4000<IMS!$C35)), IMS!$C$8:$C$4000), "")} | E35: 443104294 | F35: 43974 | G35: 6 | H35: =IF(G35="","",IF(G35<=5,"0-5",IF(G35<=18,"6-18",IF(G35<=60,"19-60","+60")))) -> 6-18 | I35: FEMALE | J35: =IF(OR(LOWER(TRIM(SUBSTITUTE(SUBSTITUTE($I35,CHAR(160)," "),_xludf.UNICHAR(8239)," ")))="male", LOWER(TRIM(SUBSTITUTE(SUBSTITUTE($I35,CHAR(160)," "),_xludf.UNICHAR(8239)," ")))="m", LOWER(TRIM(SUBSTITUTE(SUBSTITUTE($I35,CHAR(160)," "),_xludf.UNICHAR(8239)," ")))="males"), "male", IF(OR(LOWER(TRIM(SUBSTITUTE(SUBSTITUTE($I35,CHAR(160)," "),_xludf.UNICHAR(8239)," ")))="female", LOWER(TRIM(SUBSTITUTE(SUBSTITUTE($I35,CHAR(160)," "),_xludf.UNICHAR(8239)," ")))="f", LOWER(TRIM(SUBSTITUTE(SUBSTITUTE($I35,CHAR(160)," "),_xludf.UNICHAR(8239)," ")))="females"), "female", "")) -> #NAME? | K35: 597152085 | L35: Alnussirat | M35: N/A | N35: No | P35: Displaced | Q35: FM- CD | X35: =IF(E35="","",UPPER(LEFT($C$3,1)&"-"&LEFT($C$4,1)&"-"&TEXT(ROW(B28),"000")&"-"&TEXT(C35,"dd-mm"))) -> --028-29-03 | Y35: =TRIM(SUBSTITUTE(SUBSTITUTE(OFFSET($Q35,0,COLUMN()-COLUMN($AL$1)),CHAR(160)," "),_xludf.UNICHAR(8239)," ")) -> #NAME? | Z35: =TRIM(SUBSTITUTE(SUBSTITUTE(OFFSET($Q35,0,COLUMN()-COLUMN($AL$1)),CHAR(160)," "),_xludf.UNICHAR(8239)," ")) -> #NAME? | AA35: =TRIM(SUBSTITUTE(SUBSTITUTE(OFFSET($Q35,0,COLUMN()-COLUMN($AL$1)),CHAR(160)," "),_xludf.UNICHAR(8239)," ")) -> #NAME? | AB35: =TRIM(SUBSTITUTE(SUBSTITUTE(OFFSET($Q35,0,COLUMN()-COLUMN($AL$1)),CHAR(160)," "),_xludf.UNICHAR(8239)," ")) -> #NAME? | AC35: =TRIM(SUBSTITUTE(SUBSTITUTE(OFFSET($Q35,0,COLUMN()-COLUMN($AL$1)),CHAR(160)," "),_xludf.UNICHAR(8239)," ")) -> #NAME? | AD35: =IF($E35="",0,--(COUNTIFS($E:$E,$E35,$C:$C,">"&$C35)+COUNTIFS($E$8:E35,$E35,$C$8:C35,$C35)=1)) -> 0 | AE35: =IF($C35="","",TEXT($C35,"yyyy-mm")) -> 2026-03 | AF35: =IF(OR($E35="",$AE35=""),0,IF(COUNTIFS($E$8:E35,$E35,$AE$8:AE35,$AE35)=1,1,0)) -> 1 | AG35: =IF($E35="",0,IF(COUNTIF($E$8:E35,$E35)=1,1,0)) -> 1
A36: 29 | B36: الهام محمد احمد شاهين | C36: 46110 | D36: {=IFERROR( LOOKUP(2, 1/((TRIM(IMS!$E$8:$E$4000)=TRIM(IMS!$E36))*(IMS!$C$8:$C$4000<IMS!$C36)), IMS!$C$8:$C$4000), "")} | E36: 803892298 | F36: 34673 | G36: 32 | H36: =IF(G36="","",IF(G36<=5,"0-5",IF(G36<=18,"6-18",IF(G36<=60,"19-60","+60")))) -> 19-60 | I36: FEMALE | J36: =IF(OR(LOWER(TRIM(SUBSTITUTE(SUBSTITUTE($I36,CHAR(160)," "),_xludf.UNICHAR(8239)," ")))="male", LOWER(TRIM(SUBSTITUTE(SUBSTITUTE($I36,CHAR(160)," "),_xludf.UNICHAR(8239)," ")))="m", LOWER(TRIM(SUBSTITUTE(SUBSTITUTE($I36,CHAR(160)," "),_xludf.UNICHAR(8239)," ")))="males"), "male", IF(OR(LOWER(TRIM(SUBSTITUTE(SUBSTITUTE($I36,CHAR(160)," "),_xludf.UNICHAR(8239)," ")))="female", LOWER(TRIM(SUBSTITUTE(SUBSTITUTE($I36,CHAR(160)," "),_xludf.UNICHAR(8239)," ")))="f", LOWER(TRIM(SUBSTITUTE(SUBSTITUTE($I36,CHAR(160)," "),_xludf.UNICHAR(8239)," ")))="females"), "female", "")) -> #NAME? | K36: 597152085 | L36: Alnussirat | M36: Married | N36: No | P36: Displaced | Q36: FM- CD | X36: =IF(E36="","",UPPER(LEFT($C$3,1)&"-"&LEFT($C$4,1)&"-"&TEXT(ROW(B29),"000")&"-"&TEXT(C36,"dd-mm"))) -> --029-29-03 | Y36: =TRIM(SUBSTITUTE(SUBSTITUTE(OFFSET(#REF!,0,COLUMN()-COLUMN($AL$1)),CHAR(160)," "),_xludf.UNICHAR(8239)," ")) -> #REF! | Z36: =TRIM(SUBSTITUTE(SUBSTITUTE(OFFSET(#REF!,0,COLUMN()-COLUMN($AL$1)),CHAR(160)," "),_xludf.UNICHAR(8239)," ")) -> #REF! | AA36: =TRIM(SUBSTITUTE(SUBSTITUTE(OFFSET(#REF!,0,COLUMN()-COLUMN($AL$1)),CHAR(160)," "),_xludf.UNICHAR(8239)," ")) -> #REF! | AB36: =TRIM(SUBSTITUTE(SUBSTITUTE(OFFSET(#REF!,0,COLUMN()-COLUMN($AL$1)),CHAR(160)," "),_xludf.UNICHAR(8239)," ")) -> #REF! | AC36: =TRIM(SUBSTITUTE(SUBSTITUTE(OFFSET(#REF!,0,COLUMN()-COLUMN($AL$1)),CHAR(160)," "),_xludf.UNICHAR(8239)," ")) -> #REF! | AD36: =IF($E36="",0,--(COUNTIFS($E:$E,$E36,$C:$C,">"&$C36)+COUNTIFS($E$8:E36,$E36,$C$8:C36,$C36)=1)) -> 0 | AE36: =IF($C36="","",TEXT($C36,"yyyy-mm")) -> 2026-03 | AF36: =IF(OR($E36="",$AE36=""),0,IF(COUNTIFS($E$8:E36,$E36,$AE$8:AE36,$AE36)=1,1,0)) -> 1 | AG36: =IF($E36="",0,IF(COUNTIF($E$8:E36,$E36)=1,1,0)) -> 1
A37: 30 | B37: ريم جميل احمد الزعانين | C37: 46110 | D37: {=IFERROR( LOOKUP(2, 1/((TRIM(IMS!$E$8:$E$4000)=TRIM(IMS!$E37))*(IMS!$C$8:$C$4000<IMS!$C37)), IMS!$C$8:$C$4000), "")} | E37: 400650644 | F37: 35304 | G37: 30 | H37: =IF(G37="","",IF(G37<=5,"0-5",IF(G37<=18,"6-18",IF(G37<=60,"19-60","+60")))) -> 19-60 | I37: FEMALE | J37: =IF(OR(LOWER(TRIM(SUBSTITUTE(SUBSTITUTE($I37,CHAR(160)," "),_xludf.UNICHAR(8239)," ")))="male", LOWER(TRIM(SUBSTITUTE(SUBSTITUTE($I37,CHAR(160)," "),_xludf.UNICHAR(8239)," ")))="m", LOWER(TRIM(SUBSTITUTE(SUBSTITUTE($I37,CHAR(160)," "),_xludf.UNICHAR(8239)," ")))="males"), "male", IF(OR(LOWER(TRIM(SUBSTITUTE(SUBSTITUTE($I37,CHAR(160)," "),_xludf.UNICHAR(8239)," ")))="female", LOWER(TRIM(SUBSTITUTE(SUBSTITUTE($I37,CHAR(160)," "),_xludf.UNICHAR(8239)," ")))="f", LOWER(TRIM(SUBSTITUTE(SUBSTITUTE($I37,CHAR(160)," "),_xludf.UNICHAR(8239)," ")))="females"), "female", "")) -> #NAME? | K37: 595901415 | L37: Alnussirat | M37: Married | N37: No | P37: Displaced | R37: ANC | X37: =IF(E37="","",UPPER(LEFT($C$3,1)&"-"&LEFT($C$4,1)&"-"&TEXT(ROW(B30),"000")&"-"&TEXT(C37,"dd-mm"))) -> --030-29-03 | Y37: =TRIM(SUBSTITUTE(SUBSTITUTE(OFFSET($Q37,0,COLUMN()-COLUMN($AL$1)),CHAR(160)," "),_xludf.UNICHAR(8239)," ")) -> #NAME? | Z37: =TRIM(SUBSTITUTE(SUBSTITUTE(OFFSET($Q37,0,COLUMN()-COLUMN($AL$1)),CHAR(160)," "),_xludf.UNICHAR(8239)," ")) -> #NAME? | AA37: =TRIM(SUBSTITUTE(SUBSTITUTE(OFFSET($Q37,0,COLUMN()-COLUMN($AL$1)),CHAR(160)," "),_xludf.UNICHAR(8239)," ")) -> #NAME? | AB37: =TRIM(SUBSTITUTE(SUBSTITUTE(OFFSET($Q37,0,COLUMN()-COLUMN($AL$1)),CHAR(160)," "),_xludf.UNICHAR(8239)," ")) -> #NAME? | AC37: =TRIM(SUBSTITUTE(SUBSTITUTE(OFFSET($Q37,0,COLUMN()-COLUMN($AL$1)),CHAR(160)," "),_xludf.UNICHAR(8239)," ")) -> #NAME? | AD37: =IF($E37="",0,--(COUNTIFS($E:$E,$E37,$C:$C,">"&$C37)+COUNTIFS($E$8:E37,$E37,$C$8:C37,$C37)=1)) -> 1 | AE37: =IF($C37="","",TEXT($C37,"yyyy-mm")) -> 2026-03 | AF37: =IF(OR($E37="",$AE37=""),0,IF(COUNTIFS($E$8:E37,$E37,$AE$8:AE37,$AE37)=1,1,0)) -> 1 | AG37: =IF($E37="",0,IF(COUNTIF($E$8:E37,$E37)=1,1,0)) -> 1
A38: 31 | B38: تحرير حسام حسن الحلو | C38: 46110 | D38: {=IFERROR( LOOKUP(2, 1/((TRIM(IMS!$E$8:$E$4000)=TRIM(IMS!$E38))*(IMS!$C$8:$C$4000<IMS!$C38)), IMS!$C$8:$C$4000), "")} | E38: 407825454 | F38: 37356 | G38: 24 | H38: =IF(G38="","",IF(G38<=5,"0-5",IF(G38<=18,"6-18",IF(G38<=60,"19-60","+60")))) -> 19-60 | I38: FEMALE | J38: =IF(OR(LOWER(TRIM(SUBSTITUTE(SUBSTITUTE($I38,CHAR(160)," "),_xludf.UNICHAR(8239)," ")))="male", LOWER(TRIM(SUBSTITUTE(SUBSTITUTE($I38,CHAR(160)," "),_xludf.UNICHAR(8239)," ")))="m", LOWER(TRIM(SUBSTITUTE(SUBSTITUTE($I38,CHAR(160)," "),_xludf.UNICHAR(8239)," ")))="males"), "male", IF(OR(LOWER(TRIM(SUBSTITUTE(SUBSTITUTE($I38,CHAR(160)," "),_xludf.UNICHAR(8239)," ")))="female", LOWER(TRIM(SUBSTITUTE(SUBSTITUTE($I38,CHAR(160)," "),_xludf.UNICHAR(8239)," ")))="f", LOWER(TRIM(SUBSTITUTE(SUBSTITUTE($I38,CHAR(160)," "),_xludf.UNICHAR(8239)," ")))="females"), "female", "")) -> #NAME? | K38: 592366286 | L38: Alnussirat | M38: Married | N38: No | P38: Displaced | Q38: FM- CD | X38: =IF(E38="","",UPPER(LEFT($C$3,1)&"-"&LEFT($C$4,1)&"-"&TEXT(ROW(B31),"000")&"-"&TEXT(C38,"dd-mm"))) -> --031-29-03 | Y38: =TRIM(SUBSTITUTE(SUBSTITUTE(OFFSET($Q38,0,COLUMN()-COLUMN($AL$1)),CHAR(160)," "),_xludf.UNICHAR(8239)," ")) -> #NAME? | Z38: =TRIM(SUBSTITUTE(SUBSTITUTE(OFFSET($Q38,0,COLUMN()-COLUMN($AL$1)),CHAR(160)," "),_xludf.UNICHAR(8239)," ")) -> #NAME? | AA38: =TRIM(SUBSTITUTE(SUBSTITUTE(OFFSET($Q38,0,COLUMN()-COLUMN($AL$1)),CHAR(160)," "),_xludf.UNICHAR(8239)," ")) -> #NAME? | AB38: =TRIM(SUBSTITUTE(SUBSTITUTE(OFFSET($Q38,0,COLUMN()-COLUMN($AL$1)),CHAR(160)," "),_xludf.UNICHAR(8239)," ")) -> #NAME? | AC38: =TRIM(SUBSTITUTE(SUBSTITUTE(OFFSET($Q38,0,COLUMN()-COLUMN($AL$1)),CHAR(160)," "),_xludf.UNICHAR(8239)," ")) -> #NAME? | AD38: =IF($E38="",0,--(COUNTIFS($E:$E,$E38,$C:$C,">"&$C38)+COUNTIFS($E$8:E38,$E38,$C$8:C38,$C38)=1)) -> 1 | AE38: =IF($C38="","",TEXT($C38,"yyyy-mm")) -> 2026-03 | AF38: =IF(OR($E38="",$AE38=""),0,IF(COUNTIFS($E$8:E38,$E38,$AE$8:AE38,$AE38)=1,1,0)) -> 1 | AG38: =IF($E38="",0,IF(COUNTIF($E$8:E38,$E38)=1,1,0)) -> 1
A39: 32 | B39: صبحى احمد حسن ناصر | C39: 46110 | D39: {=IFERROR( LOOKUP(2, 1/((TRIM(IMS!$E$8:$E$4000)=TRIM(IMS!$E39))*(IMS!$C$8:$C$4000<IMS!$C39)), IMS!$C$8:$C$4000), "")} | E39: 931486351 | F39: 22908 | G39: 64 | H39: =IF(G39="","",IF(G39<=5,"0-5",IF(G39<=18,"6-18",IF(G39<=60,"19-60","+60")))) -> +60 | I39: Male | J39: =IF(OR(LOWER(TRIM(SUBSTITUTE(SUBSTITUTE($I39,CHAR(160)," "),_xludf.UNICHAR(8239)," ")))="male", LOWER(TRIM(SUBSTITUTE(SUBSTITUTE($I39,CHAR(160)," "),_xludf.UNICHAR(8239)," ")))="m", LOWER(TRIM(SUBSTITUTE(SUBSTITUTE($I39,CHAR(160)," "),_xludf.UNICHAR(8239)," ")))="males"), "male", IF(OR(LOWER(TRIM(SUBSTITUTE(SUBSTITUTE($I39,CHAR(160)," "),_xludf.UNICHAR(8239)," ")))="female", LOWER(TRIM(SUBSTITUTE(SUBSTITUTE($I39,CHAR(160)," "),_xludf.UNICHAR(8239)," ")))="f", LOWER(TRIM(SUBSTITUTE(SUBSTITUTE($I39,CHAR(160)," "),_xludf.UNICHAR(8239)," ")))="females"), "female", "")) -> #NAME? | K39: 599633187 | L39: Alnussirat | M39: Married | N39: No | P39: Displaced | Q39: FM- CD | X39: =IF(E39="","",UPPER(LEFT($C$3,1)&"-"&LEFT($C$4,1)&"-"&TEXT(ROW(B32),"000")&"-"&TEXT(C39,"dd-mm"))) -> --032-29-03 | Y39: =TRIM(SUBSTITUTE(SUBSTITUTE(OFFSET($Q39,0,COLUMN()-COLUMN($AL$1)),CHAR(160)," "),_xludf.UNICHAR(8239)," ")) -> #NAME? | Z39: =TRIM(SUBSTITUTE(SUBSTITUTE(OFFSET($Q39,0,COLUMN()-COLUMN($AL$1)),CHAR(160)," "),_xludf.UNICHAR(8239)," ")) -> #NAME? | AA39: =TRIM(SUBSTITUTE(SUBSTITUTE(OFFSET($Q39,0,COLUMN()-COLUMN($AL$1)),CHAR(160)," "),_xludf.UNICHAR(8239)," ")) -> #NAME? | AB39: =TRIM(SUBSTITUTE(SUBSTITUTE(OFFSET($Q39,0,COLUMN()-COLUMN($AL$1)),CHAR(160)," "),_xludf.UNICHAR(8239)," ")) -> #NAME? | AC39: =TRIM(SUBSTITUTE(SUBSTITUTE(OFFSET($Q39,0,COLUMN()-COLUMN($AL$1)),CHAR(160)," "),_xludf.UNICHAR(8239)," ")) -> #NAME? | AD39: =IF($E39="",0,--(COUNTIFS($E:$E,$E39,$C:$C,">"&$C39)+COUNTIFS($E$8:E39,$E39,$C$8:C39,$C39)=1)) -> 1 | AE39: =IF($C39="","",TEXT($C39,"yyyy-mm")) -> 2026-03 | AF39: =IF(OR($E39="",$AE39=""),0,IF(COUNTIFS($E$8:E39,$E39,$AE$8:AE39,$AE39)=1,1,0)) -> 1 | AG39: =IF($E39="",0,IF(COUNTIF($E$8:E39,$E39)=1,1,0)) -> 1
A40: 33 | B40: ناهد نواف عبد الرحمان السيد | C40: 46110 | D40: {=IFERROR( LOOKUP(2, 1/((TRIM(IMS!$E$8:$E$4000)=TRIM(IMS!$E40))*(IMS!$C$8:$C$4000<IMS!$C40)), IMS!$C$8:$C$4000), "")} | E40: 906611397 | F40: 30383 | G40: 43 | H40: =IF(G40="","",IF(G40<=5,"0-5",IF(G40<=18,"6-18",IF(G40<=60,"19-60","+60")))) -> 19-60 | I40: FEMALE | J40: =IF(OR(LOWER(TRIM(SUBSTITUTE(SUBSTITUTE($I40,CHAR(160)," "),_xludf.UNICHAR(8239)," ")))="male", LOWER(TRIM(SUBSTITUTE(SUBSTITUTE($I40,CHAR(160)," "),_xludf.UNICHAR(8239)," ")))="m", LOWER(TRIM(SUBSTITUTE(SUBSTITUTE($I40,CHAR(160)," "),_xludf.UNICHAR(8239)," ")))="males"), "male", IF(OR(LOWER(TRIM(SUBSTITUTE(SUBSTITUTE($I40,CHAR(160)," "),_xludf.UNICHAR(8239)," ")))="female", LOWER(TRIM(SUBSTITUTE(SUBSTITUTE($I40,CHAR(160)," "),_xludf.UNICHAR(8239)," ")))="f", LOWER(TRIM(SUBSTITUTE(SUBSTITUTE($I40,CHAR(160)," "),_xludf.UNICHAR(8239)," ")))="females"), "female", "")) -> #NAME? | K40: 599744984 | L40: Alnussirat | M40: Married | N40: No | P40: Displaced | Q40: FM- CD | X40: =IF(E40="","",UPPER(LEFT($C$3,1)&"-"&LEFT($C$4,1)&"-"&TEXT(ROW(B33),"000")&"-"&TEXT(C40,"dd-mm"))) -> --033-29-03 | Y40: =TRIM(SUBSTITUTE(SUBSTITUTE(OFFSET($Q40,0,COLUMN()-COLUMN($AL$1)),CHAR(160)," "),_xludf.UNICHAR(8239)," ")) -> #NAME? | Z40: =TRIM(SUBSTITUTE(SUBSTITUTE(OFFSET($Q40,0,COLUMN()-COLUMN($AL$1)),CHAR(160)," "),_xludf.UNICHAR(8239)," ")) -> #NAME? | AA40: =TRIM(SUBSTITUTE(SUBSTITUTE(OFFSET($Q40,0,COLUMN()-COLUMN($AL$1)),CHAR(160)," "),_xludf.UNICHAR(8239)," ")) -> #NAME? | AB40: =TRIM(SUBSTITUTE(SUBSTITUTE(OFFSET($Q40,0,COLUMN()-COLUMN($AL$1)),CHAR(160)," "),_xludf.UNICHAR(8239)," ")) -> #NAME? | AC40: =TRIM(SUBSTITUTE(SUBSTITUTE(OFFSET($Q40,0,COLUMN()-COLUMN($AL$1)),CHAR(160)," "),_xludf.UNICHAR(8239)," ")) -> #NAME? | AD40: =IF($E40="",0,--(COUNTIFS($E:$E,$E40,$C:$C,">"&$C40)+COUNTIFS($E$8:E40,$E40,$C$8:C40,$C40)=1)) -> 0 | AE40: =IF($C40="","",TEXT($C40,"yyyy-mm")) -> 2026-03 | AF40: =IF(OR($E40="",$AE40=""),0,IF(COUNTIFS($E$8:E40,$E40,$AE$8:AE40,$AE40)=1,1,0)) -> 1 | AG40: =IF($E40="",0,IF(COUNTIF($E$8:E40,$E40)=1,1,0)) -> 1
A41: 34 | B41: وعد ماهر عبد ابو حسنة | C41: 46110 | D41: {=IFERROR( LOOKUP(2, 1/((TRIM(IMS!$E$8:$E$4000)=TRIM(IMS!$E41))*(IMS!$C$8:$C$4000<IMS!$C41)), IMS!$C$8:$C$4000), "")} | E41: 408954352 | F41: 38524 | G41: 21 | H41: =IF(G41="","",IF(G41<=5,"0-5",IF(G41<=18,"6-18",IF(G41<=60,"19-60","+60")))) -> 19-60 | I41: FEMALE | J41: =IF(OR(LOWER(TRIM(SUBSTITUTE(SUBSTITUTE($I41,CHAR(160)," "),_xludf.UNICHAR(8239)," ")))="male", LOWER(TRIM(SUBSTITUTE(SUBSTITUTE($I41,CHAR(160)," "),_xludf.UNICHAR(8239)," ")))="m", LOWER(TRIM(SUBSTITUTE(SUBSTITUTE($I41,CHAR(160)," "),_xludf.UNICHAR(8239)," ")))="males"), "male", IF(OR(LOWER(TRIM(SUBSTITUTE(SUBSTITUTE($I41,CHAR(160)," "),_xludf.UNICHAR(8239)," ")))="female", LOWER(TRIM(SUBSTITUTE(SUBSTITUTE($I41,CHAR(160)," "),_xludf.UNICHAR(8239)," ")))="f", LOWER(TRIM(SUBSTITUTE(SUBSTITUTE($I41,CHAR(160)," "),_xludf.UNICHAR(8239)," ")))="females"), "female", "")) -> #NAME? | K41: 592188104 | L41: Alnussirat | M41: Married | N41: No | P41: Displaced | Q41: FM- CD | X41: =IF(E41="","",UPPER(LEFT($C$3,1)&"-"&LEFT($C$4,1)&"-"&TEXT(ROW(B34),"000")&"-"&TEXT(C41,"dd-mm"))) -> --034-29-03 | Y41: =TRIM(SUBSTITUTE(SUBSTITUTE(OFFSET($Q41,0,COLUMN()-COLUMN($AL$1)),CHAR(160)," "),_xludf.UNICHAR(8239)," ")) -> #NAME? | Z41: =TRIM(SUBSTITUTE(SUBSTITUTE(OFFSET($Q41,0,COLUMN()-COLUMN($AL$1)),CHAR(160)," "),_xludf.UNICHAR(8239)," ")) -> #NAME? | AA41: =TRIM(SUBSTITUTE(SUBSTITUTE(OFFSET($Q41,0,COLUMN()-COLUMN($AL$1)),CHAR(160)," "),_xludf.UNICHAR(8239)," ")) -> #NAME? | AB41: =TRIM(SUBSTITUTE(SUBSTITUTE(OFFSET($Q41,0,COLUMN()-COLUMN($AL$1)),CHAR(160)," "),_xludf.UNICHAR(8239)," ")) -> #NAME? | AC41: =TRIM(SUBSTITUTE(SUBSTITUTE(OFFSET($Q41,0,COLUMN()-COLUMN($AL$1)),CHAR(160)," "),_xludf.UNICHAR(8239)," ")) -> #NAME? | AD41: =IF($E41="",0,--(COUNTIFS($E:$E,$E41,$C:$C,">"&$C41)+COUNTIFS($E$8:E41,$E41,$C$8:C41,$C41)=1)) -> 0 | AE41: =IF($C41="","",TEXT($C41,"yyyy-mm")) -> 2026-03 | AF41: =IF(OR($E41="",$AE41=""),0,IF(COUNTIFS($E$8:E41,$E41,$AE$8:AE41,$AE41)=1,1,0)) -> 1 | AG41: =IF($E41="",0,IF(COUNTIF($E$8:E41,$E41)=1,1,0)) -> 1
A42: 35 | B42: اسلام ماهر عبد حسنين | C42: 46110 | D42: {=IFERROR( LOOKUP(2, 1/((TRIM(IMS!$E$8:$E$4000)=TRIM(IMS!$E42))*(IMS!$C$8:$C$4000<IMS!$C42)), IMS!$C$8:$C$4000), "")} | E42: 803605088 | F42: 34290 | G42: 33 | H42: =IF(G42="","",IF(G42<=5,"0-5",IF(G42<=18,"6-18",IF(G42<=60,"19-60","+60")))) -> 19-60 | I42: FEMALE | J42: =IF(OR(LOWER(TRIM(SUBSTITUTE(SUBSTITUTE($I42,CHAR(160)," "),_xludf.UNICHAR(8239)," ")))="male", LOWER(TRIM(SUBSTITUTE(SUBSTITUTE($I42,CHAR(160)," "),_xludf.UNICHAR(8239)," ")))="m", LOWER(TRIM(SUBSTITUTE(SUBSTITUTE($I42,CHAR(160)," "),_xludf.UNICHAR(8239)," ")))="males"), "male", IF(OR(LOWER(TRIM(SUBSTITUTE(SUBSTITUTE($I42,CHAR(160)," "),_xludf.UNICHAR(8239)," ")))="female", LOWER(TRIM(SUBSTITUTE(SUBSTITUTE($I42,CHAR(160)," "),_xludf.UNICHAR(8239)," ")))="f", LOWER(TRIM(SUBSTITUTE(SUBSTITUTE($I42,CHAR(160)," "),_xludf.UNICHAR(8239)," ")))="females"), "female", "")) -> #NAME? | K42: 599530633 | L42: Alnussirat | M42: Married | N42: No | P42: Displaced | Q42: FM- CD | X42: =IF(E42="","",UPPER(LEFT($C$3,1)&"-"&LEFT($C$4,1)&"-"&TEXT(ROW(B35),"000")&"-"&TEXT(C42,"dd-mm"))) -> --035-29-03 | Y42: =TRIM(SUBSTITUTE(SUBSTITUTE(OFFSET($Q42,0,COLUMN()-COLUMN($AL$1)),CHAR(160)," "),_xludf.UNICHAR(8239)," ")) -> #NAME? | Z42: =TRIM(SUBSTITUTE(SUBSTITUTE(OFFSET($Q42,0,COLUMN()-COLUMN($AL$1)),CHAR(160)," "),_xludf.UNICHAR(8239)," ")) -> #NAME? | AA42: =TRIM(SUBSTITUTE(SUBSTITUTE(OFFSET($Q42,0,COLUMN()-COLUMN($AL$1)),CHAR(160)," "),_xludf.UNICHAR(8239)," ")) -> #NAME? | AB42: =TRIM(SUBSTITUTE(SUBSTITUTE(OFFSET($Q42,0,COLUMN()-COLUMN($AL$1)),CHAR(160)," "),_xludf.UNICHAR(8239)," ")) -> #NAME? | AC42: =TRIM(SUBSTITUTE(SUBSTITUTE(OFFSET($Q42,0,COLUMN()-COLUMN($AL$1)),CHAR(160)," "),_xludf.UNICHAR(8239)," ")) -> #NAME? | AD42: =IF($E42="",0,--(COUNTIFS($E:$E,$E42,$C:$C,">"&$C42)+COUNTIFS($E$8:E42,$E42,$C$8:C42,$C42)=1)) -> 1 | AE42: =IF($C42="","",TEXT($C42,"yyyy-mm")) -> 2026-03 | AF42: =IF(OR($E42="",$AE42=""),0,IF(COUNTIFS($E$8:E42,$E42,$AE$8:AE42,$AE42)=1,1,0)) -> 1 | AG42: =IF($E42="",0,IF(COUNTIF($E$8:E42,$E42)=1,1,0)) -> 1
A43: 36 | B43: فرح خليل محمد كلوسة | C43: 46110 | D43: {=IFERROR( LOOKUP(2, 1/((TRIM(IMS!$E$8:$E$4000)=TRIM(IMS!$E43))*(IMS!$C$8:$C$4000<IMS!$C43)), IMS!$C$8:$C$4000), "")} | E43: 437298292 | F43: 42920 | G43: 9 | H43: =IF(G43="","",IF(G43<=5,"0-5",IF(G43<=18,"6-18",IF(G43<=60,"19-60","+60")))) -> 6-18 | I43: FEMALE | J43: =IF(OR(LOWER(TRIM(SUBSTITUTE(SUBSTITUTE($I43,CHAR(160)," "),_xludf.UNICHAR(8239)," ")))="male", LOWER(TRIM(SUBSTITUTE(SUBSTITUTE($I43,CHAR(160)," "),_xludf.UNICHAR(8239)," ")))="m", LOWER(TRIM(SUBSTITUTE(SUBSTITUTE($I43,CHAR(160)," "),_xludf.UNICHAR(8239)," ")))="males"), "male", IF(OR(LOWER(TRIM(SUBSTITUTE(SUBSTITUTE($I43,CHAR(160)," "),_xludf.UNICHAR(8239)," ")))="female", LOWER(TRIM(SUBSTITUTE(SUBSTITUTE($I43,CHAR(160)," "),_xludf.UNICHAR(8239)," ")))="f", LOWER(TRIM(SUBSTITUTE(SUBSTITUTE($I43,CHAR(160)," "),_xludf.UNICHAR(8239)," ")))="females"), "female", "")) -> #NAME? | K43: 595317347 | L43: Alnussirat | M43: N/A | N43: No | P43: Displaced | Q43: FM- CD | X43: =IF(E43="","",UPPER(LEFT($C$3,1)&"-"&LEFT($C$4,1)&"-"&TEXT(ROW(B36),"000")&"-"&TEXT(C43,"dd-mm"))) -> --036-29-03 | Y43: =TRIM(SUBSTITUTE(SUBSTITUTE(OFFSET($Q43,0,COLUMN()-COLUMN($AL$1)),CHAR(160)," "),_xludf.UNICHAR(8239)," ")) -> #NAME? | Z43: =TRIM(SUBSTITUTE(SUBSTITUTE(OFFSET($Q43,0,COLUMN()-COLUMN($AL$1)),CHAR(160)," "),_xludf.UNICHAR(8239)," ")) -> #NAME? | AA43: =TRIM(SUBSTITUTE(SUBSTITUTE(OFFSET($Q43,0,COLUMN()-COLUMN($AL$1)),CHAR(160)," "),_xludf.UNICHAR(8239)," ")) -> #NAME? | AB43: =TRIM(SUBSTITUTE(SUBSTITUTE(OFFSET($Q43,0,COLUMN()-COLUMN($AL$1)),CHAR(160)," "),_xludf.UNICHAR(8239)," ")) -> #NAME? | AC43: =TRIM(SUBSTITUTE(SUBSTITUTE(OFFSET($Q43,0,COLUMN()-COLUMN($AL$1)),CHAR(160)," "),_xludf.UNICHAR(8239)," ")) -> #NAME? | AD43: =IF($E43="",0,--(COUNTIFS($E:$E,$E43,$C:$C,">"&$C43)+COUNTIFS($E$8:E43,$E43,$C$8:C43,$C43)=1)) -> 1 | AE43: =IF($C43="","",TEXT($C43,"yyyy-mm")) -> 2026-03 | AF43: =IF(OR($E43="",$AE43=""),0,IF(COUNTIFS($E$8:E43,$E43,$AE$8:AE43,$AE43)=1,1,0)) -> 1 | AG43: =IF($E43="",0,IF(COUNTIF($E$8:E43,$E43)=1,1,0)) -> 1
A44: 37 | B44: خالد محمد خالد السمرى | C44: 46110 | D44: {=IFERROR( LOOKUP(2, 1/((TRIM(IMS!$E$8:$E$4000)=TRIM(IMS!$E44))*(IMS!$C$8:$C$4000<IMS!$C44)), IMS!$C$8:$C$4000), "")} | E44: 426336038 | F44: 39491 | G44: 18 | H44: =IF(G44="","",IF(G44<=5,"0-5",IF(G44<=18,"6-18",IF(G44<=60,"19-60","+60")))) -> 6-18 | I44: Male | J44: =IF(OR(LOWER(TRIM(SUBSTITUTE(SUBSTITUTE($I44,CHAR(160)," "),_xludf.UNICHAR(8239)," ")))="male", LOWER(TRIM(SUBSTITUTE(SUBSTITUTE($I44,CHAR(160)," "),_xludf.UNICHAR(8239)," ")))="m", LOWER(TRIM(SUBSTITUTE(SUBSTITUTE($I44,CHAR(160)," "),_xludf.UNICHAR(8239)," ")))="males"), "male", IF(OR(LOWER(TRIM(SUBSTITUTE(SUBSTITUTE($I44,CHAR(160)," "),_xludf.UNICHAR(8239)," ")))="female", LOWER(TRIM(SUBSTITUTE(SUBSTITUTE($I44,CHAR(160)," "),_xludf.UNICHAR(8239)," ")))="f", LOWER(TRIM(SUBSTITUTE(SUBSTITUTE($I44,CHAR(160)," "),_xludf.UNICHAR(8239)," ")))="females"), "female", "")) -> #NAME? | K44: 599770859 | L44: Alnussirat | M44: Single | N44: No | P44: Displaced | S44: Dressing | X44: =IF(E44="","",UPPER(LEFT($C$3,1)&"-"&LEFT($C$4,1)&"-"&TEXT(ROW(B37),"000")&"-"&TEXT(C44,"dd-mm"))) -> --037-29-03 | Y44: =TRIM(SUBSTITUTE(SUBSTITUTE(OFFSET($Q44,0,COLUMN()-COLUMN($AL$1)),CHAR(160)," "),_xludf.UNICHAR(8239)," ")) -> #NAME? | Z44: =TRIM(SUBSTITUTE(SUBSTITUTE(OFFSET($Q44,0,COLUMN()-COLUMN($AL$1)),CHAR(160)," "),_xludf.UNICHAR(8239)," ")) -> #NAME? | AA44: =TRIM(SUBSTITUTE(SUBSTITUTE(OFFSET($Q44,0,COLUMN()-COLUMN($AL$1)),CHAR(160)," "),_xludf.UNICHAR(8239)," ")) -> #NAME? | AB44: =TRIM(SUBSTITUTE(SUBSTITUTE(OFFSET($Q44,0,COLUMN()-COLUMN($AL$1)),CHAR(160)," "),_xludf.UNICHAR(8239)," ")) -> #NAME? | AC44: =TRIM(SUBSTITUTE(SUBSTITUTE(OFFSET($Q44,0,COLUMN()-COLUMN($AL$1)),CHAR(160)," "),_xludf.UNICHAR(8239)," ")) -> #NAME? | AD44: =IF($E44="",0,--(COUNTIFS($E:$E,$E44,$C:$C,">"&$C44)+COUNTIFS($E$8:E44,$E44,$C$8:C44,$C44)=1)) -> 0 | AE44: =IF($C44="","",TEXT($C44,"yyyy-mm")) -> 2026-03 | AF44: =IF(OR($E44="",$AE44=""),0,IF(COUNTIFS($E$8:E44,$E44,$AE$8:AE44,$AE44)=1,1,0)) -> 1 | AG44: =IF($E44="",0,IF(COUNTIF($E$8:E44,$E44)=1,1,0)) -> 1
A45: 38 | B45: سامح خضر ابراهيم طوطح | C45: 46110 | D45: {=IFERROR( LOOKUP(2, 1/((TRIM(IMS!$E$8:$E$4000)=TRIM(IMS!$E45))*(IMS!$C$8:$C$4000<IMS!$C45)), IMS!$C$8:$C$4000), "")} | E45: 409339033 | F45: 38286 | G45: 22 | H45: =IF(G45="","",IF(G45<=5,"0-5",IF(G45<=18,"6-18",IF(G45<=60,"19-60","+60")))) -> 19-60 | I45: Male | J45: =IF(OR(LOWER(TRIM(SUBSTITUTE(SUBSTITUTE($I45,CHAR(160)," "),_xludf.UNICHAR(8239)," ")))="male", LOWER(TRIM(SUBSTITUTE(SUBSTITUTE($I45,CHAR(160)," "),_xludf.UNICHAR(8239)," ")))="m", LOWER(TRIM(SUBSTITUTE(SUBSTITUTE($I45,CHAR(160)," "),_xludf.UNICHAR(8239)," ")))="males"), "male", IF(OR(LOWER(TRIM(SUBSTITUTE(SUBSTITUTE($I45,CHAR(160)," "),_xludf.UNICHAR(8239)," ")))="female", LOWER(TRIM(SUBSTITUTE(SUBSTITUTE($I45,CHAR(160)," "),_xludf.UNICHAR(8239)," ")))="f", LOWER(TRIM(SUBSTITUTE(SUBSTITUTE($I45,CHAR(160)," "),_xludf.UNICHAR(8239)," ")))="females"), "female", "")) -> #NAME? | K45: 592909280 | L45: Alnussirat | M45: Married | N45: No | P45: Displaced | Q45: FM- CD | X45: =IF(E45="","",UPPER(LEFT($C$3,1)&"-"&LEFT($C$4,1)&"-"&TEXT(ROW(B38),"000")&"-"&TEXT(C45,"dd-mm"))) -> --038-29-03 | Y45: =TRIM(SUBSTITUTE(SUBSTITUTE(OFFSET($Q45,0,COLUMN()-COLUMN($AL$1)),CHAR(160)," "),_xludf.UNICHAR(8239)," ")) -> #NAME? | Z45: =TRIM(SUBSTITUTE(SUBSTITUTE(OFFSET($Q45,0,COLUMN()-COLUMN($AL$1)),CHAR(160)," "),_xludf.UNICHAR(8239)," ")) -> #NAME? | AA45: =TRIM(SUBSTITUTE(SUBSTITUTE(OFFSET($Q45,0,COLUMN()-COLUMN($AL$1)),CHAR(160)," "),_xludf.UNICHAR(8239)," ")) -> #NAME? | AB45: =TRIM(SUBSTITUTE(SUBSTITUTE(OFFSET($Q45,0,COLUMN()-COLUMN($AL$1)),CHAR(160)," "),_xludf.UNICHAR(8239)," ")) -> #NAME? | AC45: =TRIM(SUBSTITUTE(SUBSTITUTE(OFFSET($Q45,0,COLUMN()-COLUMN($AL$1)),CHAR(160)," "),_xludf.UNICHAR(8239)," ")) -> #NAME? | AD45: =IF($E45="",0,--(COUNTIFS($E:$E,$E45,$C:$C,">"&$C45)+COUNTIFS($E$8:E45,$E45,$C$8:C45,$C45)=1)) -> 1 | AE45: =IF($C45="","",TEXT($C45,"yyyy-mm")) -> 2026-03 | AF45: =IF(OR($E45="",$AE45=""),0,IF(COUNTIFS($E$8:E45,$E45,$AE$8:AE45,$AE45)=1,1,0)) -> 1 | AG45: =IF($E45="",0,IF(COUNTIF($E$8:E45,$E45)=1,1,0)) -> 1
A46: 39 | B46: امال ابراهيم خضر طوطح | C46: 46110 | D46: {=IFERROR( LOOKUP(2, 1/((TRIM(IMS!$E$8:$E$4000)=TRIM(IMS!$E46))*(IMS!$C$8:$C$4000<IMS!$C46)), IMS!$C$8:$C$4000), "")} | E46: 434125696 | F46: 41526 | G46: 13 | H46: =IF(G46="","",IF(G46<=5,"0-5",IF(G46<=18,"6-18",IF(G46<=60,"19-60","+60")))) -> 6-18 | I46: FEMALE | J46: =IF(OR(LOWER(TRIM(SUBSTITUTE(SUBSTITUTE($I46,CHAR(160)," "),_xludf.UNICHAR(8239)," ")))="male", LOWER(TRIM(SUBSTITUTE(SUBSTITUTE($I46,CHAR(160)," "),_xludf.UNICHAR(8239)," ")))="m", LOWER(TRIM(SUBSTITUTE(SUBSTITUTE($I46,CHAR(160)," "),_xludf.UNICHAR(8239)," ")))="males"), "male", IF(OR(LOWER(TRIM(SUBSTITUTE(SUBSTITUTE($I46,CHAR(160)," "),_xludf.UNICHAR(8239)," ")))="female", LOWER(TRIM(SUBSTITUTE(SUBSTITUTE($I46,CHAR(160)," "),_xludf.UNICHAR(8239)," ")))="f", LOWER(TRIM(SUBSTITUTE(SUBSTITUTE($I46,CHAR(160)," "),_xludf.UNICHAR(8239)," ")))="females"), "female", "")) -> #NAME? | K46: 592216142 | L46: Alnussirat | M46: Single | N46: No | P46: Displaced | Q46: FM- CD | X46: =IF(E46="","",UPPER(LEFT($C$3,1)&"-"&LEFT($C$4,1)&"-"&TEXT(ROW(B39),"000")&"-"&TEXT(C46,"dd-mm"))) -> --039-29-03 | Y46: =TRIM(SUBSTITUTE(SUBSTITUTE(OFFSET($Q46,0,COLUMN()-COLUMN($AL$1)),CHAR(160)," "),_xludf.UNICHAR(8239)," ")) -> #NAME? | Z46: =TRIM(SUBSTITUTE(SUBSTITUTE(OFFSET($Q46,0,COLUMN()-COLUMN($AL$1)),CHAR(160)," "),_xludf.UNICHAR(8239)," ")) -> #NAME? | AA46: =TRIM(SUBSTITUTE(SUBSTITUTE(OFFSET($Q46,0,COLUMN()-COLUMN($AL$1)),CHAR(160)," "),_xludf.UNICHAR(8239)," ")) -> #NAME? | AB46: =TRIM(SUBSTITUTE(SUBSTITUTE(OFFSET($Q46,0,COLUMN()-COLUMN($AL$1)),CHAR(160)," "),_xludf.UNICHAR(8239)," ")) -> #NAME? | AC46: =TRIM(SUBSTITUTE(SUBSTITUTE(OFFSET($Q46,0,COLUMN()-COLUMN($AL$1)),CHAR(160)," "),_xludf.UNICHAR(8239)," ")) -> #NAME? | AD46: =IF($E46="",0,--(COUNTIFS($E:$E,$E46,$C:$C,">"&$C46)+COUNTIFS($E$8:E46,$E46,$C$8:C46,$C46)=1)) -> 1 | AE46: =IF($C46="","",TEXT($C46,"yyyy-mm")) -> 2026-03 | AF46: =IF(OR($E46="",$AE46=""),0,IF(COUNTIFS($E$8:E46,$E46,$AE$8:AE46,$AE46)=1,1,0)) -> 1 | AG46: =IF($E46="",0,IF(COUNTIF($E$8:E46,$E46)=1,1,0)) -> 1
A47: 40 | B47: هبة احمد على السماك | C47: 46110 | D47: {=IFERROR( LOOKUP(2, 1/((TRIM(IMS!$E$8:$E$4000)=TRIM(IMS!$E47))*(IMS!$C$8:$C$4000<IMS!$C47)), IMS!$C$8:$C$4000), "")} | E47: 905198883 | F47: 29601 | G47: 45 | H47: =IF(G47="","",IF(G47<=5,"0-5",IF(G47<=18,"6-18",IF(G47<=60,"19-60","+60")))) -> 19-60 | I47: FEMALE | J47: =IF(OR(LOWER(TRIM(SUBSTITUTE(SUBSTITUTE($I47,CHAR(160)," "),_xludf.UNICHAR(8239)," ")))="male", LOWER(TRIM(SUBSTITUTE(SUBSTITUTE($I47,CHAR(160)," "),_xludf.UNICHAR(8239)," ")))="m", LOWER(TRIM(SUBSTITUTE(SUBSTITUTE($I47,CHAR(160)," "),_xludf.UNICHAR(8239)," ")))="males"), "male", IF(OR(LOWER(TRIM(SUBSTITUTE(SUBSTITUTE($I47,CHAR(160)," "),_xludf.UNICHAR(8239)," ")))="female", LOWER(TRIM(SUBSTITUTE(SUBSTITUTE($I47,CHAR(160)," "),_xludf.UNICHAR(8239)," ")))="f", LOWER(TRIM(SUBSTITUTE(SUBSTITUTE($I47,CHAR(160)," "),_xludf.UNICHAR(8239)," ")))="females"), "female", "")) -> #NAME? | K47: 599205547 | L47: Alnussirat | M47: Married | N47: No | P47: Displaced | Q47: FM- NCD | V47: LAB REFER | X47: =IF(E47="","",UPPER(LEFT($C$3,1)&"-"&LEFT($C$4,1)&"-"&TEXT(ROW(B40),"000")&"-"&TEXT(C47,"dd-mm"))) -> --040-29-03 | Y47: =TRIM(SUBSTITUTE(SUBSTITUTE(OFFSET($Q47,0,COLUMN()-COLUMN($AL$1)),CHAR(160)," "),_xludf.UNICHAR(8239)," ")) -> #NAME? | Z47: =TRIM(SUBSTITUTE(SUBSTITUTE(OFFSET($Q47,0,COLUMN()-COLUMN($AL$1)),CHAR(160)," "),_xludf.UNICHAR(8239)," ")) -> #NAME? | AA47: =TRIM(SUBSTITUTE(SUBSTITUTE(OFFSET($Q47,0,COLUMN()-COLUMN($AL$1)),CHAR(160)," "),_xludf.UNICHAR(8239)," ")) -> #NAME? | AB47: =TRIM(SUBSTITUTE(SUBSTITUTE(OFFSET($Q47,0,COLUMN()-COLUMN($AL$1)),CHAR(160)," "),_xludf.UNICHAR(8239)," ")) -> #NAME? | AC47: =TRIM(SUBSTITUTE(SUBSTITUTE(OFFSET($Q47,0,COLUMN()-COLUMN($AL$1)),CHAR(160)," "),_xludf.UNICHAR(8239)," ")) -> #NAME? | AD47: =IF($E47="",0,--(COUNTIFS($E:$E,$E47,$C:$C,">"&$C47)+COUNTIFS($E$8:E47,$E47,$C$8:C47,$C47)=1)) -> 1 | AE47: =IF($C47="","",TEXT($C47,"yyyy-mm")) -> 2026-03 | AF47: =IF(OR($E47="",$AE47=""),0,IF(COUNTIFS($E$8:E47,$E47,$AE$8:AE47,$AE47)=1,1,0)) -> 1 | AG47: =IF($E47="",0,IF(COUNTIF($E$8:E47,$E47)=1,1,0)) -> 1
A48: 41 | B48: انعام خليل احمد مصلح | C48: 46110 | D48: {=IFERROR( LOOKUP(2, 1/((TRIM(IMS!$E$8:$E$4000)=TRIM(IMS!$E48))*(IMS!$C$8:$C$4000<IMS!$C48)), IMS!$C$8:$C$4000), "")} | E48: 901453399 | F48: 28997 | G48: 47 | H48: =IF(G48="","",IF(G48<=5,"0-5",IF(G48<=18,"6-18",IF(G48<=60,"19-60","+60")))) -> 19-60 | I48: FEMALE | J48: =IF(OR(LOWER(TRIM(SUBSTITUTE(SUBSTITUTE($I48,CHAR(160)," "),_xludf.UNICHAR(8239)," ")))="male", LOWER(TRIM(SUBSTITUTE(SUBSTITUTE($I48,CHAR(160)," "),_xludf.UNICHAR(8239)," ")))="m", LOWER(TRIM(SUBSTITUTE(SUBSTITUTE($I48,CHAR(160)," "),_xludf.UNICHAR(8239)," ")))="males"), "male", IF(OR(LOWER(TRIM(SUBSTITUTE(SUBSTITUTE($I48,CHAR(160)," "),_xludf.UNICHAR(8239)," ")))="female", LOWER(TRIM(SUBSTITUTE(SUBSTITUTE($I48,CHAR(160)," "),_xludf.UNICHAR(8239)," ")))="f", LOWER(TRIM(SUBSTITUTE(SUBSTITUTE($I48,CHAR(160)," "),_xludf.UNICHAR(8239)," ")))="females"), "female", "")) -> #NAME? | K48: 592909839 | L48: Alnussirat | M48: Divorced | N48: No | P48: Displaced | Q48: FM- NCD | V48: LAB REFER | X48: =IF(E48="","",UPPER(LEFT($C$3,1)&"-"&LEFT($C$4,1)&"-"&TEXT(ROW(B41),"000")&"-"&TEXT(C48,"dd-mm"))) -> --041-29-03 | Y48: =TRIM(SUBSTITUTE(SUBSTITUTE(OFFSET($Q48,0,COLUMN()-COLUMN($AL$1)),CHAR(160)," "),_xludf.UNICHAR(8239)," ")) -> #NAME? | Z48: =TRIM(SUBSTITUTE(SUBSTITUTE(OFFSET($Q48,0,COLUMN()-COLUMN($AL$1)),CHAR(160)," "),_xludf.UNICHAR(8239)," ")) -> #NAME? | AA48: =TRIM(SUBSTITUTE(SUBSTITUTE(OFFSET($Q48,0,COLUMN()-COLUMN($AL$1)),CHAR(160)," "),_xludf.UNICHAR(8239)," ")) -> #NAME? | AB48: =TRIM(SUBSTITUTE(SUBSTITUTE(OFFSET($Q48,0,COLUMN()-COLUMN($AL$1)),CHAR(160)," "),_xludf.UNICHAR(8239)," ")) -> #NAME? | AC48: =TRIM(SUBSTITUTE(SUBSTITUTE(OFFSET($Q48,0,COLUMN()-COLUMN($AL$1)),CHAR(160)," "),_xludf.UNICHAR(8239)," ")) -> #NAME? | AD48: =IF($E48="",0,--(COUNTIFS($E:$E,$E48,$C:$C,">"&$C48)+COUNTIFS($E$8:E48,$E48,$C$8:C48,$C48)=1)) -> 1 | AE48: =IF($C48="","",TEXT($C48,"yyyy-mm")) -> 2026-03 | AF48: =IF(OR($E48="",$AE48=""),0,IF(COUNTIFS($E$8:E48,$E48,$AE$8:AE48,$AE48)=1,1,0)) -> 1 | AG48: =IF($E48="",0,IF(COUNTIF($E$8:E48,$E48)=1,1,0)) -> 1
A49: 42 | B49: ديما ياسر حسن عاشور | C49: 46110 | D49: {=IFERROR( LOOKUP(2, 1/((TRIM(IMS!$E$8:$E$4000)=TRIM(IMS!$E49))*(IMS!$C$8:$C$4000<IMS!$C49)), IMS!$C$8:$C$4000), "")} | E49: 424058295 | F49: 39171 | G49: 19 | H49: =IF(G49="","",IF(G49<=5,"0-5",IF(G49<=18,"6-18",IF(G49<=60,"19-60","+60")))) -> 19-60 | I49: FEMALE | J49: =IF(OR(LOWER(TRIM(SUBSTITUTE(SUBSTITUTE($I49,CHAR(160)," "),_xludf.UNICHAR(8239)," ")))="male", LOWER(TRIM(SUBSTITUTE(SUBSTITUTE($I49,CHAR(160)," "),_xludf.UNICHAR(8239)," ")))="m", LOWER(TRIM(SUBSTITUTE(SUBSTITUTE($I49,CHAR(160)," "),_xludf.UNICHAR(8239)," ")))="males"), "male", IF(OR(LOWER(TRIM(SUBSTITUTE(SUBSTITUTE($I49,CHAR(160)," "),_xludf.UNICHAR(8239)," ")))="female", LOWER(TRIM(SUBSTITUTE(SUBSTITUTE($I49,CHAR(160)," "),_xludf.UNICHAR(8239)," ")))="f", LOWER(TRIM(SUBSTITUTE(SUBSTITUTE($I49,CHAR(160)," "),_xludf.UNICHAR(8239)," ")))="females"), "female", "")) -> #NAME? | K49: 592230218 | L49: Alnussirat | M49: Married | N49: No | P49: Displaced | R49: FP | X49: =IF(E49="","",UPPER(LEFT($C$3,1)&"-"&LEFT($C$4,1)&"-"&TEXT(ROW(B42),"000")&"-"&TEXT(C49,"dd-mm"))) -> --042-29-03 | Y49: =TRIM(SUBSTITUTE(SUBSTITUTE(OFFSET($Q49,0,COLUMN()-COLUMN($AL$1)),CHAR(160)," "),_xludf.UNICHAR(8239)," ")) -> #NAME? | Z49: =TRIM(SUBSTITUTE(SUBSTITUTE(OFFSET($Q49,0,COLUMN()-COLUMN($AL$1)),CHAR(160)," "),_xludf.UNICHAR(8239)," ")) -> #NAME? | AA49: =TRIM(SUBSTITUTE(SUBSTITUTE(OFFSET($Q49,0,COLUMN()-COLUMN($AL$1)),CHAR(160)," "),_xludf.UNICHAR(8239)," ")) -> #NAME? | AB49: =TRIM(SUBSTITUTE(SUBSTITUTE(OFFSET($Q49,0,COLUMN()-COLUMN($AL$1)),CHAR(160)," "),_xludf.UNICHAR(8239)," ")) -> #NAME? | AC49: =TRIM(SUBSTITUTE(SUBSTITUTE(OFFSET($Q49,0,COLUMN()-COLUMN($AL$1)),CHAR(160)," "),_xludf.UNICHAR(8239)," ")) -> #NAME? | AD49: =IF($E49="",0,--(COUNTIFS($E:$E,$E49,$C:$C,">"&$C49)+COUNTIFS($E$8:E49,$E49,$C$8:C49,$C49)=1)) -> 0 | AE49: =IF($C49="","",TEXT($C49,"yyyy-mm")) -> 2026-03 | AF49: =IF(OR($E49="",$AE49=""),0,IF(COUNTIFS($E$8:E49,$E49,$AE$8:AE49,$AE49)=1,1,0)) -> 1 | AG49: =IF($E49="",0,IF(COUNTIF($E$8:E49,$E49)=1,1,0)) -> 1
A50: 43 | B50: غازى محمد غازى عاشور | C50: 46110 | D50: {=IFERROR( LOOKUP(2, 1/((TRIM(IMS!$E$8:$E$4000)=TRIM(IMS!$E50))*(IMS!$C$8:$C$4000<IMS!$C50)), IMS!$C$8:$C$4000), "")} | E50: 445401805 | F50: 44791 | G50: 4 | H50: =IF(G50="","",IF(G50<=5,"0-5",IF(G50<=18,"6-18",IF(G50<=60,"19-60","+60")))) -> 0-5 | I50: Male | J50: =IF(OR(LOWER(TRIM(SUBSTITUTE(SUBSTITUTE($I50,CHAR(160)," "),_xludf.UNICHAR(8239)," ")))="male", LOWER(TRIM(SUBSTITUTE(SUBSTITUTE($I50,CHAR(160)," "),_xludf.UNICHAR(8239)," ")))="m", LOWER(TRIM(SUBSTITUTE(SUBSTITUTE($I50,CHAR(160)," "),_xludf.UNICHAR(8239)," ")))="males"), "male", IF(OR(LOWER(TRIM(SUBSTITUTE(SUBSTITUTE($I50,CHAR(160)," "),_xludf.UNICHAR(8239)," ")))="female", LOWER(TRIM(SUBSTITUTE(SUBSTITUTE($I50,CHAR(160)," "),_xludf.UNICHAR(8239)," ")))="f", LOWER(TRIM(SUBSTITUTE(SUBSTITUTE($I50,CHAR(160)," "),_xludf.UNICHAR(8239)," ")))="females"), "female", "")) -> #NAME? | K50: 598268380 | L50: Alnussirat | M50: N/A | N50: No | P50: Displaced | Q50: FM- CD | X50: =IF(E50="","",UPPER(LEFT($C$3,1)&"-"&LEFT($C$4,1)&"-"&TEXT(ROW(B43),"000")&"-"&TEXT(C50,"dd-mm"))) -> --043-29-03 | Y50: =TRIM(SUBSTITUTE(SUBSTITUTE(OFFSET($Q50,0,COLUMN()-COLUMN($AL$1)),CHAR(160)," "),_xludf.UNICHAR(8239)," ")) -> #NAME? | Z50: =TRIM(SUBSTITUTE(SUBSTITUTE(OFFSET($Q50,0,COLUMN()-COLUMN($AL$1)),CHAR(160)," "),_xludf.UNICHAR(8239)," ")) -> #NAME? | AA50: =TRIM(SUBSTITUTE(SUBSTITUTE(OFFSET($Q50,0,COLUMN()-COLUMN($AL$1)),CHAR(160)," "),_xludf.UNICHAR(8239)," ")) -> #NAME? | AB50: =TRIM(SUBSTITUTE(SUBSTITUTE(OFFSET($Q50,0,COLUMN()-COLUMN($AL$1)),CHAR(160)," "),_xludf.UNICHAR(8239)," ")) -> #NAME? | AC50: =TRIM(SUBSTITUTE(SUBSTITUTE(OFFSET($Q50,0,COLUMN()-COLUMN($AL$1)),CHAR(160)," "),_xludf.UNICHAR(8239)," ")) -> #NAME? | AD50: =IF($E50="",0,--(COUNTIFS($E:$E,$E50,$C:$C,">"&$C50)+COUNTIFS($E$8:E50,$E50,$C$8:C50,$C50)=1)) -> 0 | AE50: =IF($C50="","",TEXT($C50,"yyyy-mm")) -> 2026-03 | AF50: =IF(OR($E50="",$AE50=""),0,IF(COUNTIFS($E$8:E50,$E50,$AE$8:AE50,$AE50)=1,1,0)) -> 1 | AG50: =IF($E50="",0,IF(COUNTIF($E$8:E50,$E50)=1,1,0)) -> 1
A51: 44 | B51: محمد غازى سليمان عاشور | C51: 46110 | D51: {=IFERROR( LOOKUP(2, 1/((TRIM(IMS!$E$8:$E$4000)=TRIM(IMS!$E51))*(IMS!$C$8:$C$4000<IMS!$C51)), IMS!$C$8:$C$4000), "")} | E51: 803430842 | F51: 34492 | G51: 32 | H51: =IF(G51="","",IF(G51<=5,"0-5",IF(G51<=18,"6-18",IF(G51<=60,"19-60","+60")))) -> 19-60 | I51: Male | J51: =IF(OR(LOWER(TRIM(SUBSTITUTE(SUBSTITUTE($I51,CHAR(160)," "),_xludf.UNICHAR(8239)," ")))="male", LOWER(TRIM(SUBSTITUTE(SUBSTITUTE($I51,CHAR(160)," "),_xludf.UNICHAR(8239)," ")))="m", LOWER(TRIM(SUBSTITUTE(SUBSTITUTE($I51,CHAR(160)," "),_xludf.UNICHAR(8239)," ")))="males"), "male", IF(OR(LOWER(TRIM(SUBSTITUTE(SUBSTITUTE($I51,CHAR(160)," "),_xludf.UNICHAR(8239)," ")))="female", LOWER(TRIM(SUBSTITUTE(SUBSTITUTE($I51,CHAR(160)," "),_xludf.UNICHAR(8239)," ")))="f", LOWER(TRIM(SUBSTITUTE(SUBSTITUTE($I51,CHAR(160)," "),_xludf.UNICHAR(8239)," ")))="females"), "female", "")) -> #NAME? | K51: 598268380 | L51: Alnussirat | M51: Married | N51: No | P51: Displaced | Q51: FM- CD | X51: =IF(E51="","",UPPER(LEFT($C$3,1)&"-"&LEFT($C$4,1)&"-"&TEXT(ROW(B44),"000")&"-"&TEXT(C51,"dd-mm"))) -> --044-29-03 | Y51: =TRIM(SUBSTITUTE(SUBSTITUTE(OFFSET($Q51,0,COLUMN()-COLUMN($AL$1)),CHAR(160)," "),_xludf.UNICHAR(8239)," ")) -> #NAME? | Z51: =TRIM(SUBSTITUTE(SUBSTITUTE(OFFSET($Q51,0,COLUMN()-COLUMN($AL$1)),CHAR(160)," "),_xludf.UNICHAR(8239)," ")) -> #NAME? | AA51: =TRIM(SUBSTITUTE(SUBSTITUTE(OFFSET($Q51,0,COLUMN()-COLUMN($AL$1)),CHAR(160)," "),_xludf.UNICHAR(8239)," ")) -> #NAME? | AB51: =TRIM(SUBSTITUTE(SUBSTITUTE(OFFSET($Q51,0,COLUMN()-COLUMN($AL$1)),CHAR(160)," "),_xludf.UNICHAR(8239)," ")) -> #NAME? | AC51: =TRIM(SUBSTITUTE(SUBSTITUTE(OFFSET($Q51,0,COLUMN()-COLUMN($AL$1)),CHAR(160)," "),_xludf.UNICHAR(8239)," ")) -> #NAME? | AD51: =IF($E51="",0,--(COUNTIFS($E:$E,$E51,$C:$C,">"&$C51)+COUNTIFS($E$8:E51,$E51,$C$8:C51,$C51)=1)) -> 0 | AE51: =IF($C51="","",TEXT($C51,"yyyy-mm")) -> 2026-03 | AF51: =IF(OR($E51="",$AE51=""),0,IF(COUNTIFS($E$8:E51,$E51,$AE$8:AE51,$AE51)=1,1,0)) -> 1 | AG51: =IF($E51="",0,IF(COUNTIF($E$8:E51,$E51)=1,1,0)) -> 1
A52: 45 | B52: ياسمين هشام على الحتو | C52: 46110 | D52: {=IFERROR( LOOKUP(2, 1/((TRIM(IMS!$E$8:$E$4000)=TRIM(IMS!$E52))*(IMS!$C$8:$C$4000<IMS!$C52)), IMS!$C$8:$C$4000), "")} | E52: 804442978 | F52: 34693 | G52: 32 | H52: =IF(G52="","",IF(G52<=5,"0-5",IF(G52<=18,"6-18",IF(G52<=60,"19-60","+60")))) -> 19-60 | I52: FEMALE | J52: =IF(OR(LOWER(TRIM(SUBSTITUTE(SUBSTITUTE($I52,CHAR(160)," "),_xludf.UNICHAR(8239)," ")))="male", LOWER(TRIM(SUBSTITUTE(SUBSTITUTE($I52,CHAR(160)," "),_xludf.UNICHAR(8239)," ")))="m", LOWER(TRIM(SUBSTITUTE(SUBSTITUTE($I52,CHAR(160)," "),_xludf.UNICHAR(8239)," ")))="males"), "male", IF(OR(LOWER(TRIM(SUBSTITUTE(SUBSTITUTE($I52,CHAR(160)," "),_xludf.UNICHAR(8239)," ")))="female", LOWER(TRIM(SUBSTITUTE(SUBSTITUTE($I52,CHAR(160)," "),_xludf.UNICHAR(8239)," ")))="f", LOWER(TRIM(SUBSTITUTE(SUBSTITUTE($I52,CHAR(160)," "),_xludf.UNICHAR(8239)," ")))="females"), "female", "")) -> #NAME? | K52: 598335146 | L52: Alnussirat | M52: Married | N52: No | P52: Displaced | R52: GYN | T52: Screening and Referral | V52: Truecut Biopsy | Breast related refer | X52: =IF(E52="","",UPPER(LEFT($C$3,1)&"-"&LEFT($C$4,1)&"-"&TEXT(ROW(B45),"000")&"-"&TEXT(C52,"dd-mm"))) -> --045-29-03 | Y52: =TRIM(SUBSTITUTE(SUBSTITUTE(OFFSET($Q52,0,COLUMN()-COLUMN($AL$1)),CHAR(160)," "),_xludf.UNICHAR(8239)," ")) -> #NAME? | Z52: =TRIM(SUBSTITUTE(SUBSTITUTE(OFFSET($Q52,0,COLUMN()-COLUMN($AL$1)),CHAR(160)," "),_xludf.UNICHAR(8239)," ")) -> #NAME? | AA52: =TRIM(SUBSTITUTE(SUBSTITUTE(OFFSET($Q52,0,COLUMN()-COLUMN($AL$1)),CHAR(160)," "),_xludf.UNICHAR(8239)," ")) -> #NAME? | AB52: =TRIM(SUBSTITUTE(SUBSTITUTE(OFFSET($Q52,0,COLUMN()-COLUMN($AL$1)),CHAR(160)," "),_xludf.UNICHAR(8239)," ")) -> #NAME? | AC52: =TRIM(SUBSTITUTE(SUBSTITUTE(OFFSET($Q52,0,COLUMN()-COLUMN($AL$1)),CHAR(160)," "),_xludf.UNICHAR(8239)," ")) -> #NAME? | AD52: =IF($E52="",0,--(COUNTIFS($E:$E,$E52,$C:$C,">"&$C52)+COUNTIFS($E$8:E52,$E52,$C$8:C52,$C52)=1)) -> 1 | AE52: =IF($C52="","",TEXT($C52,"yyyy-mm")) -> 2026-03 | AF52: =IF(OR($E52="",$AE52=""),0,IF(COUNTIFS($E$8:E52,$E52,$AE$8:AE52,$AE52)=1,1,0)) -> 1 | AG52: =IF($E52="",0,IF(COUNTIF($E$8:E52,$E52)=1,1,0)) -> 1
A53: 46 | B53: رمضان محمد محمد البسيوني | C53: 46111 | D53: {=IFERROR( LOOKUP(2, 1/((TRIM(IMS!$E$8:$E$4000)=TRIM(IMS!$E53))*(IMS!$C$8:$C$4000<IMS!$C53)), IMS!$C$8:$C$4000), "")} | E53: 916486004 | F53: 19816 | G53: 72 | H53: =IF(G53="","",IF(G53<=5,"0-5",IF(G53<=18,"6-18",IF(G53<=60,"19-60","+60")))) -> +60 | I53: Male | J53: =IF(OR(LOWER(TRIM(SUBSTITUTE(SUBSTITUTE($I53,CHAR(160)," "),_xludf.UNICHAR(8239)," ")))="male", LOWER(TRIM(SUBSTITUTE(SUBSTITUTE($I53,CHAR(160)," "),_xludf.UNICHAR(8239)," ")))="m", LOWER(TRIM(SUBSTITUTE(SUBSTITUTE($I53,CHAR(160)," "),_xludf.UNICHAR(8239)," ")))="males"), "male", IF(OR(LOWER(TRIM(SUBSTITUTE(SUBSTITUTE($I53,CHAR(160)," "),_xludf.UNICHAR(8239)," ")))="female", LOWER(TRIM(SUBSTITUTE(SUBSTITUTE($I53,CHAR(160)," "),_xludf.UNICHAR(8239)," ")))="f", LOWER(TRIM(SUBSTITUTE(SUBSTITUTE($I53,CHAR(160)," "),_xludf.UNICHAR(8239)," ")))="females"), "female", "")) -> #NAME? | K53: 599014548 | L53: Alnussirat | M53: Married | N53: No | P53: Displaced | Q53: FM- NCD | X53: =IF(E53="","",UPPER(LEFT($C$3,1)&"-"&LEFT($C$4,1)&"-"&TEXT(ROW(B46),"000")&"-"&TEXT(C53,"dd-mm"))) -> --046-30-03 | Y53: =TRIM(SUBSTITUTE(SUBSTITUTE(OFFSET($Q53,0,COLUMN()-COLUMN($AL$1)),CHAR(160)," "),_xludf.UNICHAR(8239)," ")) -> #NAME? | Z53: =TRIM(SUBSTITUTE(SUBSTITUTE(OFFSET($Q53,0,COLUMN()-COLUMN($AL$1)),CHAR(160)," "),_xludf.UNICHAR(8239)," ")) -> #NAME? | AA53: =TRIM(SUBSTITUTE(SUBSTITUTE(OFFSET($Q53,0,COLUMN()-COLUMN($AL$1)),CHAR(160)," "),_xludf.UNICHAR(8239)," ")) -> #NAME? | AB53: =TRIM(SUBSTITUTE(SUBSTITUTE(OFFSET($Q53,0,COLUMN()-COLUMN($AL$1)),CHAR(160)," "),_xludf.UNICHAR(8239)," ")) -> #NAME? | AC53: =TRIM(SUBSTITUTE(SUBSTITUTE(OFFSET($Q53,0,COLUMN()-COLUMN($AL$1)),CHAR(160)," "),_xludf.UNICHAR(8239)," ")) -> #NAME? | AD53: =IF($E53="",0,--(COUNTIFS($E:$E,$E53,$C:$C,">"&$C53)+COUNTIFS($E$8:E53,$E53,$C$8:C53,$C53)=1)) -> 0 | AE53: =IF($C53="","",TEXT($C53,"yyyy-mm")) -> 2026-03 | AF53: =IF(OR($E53="",$AE53=""),0,IF(COUNTIFS($E$8:E53,$E53,$AE$8:AE53,$AE53)=1,1,0)) -> 1 | AG53: =IF($E53="",0,IF(COUNTIF($E$8:E53,$E53)=1,1,0)) -> 1
A54: 47 | B54: انتصار عبد الخالق عبد الحي البسيوني | C54: 46111 | D54: {=IFERROR( LOOKUP(2, 1/((TRIM(IMS!$E$8:$E$4000)=TRIM(IMS!$E54))*(IMS!$C$8:$C$4000<IMS!$C54)), IMS!$C$8:$C$4000), "")} | E54: 975888553 | F54: 22200 | G54: 66 | H54: =IF(G54="","",IF(G54<=5,"0-5",IF(G54<=18,"6-18",IF(G54<=60,"19-60","+60")))) -> +60 | I54: FEMALE | J54: =IF(OR(LOWER(TRIM(SUBSTITUTE(SUBSTITUTE($I54,CHAR(160)," "),_xludf.UNICHAR(8239)," ")))="male", LOWER(TRIM(SUBSTITUTE(SUBSTITUTE($I54,CHAR(160)," "),_xludf.UNICHAR(8239)," ")))="m", LOWER(TRIM(SUBSTITUTE(SUBSTITUTE($I54,CHAR(160)," "),_xludf.UNICHAR(8239)," ")))="males"), "male", IF(OR(LOWER(TRIM(SUBSTITUTE(SUBSTITUTE($I54,CHAR(160)," "),_xludf.UNICHAR(8239)," ")))="female", LOWER(TRIM(SUBSTITUTE(SUBSTITUTE($I54,CHAR(160)," "),_xludf.UNICHAR(8239)," ")))="f", LOWER(TRIM(SUBSTITUTE(SUBSTITUTE($I54,CHAR(160)," "),_xludf.UNICHAR(8239)," ")))="females"), "female", "")) -> #NAME? | K54: 599014548 | L54: Alnussirat | M54: Married | N54: No | P54: Displaced | Q54: FM- NCD | X54: =IF(E54="","",UPPER(LEFT($C$3,1)&"-"&LEFT($C$4,1)&"-"&TEXT(ROW(B47),"000")&"-"&TEXT(C54,"dd-mm"))) -> --047-30-03 | Y54: =TRIM(SUBSTITUTE(SUBSTITUTE(OFFSET($Q54,0,COLUMN()-COLUMN($AL$1)),CHAR(160)," "),_xludf.UNICHAR(8239)," ")) -> #NAME? | Z54: =TRIM(SUBSTITUTE(SUBSTITUTE(OFFSET($Q54,0,COLUMN()-COLUMN($AL$1)),CHAR(160)," "),_xludf.UNICHAR(8239)," ")) -> #NAME? | AA54: =TRIM(SUBSTITUTE(SUBSTITUTE(OFFSET($Q54,0,COLUMN()-COLUMN($AL$1)),CHAR(160)," "),_xludf.UNICHAR(8239)," ")) -> #NAME? | AB54: =TRIM(SUBSTITUTE(SUBSTITUTE(OFFSET($Q54,0,COLUMN()-COLUMN($AL$1)),CHAR(160)," "),_xludf.UNICHAR(8239)," ")) -> #NAME? | AC54: =TRIM(SUBSTITUTE(SUBSTITUTE(OFFSET($Q54,0,COLUMN()-COLUMN($AL$1)),CHAR(160)," "),_xludf.UNICHAR(8239)," ")) -> #NAME? | AD54: =IF($E54="",0,--(COUNTIFS($E:$E,$E54,$C:$C,">"&$C54)+COUNTIFS($E$8:E54,$E54,$C$8:C54,$C54)=1)) -> 0 | AE54: =IF($C54="","",TEXT($C54,"yyyy-mm")) -> 2026-03 | AF54: =IF(OR($E54="",$AE54=""),0,IF(COUNTIFS($E$8:E54,$E54,$AE$8:AE54,$AE54)=1,1,0)) -> 1 | AG54: =IF($E54="",0,IF(COUNTIF($E$8:E54,$E54)=1,1,0)) -> 1
A55: 48 | B55: جمالات محمد محمد عوض | C55: 46111 | D55: {=IFERROR( LOOKUP(2, 1/((TRIM(IMS!$E$8:$E$4000)=TRIM(IMS!$E55))*(IMS!$C$8:$C$4000<IMS!$C55)), IMS!$C$8:$C$4000), "")} | E55: 900540303 | F55: 29592 | G55: 45 | H55: =IF(G55="","",IF(G55<=5,"0-5",IF(G55<=18,"6-18",IF(G55<=60,"19-60","+60")))) -> 19-60 | I55: FEMALE | J55: =IF(OR(LOWER(TRIM(SUBSTITUTE(SUBSTITUTE($I55,CHAR(160)," "),_xludf.UNICHAR(8239)," ")))="male", LOWER(TRIM(SUBSTITUTE(SUBSTITUTE($I55,CHAR(160)," "),_xludf.UNICHAR(8239)," ")))="m", LOWER(TRIM(SUBSTITUTE(SUBSTITUTE($I55,CHAR(160)," "),_xludf.UNICHAR(8239)," ")))="males"), "male", IF(OR(LOWER(TRIM(SUBSTITUTE(SUBSTITUTE($I55,CHAR(160)," "),_xludf.UNICHAR(8239)," ")))="female", LOWER(TRIM(SUBSTITUTE(SUBSTITUTE($I55,CHAR(160)," "),_xludf.UNICHAR(8239)," ")))="f", LOWER(TRIM(SUBSTITUTE(SUBSTITUTE($I55,CHAR(160)," "),_xludf.UNICHAR(8239)," ")))="females"), "female", "")) -> #NAME? | K55: 598985336 | L55: Alnussirat | M55: Married | N55: No | P55: Displaced | Q55: FM- CD | X55: =IF(E55="","",UPPER(LEFT($C$3,1)&"-"&LEFT($C$4,1)&"-"&TEXT(ROW(B48),"000")&"-"&TEXT(C55,"dd-mm"))) -> --048-30-03 | Y55: =TRIM(SUBSTITUTE(SUBSTITUTE(OFFSET($Q55,0,COLUMN()-COLUMN($AL$1)),CHAR(160)," "),_xludf.UNICHAR(8239)," ")) -> #NAME? | Z55: =TRIM(SUBSTITUTE(SUBSTITUTE(OFFSET($Q55,0,COLUMN()-COLUMN($AL$1)),CHAR(160)," "),_xludf.UNICHAR(8239)," ")) -> #NAME? | AA55: =TRIM(SUBSTITUTE(SUBSTITUTE(OFFSET($Q55,0,COLUMN()-COLUMN($AL$1)),CHAR(160)," "),_xludf.UNICHAR(8239)," ")) -> #NAME? | AB55: =TRIM(SUBSTITUTE(SUBSTITUTE(OFFSET($Q55,0,COLUMN()-COLUMN($AL$1)),CHAR(160)," "),_xludf.UNICHAR(8239)," ")) -> #NAME? | AC55: =TRIM(SUBSTITUTE(SUBSTITUTE(OFFSET($Q55,0,COLUMN()-COLUMN($AL$1)),CHAR(160)," "),_xludf.UNICHAR(8239)," ")) -> #NAME? | AD55: =IF($E55="",0,--(COUNTIFS($E:$E,$E55,$C:$C,">"&$C55)+COUNTIFS($E$8:E55,$E55,$C$8:C55,$C55)=1)) -> 1 | AE55: =IF($C55="","",TEXT($C55,"yyyy-mm")) -> 2026-03 | AF55: =IF(OR($E55="",$AE55=""),0,IF(COUNTIFS($E$8:E55,$E55,$AE$8:AE55,$AE55)=1,1,0)) -> 1 | AG55: =IF($E55="",0,IF(COUNTIF($E$8:E55,$E55)=1,1,0)) -> 1
A56: 49 | B56: محمد ياسر حسن عاشور | C56: 46111 | D56: {=IFERROR( LOOKUP(2, 1/((TRIM(IMS!$E$8:$E$4000)=TRIM(IMS!$E56))*(IMS!$C$8:$C$4000<IMS!$C56)), IMS!$C$8:$C$4000), "")} | E56: 438181174 | F56: 43300 | G56: 8 | H56: =IF(G56="","",IF(G56<=5,"0-5",IF(G56<=18,"6-18",IF(G56<=60,"19-60","+60")))) -> 6-18 | I56: Male | J56: =IF(OR(LOWER(TRIM(SUBSTITUTE(SUBSTITUTE($I56,CHAR(160)," "),_xludf.UNICHAR(8239)," ")))="male", LOWER(TRIM(SUBSTITUTE(SUBSTITUTE($I56,CHAR(160)," "),_xludf.UNICHAR(8239)," ")))="m", LOWER(TRIM(SUBSTITUTE(SUBSTITUTE($I56,CHAR(160)," "),_xludf.UNICHAR(8239)," ")))="males"), "male", IF(OR(LOWER(TRIM(SUBSTITUTE(SUBSTITUTE($I56,CHAR(160)," "),_xludf.UNICHAR(8239)," ")))="female", LOWER(TRIM(SUBSTITUTE(SUBSTITUTE($I56,CHAR(160)," "),_xludf.UNICHAR(8239)," ")))="f", LOWER(TRIM(SUBSTITUTE(SUBSTITUTE($I56,CHAR(160)," "),_xludf.UNICHAR(8239)," ")))="females"), "female", "")) -> #NAME? | K56: 599776947 | L56: Alnussirat | M56: N/A | N56: No | P56: Displaced | Q56: FM- CD | X56: =IF(E56="","",UPPER(LEFT($C$3,1)&"-"&LEFT($C$4,1)&"-"&TEXT(ROW(B49),"000")&"-"&TEXT(C56,"dd-mm"))) -> --049-30-03 | Y56: =TRIM(SUBSTITUTE(SUBSTITUTE(OFFSET($Q56,0,COLUMN()-COLUMN($AL$1)),CHAR(160)," "),_xludf.UNICHAR(8239)," ")) -> #NAME? | Z56: =TRIM(SUBSTITUTE(SUBSTITUTE(OFFSET($Q56,0,COLUMN()-COLUMN($AL$1)),CHAR(160)," "),_xludf.UNICHAR(8239)," ")) -> #NAME? | AA56: =TRIM(SUBSTITUTE(SUBSTITUTE(OFFSET($Q56,0,COLUMN()-COLUMN($AL$1)),CHAR(160)," "),_xludf.UNICHAR(8239)," ")) -> #NAME? | AB56: =TRIM(SUBSTITUTE(SUBSTITUTE(OFFSET($Q56,0,COLUMN()-COLUMN($AL$1)),CHAR(160)," "),_xludf.UNICHAR(8239)," ")) -> #NAME? | AC56: =TRIM(SUBSTITUTE(SUBSTITUTE(OFFSET($Q56,0,COLUMN()-COLUMN($AL$1)),CHAR(160)," "),_xludf.UNICHAR(8239)," ")) -> #NAME? | AD56: =IF($E56="",0,--(COUNTIFS($E:$E,$E56,$C:$C,">"&$C56)+COUNTIFS($E$8:E56,$E56,$C$8:C56,$C56)=1)) -> 1 | AE56: =IF($C56="","",TEXT($C56,"yyyy-mm")) -> 2026-03 | AF56: =IF(OR($E56="",$AE56=""),0,IF(COUNTIFS($E$8:E56,$E56,$AE$8:AE56,$AE56)=1,1,0)) -> 1 | AG56: =IF($E56="",0,IF(COUNTIF($E$8:E56,$E56)=1,1,0)) -> 1
A57: 50 | B57: عبير ناهض عطا ابو شحادة | C57: 46111 | D57: {=IFERROR( LOOKUP(2, 1/((TRIM(IMS!$E$8:$E$4000)=TRIM(IMS!$E57))*(IMS!$C$8:$C$4000<IMS!$C57)), IMS!$C$8:$C$4000), "")} | E57: 906520572 | F57: 30948 | G57: 42 | H57: =IF(G57="","",IF(G57<=5,"0-5",IF(G57<=18,"6-18",IF(G57<=60,"19-60","+60")))) -> 19-60 | I57: FEMALE | J57: =IF(OR(LOWER(TRIM(SUBSTITUTE(SUBSTITUTE($I57,CHAR(160)," "),_xludf.UNICHAR(8239)," ")))="male", LOWER(TRIM(SUBSTITUTE(SUBSTITUTE($I57,CHAR(160)," "),_xludf.UNICHAR(8239)," ")))="m", LOWER(TRIM(SUBSTITUTE(SUBSTITUTE($I57,CHAR(160)," "),_xludf.UNICHAR(8239)," ")))="males"), "male", IF(OR(LOWER(TRIM(SUBSTITUTE(SUBSTITUTE($I57,CHAR(160)," "),_xludf.UNICHAR(8239)," ")))="female", LOWER(TRIM(SUBSTITUTE(SUBSTITUTE($I57,CHAR(160)," "),_xludf.UNICHAR(8239)," ")))="f", LOWER(TRIM(SUBSTITUTE(SUBSTITUTE($I57,CHAR(160)," "),_xludf.UNICHAR(8239)," ")))="females"), "female", "")) -> #NAME? | K57: 592511139 | L57: Alnussirat | M57: Widowed | N57: No | P57: Displaced | Q57: FM- CD | X57: =IF(E57="","",UPPER(LEFT($C$3,1)&"-"&LEFT($C$4,1)&"-"&TEXT(ROW(B50),"000")&"-"&TEXT(C57,"dd-mm"))) -> --050-30-03 | Y57: =TRIM(SUBSTITUTE(SUBSTITUTE(OFFSET($Q57,0,COLUMN()-COLUMN($AL$1)),CHAR(160)," "),_xludf.UNICHAR(8239)," ")) -> #NAME? | Z57: =TRIM(SUBSTITUTE(SUBSTITUTE(OFFSET($Q57,0,COLUMN()-COLUMN($AL$1)),CHAR(160)," "),_xludf.UNICHAR(8239)," ")) -> #NAME? | AA57: =TRIM(SUBSTITUTE(SUBSTITUTE(OFFSET($Q57,0,COLUMN()-COLUMN($AL$1)),CHAR(160)," "),_xludf.UNICHAR(8239)," ")) -> #NAME? | AB57: =TRIM(SUBSTITUTE(SUBSTITUTE(OFFSET($Q57,0,COLUMN()-COLUMN($AL$1)),CHAR(160)," "),_xludf.UNICHAR(8239)," ")) -> #NAME? | AC57: =TRIM(SUBSTITUTE(SUBSTITUTE(OFFSET($Q57,0,COLUMN()-COLUMN($AL$1)),CHAR(160)," "),_xludf.UNICHAR(8239)," ")) -> #NAME? | AD57: =IF($E57="",0,--(COUNTIFS($E:$E,$E57,$C:$C,">"&$C57)+COUNTIFS($E$8:E57,$E57,$C$8:C57,$C57)=1)) -> 1 | AE57: =IF($C57="","",TEXT($C57,"yyyy-mm")) -> 2026-03 | AF57: =IF(OR($E57="",$AE57=""),0,IF(COUNTIFS($E$8:E57,$E57,$AE$8:AE57,$AE57)=1,1,0)) -> 1 | AG57: =IF($E57="",0,IF(COUNTIF($E$8:E57,$E57)=1,1,0)) -> 1
A58: 51 | B58: مريم مسلم عواد ابو شحادة | C58: 46111 | D58: {=IFERROR( LOOKUP(2, 1/((TRIM(IMS!$E$8:$E$4000)=TRIM(IMS!$E58))*(IMS!$C$8:$C$4000<IMS!$C58)), IMS!$C$8:$C$4000), "")} | E58: 437364540 | F58: 42778 | G58: 9 | H58: =IF(G58="","",IF(G58<=5,"0-5",IF(G58<=18,"6-18",IF(G58<=60,"19-60","+60")))) -> 6-18 | I58: FEMALE | J58: =IF(OR(LOWER(TRIM(SUBSTITUTE(SUBSTITUTE($I58,CHAR(160)," "),_xludf.UNICHAR(8239)," ")))="male", LOWER(TRIM(SUBSTITUTE(SUBSTITUTE($I58,CHAR(160)," "),_xludf.UNICHAR(8239)," ")))="m", LOWER(TRIM(SUBSTITUTE(SUBSTITUTE($I58,CHAR(160)," "),_xludf.UNICHAR(8239)," ")))="males"), "male", IF(OR(LOWER(TRIM(SUBSTITUTE(SUBSTITUTE($I58,CHAR(160)," "),_xludf.UNICHAR(8239)," ")))="female", LOWER(TRIM(SUBSTITUTE(SUBSTITUTE($I58,CHAR(160)," "),_xludf.UNICHAR(8239)," ")))="f", LOWER(TRIM(SUBSTITUTE(SUBSTITUTE($I58,CHAR(160)," "),_xludf.UNICHAR(8239)," ")))="females"), "female", "")) -> #NAME? | K58: 592511139 | L58: Alnussirat | M58: N/A | N58: No | P58: Displaced | Q58: FM- CD | X58: =IF(E58="","",UPPER(LEFT($C$3,1)&"-"&LEFT($C$4,1)&"-"&TEXT(ROW(B51),"000")&"-"&TEXT(C58,"dd-mm"))) -> --051-30-03 | Y58: =TRIM(SUBSTITUTE(SUBSTITUTE(OFFSET($Q58,0,COLUMN()-COLUMN($AL$1)),CHAR(160)," "),_xludf.UNICHAR(8239)," ")) -> #NAME? | Z58: =TRIM(SUBSTITUTE(SUBSTITUTE(OFFSET($Q58,0,COLUMN()-COLUMN($AL$1)),CHAR(160)," "),_xludf.UNICHAR(8239)," ")) -> #NAME? | AA58: =TRIM(SUBSTITUTE(SUBSTITUTE(OFFSET($Q58,0,COLUMN()-COLUMN($AL$1)),CHAR(160)," "),_xludf.UNICHAR(8239)," ")) -> #NAME? | AB58: =TRIM(SUBSTITUTE(SUBSTITUTE(OFFSET($Q58,0,COLUMN()-COLUMN($AL$1)),CHAR(160)," "),_xludf.UNICHAR(8239)," ")) -> #NAME? | AC58: =TRIM(SUBSTITUTE(SUBSTITUTE(OFFSET($Q58,0,COLUMN()-COLUMN($AL$1)),CHAR(160)," "),_xludf.UNICHAR(8239)," ")) -> #NAME? | AD58: =IF($E58="",0,--(COUNTIFS($E:$E,$E58,$C:$C,">"&$C58)+COUNTIFS($E$8:E58,$E58,$C$8:C58,$C58)=1)) -> 1 | AE58: =IF($C58="","",TEXT($C58,"yyyy-mm")) -> 2026-03 | AF58: =IF(OR($E58="",$AE58=""),0,IF(COUNTIFS($E$8:E58,$E58,$AE$8:AE58,$AE58)=1,1,0)) -> 1 | AG58: =IF($E58="",0,IF(COUNTIF($E$8:E58,$E58)=1,1,0)) -> 1
A59: 52 | B59: نسمة محمد عبد الرحمن ابو سمرة | C59: 46111 | D59: {=IFERROR( LOOKUP(2, 1/((TRIM(IMS!$E$8:$E$4000)=TRIM(IMS!$E59))*(IMS!$C$8:$C$4000<IMS!$C59)), IMS!$C$8:$C$4000), "")} | E59: 408151256 | F59: 37930 | G59: 23 | H59: =IF(G59="","",IF(G59<=5,"0-5",IF(G59<=18,"6-18",IF(G59<=60,"19-60","+60")))) -> 19-60 | I59: FEMALE | J59: =IF(OR(LOWER(TRIM(SUBSTITUTE(SUBSTITUTE($I59,CHAR(160)," "),_xludf.UNICHAR(8239)," ")))="male", LOWER(TRIM(SUBSTITUTE(SUBSTITUTE($I59,CHAR(160)," "),_xludf.UNICHAR(8239)," ")))="m", LOWER(TRIM(SUBSTITUTE(SUBSTITUTE($I59,CHAR(160)," "),_xludf.UNICHAR(8239)," ")))="males"), "male", IF(OR(LOWER(TRIM(SUBSTITUTE(SUBSTITUTE($I59,CHAR(160)," "),_xludf.UNICHAR(8239)," ")))="female", LOWER(TRIM(SUBSTITUTE(SUBSTITUTE($I59,CHAR(160)," "),_xludf.UNICHAR(8239)," ")))="f", LOWER(TRIM(SUBSTITUTE(SUBSTITUTE($I59,CHAR(160)," "),_xludf.UNICHAR(8239)," ")))="females"), "female", "")) -> #NAME? | K59: 597126328 | L59: Alnussirat | M59: Married | N59: No | P59: Displaced | Q59: FM- CD | X59: =IF(E59="","",UPPER(LEFT($C$3,1)&"-"&LEFT($C$4,1)&"-"&TEXT(ROW(B52),"000")&"-"&TEXT(C59,"dd-mm"))) -> --052-30-03 | Y59: =TRIM(SUBSTITUTE(SUBSTITUTE(OFFSET($Q59,0,COLUMN()-COLUMN($AL$1)),CHAR(160)," "),_xludf.UNICHAR(8239)," ")) -> #NAME? | Z59: =TRIM(SUBSTITUTE(SUBSTITUTE(OFFSET($Q59,0,COLUMN()-COLUMN($AL$1)),CHAR(160)," "),_xludf.UNICHAR(8239)," ")) -> #NAME? | AA59: =TRIM(SUBSTITUTE(SUBSTITUTE(OFFSET($Q59,0,COLUMN()-COLUMN($AL$1)),CHAR(160)," "),_xludf.UNICHAR(8239)," ")) -> #NAME? | AB59: =TRIM(SUBSTITUTE(SUBSTITUTE(OFFSET($Q59,0,COLUMN()-COLUMN($AL$1)),CHAR(160)," "),_xludf.UNICHAR(8239)," ")) -> #NAME? | AC59: =TRIM(SUBSTITUTE(SUBSTITUTE(OFFSET($Q59,0,COLUMN()-COLUMN($AL$1)),CHAR(160)," "),_xludf.UNICHAR(8239)," ")) -> #NAME? | AD59: =IF($E59="",0,--(COUNTIFS($E:$E,$E59,$C:$C,">"&$C59)+COUNTIFS($E$8:E59,$E59,$C$8:C59,$C59)=1)) -> 0 | AE59: =IF($C59="","",TEXT($C59,"yyyy-mm")) -> 2026-03 | AF59: =IF(OR($E59="",$AE59=""),0,IF(COUNTIFS($E$8:E59,$E59,$AE$8:AE59,$AE59)=1,1,0)) -> 1 | AG59: =IF($E59="",0,IF(COUNTIF($E$8:E59,$E59)=1,1,0)) -> 1
A60: 53 | B60: هبة عائد عماد ابو صبرة | C60: 46111 | D60: {=IFERROR( LOOKUP(2, 1/((TRIM(IMS!$E$8:$E$4000)=TRIM(IMS!$E60))*(IMS!$C$8:$C$4000<IMS!$C60)), IMS!$C$8:$C$4000), "")} | E60: 470628413 | F60: 45836 | G60: 9شهور | H60: =IF(G60="","",IF(G60<=5,"0-5",IF(G60<=18,"6-18",IF(G60<=60,"19-60","+60")))) -> +60 | I60: FEMALE | J60: =IF(OR(LOWER(TRIM(SUBSTITUTE(SUBSTITUTE($I60,CHAR(160)," "),_xludf.UNICHAR(8239)," ")))="male", LOWER(TRIM(SUBSTITUTE(SUBSTITUTE($I60,CHAR(160)," "),_xludf.UNICHAR(8239)," ")))="m", LOWER(TRIM(SUBSTITUTE(SUBSTITUTE($I60,CHAR(160)," "),_xludf.UNICHAR(8239)," ")))="males"), "male", IF(OR(LOWER(TRIM(SUBSTITUTE(SUBSTITUTE($I60,CHAR(160)," "),_xludf.UNICHAR(8239)," ")))="female", LOWER(TRIM(SUBSTITUTE(SUBSTITUTE($I60,CHAR(160)," "),_xludf.UNICHAR(8239)," ")))="f", LOWER(TRIM(SUBSTITUTE(SUBSTITUTE($I60,CHAR(160)," "),_xludf.UNICHAR(8239)," ")))="females"), "female", "")) -> #NAME? | K60: 597126328 | L60: Alnussirat | M60: N/A | N60: No | P60: Displaced | S60: Dressing | X60: =IF(E60="","",UPPER(LEFT($C$3,1)&"-"&LEFT($C$4,1)&"-"&TEXT(ROW(B53),"000")&"-"&TEXT(C60,"dd-mm"))) -> --053-30-03 | Y60: =TRIM(SUBSTITUTE(SUBSTITUTE(OFFSET($Q60,0,COLUMN()-COLUMN($AL$1)),CHAR(160)," "),_xludf.UNICHAR(8239)," ")) -> #NAME? | Z60: =TRIM(SUBSTITUTE(SUBSTITUTE(OFFSET($Q60,0,COLUMN()-COLUMN($AL$1)),CHAR(160)," "),_xludf.UNICHAR(8239)," ")) -> #NAME? | AA60: =TRIM(SUBSTITUTE(SUBSTITUTE(OFFSET($Q60,0,COLUMN()-COLUMN($AL$1)),CHAR(160)," "),_xludf.UNICHAR(8239)," ")) -> #NAME? | AB60: =TRIM(SUBSTITUTE(SUBSTITUTE(OFFSET($Q60,0,COLUMN()-COLUMN($AL$1)),CHAR(160)," "),_xludf.UNICHAR(8239)," ")) -> #NAME? | AC60: =TRIM(SUBSTITUTE(SUBSTITUTE(OFFSET($Q60,0,COLUMN()-COLUMN($AL$1)),CHAR(160)," "),_xludf.UNICHAR(8239)," ")) -> #NAME? | AD60: =IF($E60="",0,--(COUNTIFS($E:$E,$E60,$C:$C,">"&$C60)+COUNTIFS($E$8:E60,$E60,$C$8:C60,$C60)=1)) -> 0 | AE60: =IF($C60="","",TEXT($C60,"yyyy-mm")) -> 2026-03 | AF60: =IF(OR($E60="",$AE60=""),0,IF(COUNTIFS($E$8:E60,$E60,$AE$8:AE60,$AE60)=1,1,0)) -> 1 | AG60: =IF($E60="",0,IF(COUNTIF($E$8:E60,$E60)=1,1,0)) -> 1
A61: 54 | B61: الاء عبد الرحمن كامل غالية | C61: 46111 | D61: {=IFERROR( LOOKUP(2, 1/((TRIM(IMS!$E$8:$E$4000)=TRIM(IMS!$E61))*(IMS!$C$8:$C$4000<IMS!$C61)), IMS!$C$8:$C$4000), "")} | E61: 408522043 | F61: 37329 | G61: 24 | H61: =IF(G61="","",IF(G61<=5,"0-5",IF(G61<=18,"6-18",IF(G61<=60,"19-60","+60")))) -> 19-60 | I61: FEMALE | J61: =IF(OR(LOWER(TRIM(SUBSTITUTE(SUBSTITUTE($I61,CHAR(160)," "),_xludf.UNICHAR(8239)," ")))="male", LOWER(TRIM(SUBSTITUTE(SUBSTITUTE($I61,CHAR(160)," "),_xludf.UNICHAR(8239)," ")))="m", LOWER(TRIM(SUBSTITUTE(SUBSTITUTE($I61,CHAR(160)," "),_xludf.UNICHAR(8239)," ")))="males"), "male", IF(OR(LOWER(TRIM(SUBSTITUTE(SUBSTITUTE($I61,CHAR(160)," "),_xludf.UNICHAR(8239)," ")))="female", LOWER(TRIM(SUBSTITUTE(SUBSTITUTE($I61,CHAR(160)," "),_xludf.UNICHAR(8239)," ")))="f", LOWER(TRIM(SUBSTITUTE(SUBSTITUTE($I61,CHAR(160)," "),_xludf.UNICHAR(8239)," ")))="females"), "female", "")) -> #NAME? | K61: 598773481 | L61: Alnussirat | M61: Married | N61: No | P61: Displaced | R61: FP | X61: =IF(E61="","",UPPER(LEFT($C$3,1)&"-"&LEFT($C$4,1)&"-"&TEXT(ROW(B54),"000")&"-"&TEXT(C61,"dd-mm"))) -> --054-30-03 | Y61: =TRIM(SUBSTITUTE(SUBSTITUTE(OFFSET($Q61,0,COLUMN()-COLUMN($AL$1)),CHAR(160)," "),_xludf.UNICHAR(8239)," ")) -> #NAME? | Z61: =TRIM(SUBSTITUTE(SUBSTITUTE(OFFSET($Q61,0,COLUMN()-COLUMN($AL$1)),CHAR(160)," "),_xludf.UNICHAR(8239)," ")) -> #NAME? | AA61: =TRIM(SUBSTITUTE(SUBSTITUTE(OFFSET($Q61,0,COLUMN()-COLUMN($AL$1)),CHAR(160)," "),_xludf.UNICHAR(8239)," ")) -> #NAME? | AB61: =TRIM(SUBSTITUTE(SUBSTITUTE(OFFSET($Q61,0,COLUMN()-COLUMN($AL$1)),CHAR(160)," "),_xludf.UNICHAR(8239)," ")) -> #NAME? | AC61: =TRIM(SUBSTITUTE(SUBSTITUTE(OFFSET($Q61,0,COLUMN()-COLUMN($AL$1)),CHAR(160)," "),_xludf.UNICHAR(8239)," ")) -> #NAME? | AD61: =IF($E61="",0,--(COUNTIFS($E:$E,$E61,$C:$C,">"&$C61)+COUNTIFS($E$8:E61,$E61,$C$8:C61,$C61)=1)) -> 0 | AE61: =IF($C61="","",TEXT($C61,"yyyy-mm")) -> 2026-03 | AF61: =IF(OR($E61="",$AE61=""),0,IF(COUNTIFS($E$8:E61,$E61,$AE$8:AE61,$AE61)=1,1,0)) -> 1 | AG61: =IF($E61="",0,IF(COUNTIF($E$8:E61,$E61)=1,1,0)) -> 1
A62: 55 | B62: دانا حمادة رمضان غالية | C62: 46111 | D62: {=IFERROR( LOOKUP(2, 1/((TRIM(IMS!$E$8:$E$4000)=TRIM(IMS!$E62))*(IMS!$C$8:$C$4000<IMS!$C62)), IMS!$C$8:$C$4000), "")} | E62: 470502923 | F62: 46031 | G62: 1 | H62: =IF(G62="","",IF(G62<=5,"0-5",IF(G62<=18,"6-18",IF(G62<=60,"19-60","+60")))) -> 0-5 | I62: FEMALE | J62: =IF(OR(LOWER(TRIM(SUBSTITUTE(SUBSTITUTE($I62,CHAR(160)," "),_xludf.UNICHAR(8239)," ")))="male", LOWER(TRIM(SUBSTITUTE(SUBSTITUTE($I62,CHAR(160)," "),_xludf.UNICHAR(8239)," ")))="m", LOWER(TRIM(SUBSTITUTE(SUBSTITUTE($I62,CHAR(160)," "),_xludf.UNICHAR(8239)," ")))="males"), "male", IF(OR(LOWER(TRIM(SUBSTITUTE(SUBSTITUTE($I62,CHAR(160)," "),_xludf.UNICHAR(8239)," ")))="female", LOWER(TRIM(SUBSTITUTE(SUBSTITUTE($I62,CHAR(160)," "),_xludf.UNICHAR(8239)," ")))="f", LOWER(TRIM(SUBSTITUTE(SUBSTITUTE($I62,CHAR(160)," "),_xludf.UNICHAR(8239)," ")))="females"), "female", "")) -> #NAME? | K62: 598773481 | L62: Alnussirat | M62: N/A | N62: No | P62: Displaced | Q62: FM- CD | X62: =IF(E62="","",UPPER(LEFT($C$3,1)&"-"&LEFT($C$4,1)&"-"&TEXT(ROW(B55),"000")&"-"&TEXT(C62,"dd-mm"))) -> --055-30-03 | Y62: =TRIM(SUBSTITUTE(SUBSTITUTE(OFFSET($Q62,0,COLUMN()-COLUMN($AL$1)),CHAR(160)," "),_xludf.UNICHAR(8239)," ")) -> #NAME? | Z62: =TRIM(SUBSTITUTE(SUBSTITUTE(OFFSET($Q62,0,COLUMN()-COLUMN($AL$1)),CHAR(160)," "),_xludf.UNICHAR(8239)," ")) -> #NAME? | AA62: =TRIM(SUBSTITUTE(SUBSTITUTE(OFFSET($Q62,0,COLUMN()-COLUMN($AL$1)),CHAR(160)," "),_xludf.UNICHAR(8239)," ")) -> #NAME? | AB62: =TRIM(SUBSTITUTE(SUBSTITUTE(OFFSET($Q62,0,COLUMN()-COLUMN($AL$1)),CHAR(160)," "),_xludf.UNICHAR(8239)," ")) -> #NAME? | AC62: =TRIM(SUBSTITUTE(SUBSTITUTE(OFFSET($Q62,0,COLUMN()-COLUMN($AL$1)),CHAR(160)," "),_xludf.UNICHAR(8239)," ")) -> #NAME? | AD62: =IF($E62="",0,--(COUNTIFS($E:$E,$E62,$C:$C,">"&$C62)+COUNTIFS($E$8:E62,$E62,$C$8:C62,$C62)=1)) -> 0 | AE62: =IF($C62="","",TEXT($C62,"yyyy-mm")) -> 2026-03 | AF62: =IF(OR($E62="",$AE62=""),0,IF(COUNTIFS($E$8:E62,$E62,$AE$8:AE62,$AE62)=1,1,0)) -> 1 | AG62: =IF($E62="",0,IF(COUNTIF($E$8:E62,$E62)=1,1,0)) -> 1
A63: 56 | B63: دولت معين عابد عبيد | C63: 46111 | D63: {=IFERROR( LOOKUP(2, 1/((TRIM(IMS!$E$8:$E$4000)=TRIM(IMS!$E63))*(IMS!$C$8:$C$4000<IMS!$C63)), IMS!$C$8:$C$4000), "")} | E63: 421195751 | F63: 38581 | G63: 21 | H63: =IF(G63="","",IF(G63<=5,"0-5",IF(G63<=18,"6-18",IF(G63<=60,"19-60","+60")))) -> 19-60 | I63: FEMALE | J63: =IF(OR(LOWER(TRIM(SUBSTITUTE(SUBSTITUTE($I63,CHAR(160)," "),_xludf.UNICHAR(8239)," ")))="male", LOWER(TRIM(SUBSTITUTE(SUBSTITUTE($I63,CHAR(160)," "),_xludf.UNICHAR(8239)," ")))="m", LOWER(TRIM(SUBSTITUTE(SUBSTITUTE($I63,CHAR(160)," "),_xludf.UNICHAR(8239)," ")))="males"), "male", IF(OR(LOWER(TRIM(SUBSTITUTE(SUBSTITUTE($I63,CHAR(160)," "),_xludf.UNICHAR(8239)," ")))="female", LOWER(TRIM(SUBSTITUTE(SUBSTITUTE($I63,CHAR(160)," "),_xludf.UNICHAR(8239)," ")))="f", LOWER(TRIM(SUBSTITUTE(SUBSTITUTE($I63,CHAR(160)," "),_xludf.UNICHAR(8239)," ")))="females"), "female", "")) -> #NAME? | K63: 598693648 | L63: Alnussirat | M63: Married | N63: No | P63: Displaced | R63: ANC | X63: =IF(E63="","",UPPER(LEFT($C$3,1)&"-"&LEFT($C$4,1)&"-"&TEXT(ROW(B56),"000")&"-"&TEXT(C63,"dd-mm"))) -> --056-30-03 | Y63: =TRIM(SUBSTITUTE(SUBSTITUTE(OFFSET($Q63,0,COLUMN()-COLUMN($AL$1)),CHAR(160)," "),_xludf.UNICHAR(8239)," ")) -> #NAME? | Z63: =TRIM(SUBSTITUTE(SUBSTITUTE(OFFSET($Q63,0,COLUMN()-COLUMN($AL$1)),CHAR(160)," "),_xludf.UNICHAR(8239)," ")) -> #NAME? | AA63: =TRIM(SUBSTITUTE(SUBSTITUTE(OFFSET($Q63,0,COLUMN()-COLUMN($AL$1)),CHAR(160)," "),_xludf.UNICHAR(8239)," ")) -> #NAME? | AB63: =TRIM(SUBSTITUTE(SUBSTITUTE(OFFSET($Q63,0,COLUMN()-COLUMN($AL$1)),CHAR(160)," "),_xludf.UNICHAR(8239)," ")) -> #NAME? | AC63: =TRIM(SUBSTITUTE(SUBSTITUTE(OFFSET($Q63,0,COLUMN()-COLUMN($AL$1)),CHAR(160)," "),_xludf.UNICHAR(8239)," ")) -> #NAME? | AD63: =IF($E63="",0,--(COUNTIFS($E:$E,$E63,$C:$C,">"&$C63)+COUNTIFS($E$8:E63,$E63,$C$8:C63,$C63)=1)) -> 1 | AE63: =IF($C63="","",TEXT($C63,"yyyy-mm")) -> 2026-03 | AF63: =IF(OR($E63="",$AE63=""),0,IF(COUNTIFS($E$8:E63,$E63,$AE$8:AE63,$AE63)=1,1,0)) -> 1 | AG63: =IF($E63="",0,IF(COUNTIF($E$8:E63,$E63)=1,1,0)) -> 1
A64: 57 | B64: يامن لؤي رائد غبن | C64: 46111 | D64: {=IFERROR( LOOKUP(2, 1/((TRIM(IMS!$E$8:$E$4000)=TRIM(IMS!$E64))*(IMS!$C$8:$C$4000<IMS!$C64)), IMS!$C$8:$C$4000), "")} | E64: 445914385 | F64: 45433 | G64: 2 | H64: =IF(G64="","",IF(G64<=5,"0-5",IF(G64<=18,"6-18",IF(G64<=60,"19-60","+60")))) -> 0-5 | I64: Male | J64: =IF(OR(LOWER(TRIM(SUBSTITUTE(SUBSTITUTE($I64,CHAR(160)," "),_xludf.UNICHAR(8239)," ")))="male", LOWER(TRIM(SUBSTITUTE(SUBSTITUTE($I64,CHAR(160)," "),_xludf.UNICHAR(8239)," ")))="m", LOWER(TRIM(SUBSTITUTE(SUBSTITUTE($I64,CHAR(160)," "),_xludf.UNICHAR(8239)," ")))="males"), "male", IF(OR(LOWER(TRIM(SUBSTITUTE(SUBSTITUTE($I64,CHAR(160)," "),_xludf.UNICHAR(8239)," ")))="female", LOWER(TRIM(SUBSTITUTE(SUBSTITUTE($I64,CHAR(160)," "),_xludf.UNICHAR(8239)," ")))="f", LOWER(TRIM(SUBSTITUTE(SUBSTITUTE($I64,CHAR(160)," "),_xludf.UNICHAR(8239)," ")))="females"), "female", "")) -> #NAME? | K64: 598693648 | L64: Alnussirat | M64: N/A | N64: No | P64: Displaced | Q64: FM- CD | X64: =IF(E64="","",UPPER(LEFT($C$3,1)&"-"&LEFT($C$4,1)&"-"&TEXT(ROW(B57),"000")&"-"&TEXT(C64,"dd-mm"))) -> --057-30-03 | Y64: =TRIM(SUBSTITUTE(SUBSTITUTE(OFFSET($Q64,0,COLUMN()-COLUMN($AL$1)),CHAR(160)," "),_xludf.UNICHAR(8239)," ")) -> #NAME? | Z64: =TRIM(SUBSTITUTE(SUBSTITUTE(OFFSET($Q64,0,COLUMN()-COLUMN($AL$1)),CHAR(160)," "),_xludf.UNICHAR(8239)," ")) -> #NAME? | AA64: =TRIM(SUBSTITUTE(SUBSTITUTE(OFFSET($Q64,0,COLUMN()-COLUMN($AL$1)),CHAR(160)," "),_xludf.UNICHAR(8239)," ")) -> #NAME? | AB64: =TRIM(SUBSTITUTE(SUBSTITUTE(OFFSET($Q64,0,COLUMN()-COLUMN($AL$1)),CHAR(160)," "),_xludf.UNICHAR(8239)," ")) -> #NAME? | AC64: =TRIM(SUBSTITUTE(SUBSTITUTE(OFFSET($Q64,0,COLUMN()-COLUMN($AL$1)),CHAR(160)," "),_xludf.UNICHAR(8239)," ")) -> #NAME? | AD64: =IF($E64="",0,--(COUNTIFS($E:$E,$E64,$C:$C,">"&$C64)+COUNTIFS($E$8:E64,$E64,$C$8:C64,$C64)=1)) -> 1 | AE64: =IF($C64="","",TEXT($C64,"yyyy-mm")) -> 2026-03 | AF64: =IF(OR($E64="",$AE64=""),0,IF(COUNTIFS($E$8:E64,$E64,$AE$8:AE64,$AE64)=1,1,0)) -> 1 | AG64: =IF($E64="",0,IF(COUNTIF($E$8:E64,$E64)=1,1,0)) -> 1
A65: 58 | B65: نجوى ابراهيم عبد الفتاح كتكت | C65: 46111 | D65: {=IFERROR( LOOKUP(2, 1/((TRIM(IMS!$E$8:$E$4000)=TRIM(IMS!$E65))*(IMS!$C$8:$C$4000<IMS!$C65)), IMS!$C$8:$C$4000), "")} | E65: 917039133 | F65: 23348 | G65: 63 | H65: =IF(G65="","",IF(G65<=5,"0-5",IF(G65<=18,"6-18",IF(G65<=60,"19-60","+60")))) -> +60 | I65: FEMALE | J65: =IF(OR(LOWER(TRIM(SUBSTITUTE(SUBSTITUTE($I65,CHAR(160)," "),_xludf.UNICHAR(8239)," ")))="male", LOWER(TRIM(SUBSTITUTE(SUBSTITUTE($I65,CHAR(160)," "),_xludf.UNICHAR(8239)," ")))="m", LOWER(TRIM(SUBSTITUTE(SUBSTITUTE($I65,CHAR(160)," "),_xludf.UNICHAR(8239)," ")))="males"), "male", IF(OR(LOWER(TRIM(SUBSTITUTE(SUBSTITUTE($I65,CHAR(160)," "),_xludf.UNICHAR(8239)," ")))="female", LOWER(TRIM(SUBSTITUTE(SUBSTITUTE($I65,CHAR(160)," "),_xludf.UNICHAR(8239)," ")))="f", LOWER(TRIM(SUBSTITUTE(SUBSTITUTE($I65,CHAR(160)," "),_xludf.UNICHAR(8239)," ")))="females"), "female", "")) -> #NAME? | K65: 599860582 | L65: Alnussirat | M65: Married | N65: No | P65: Displaced | Q65: FM- CD | X65: =IF(E65="","",UPPER(LEFT($C$3,1)&"-"&LEFT($C$4,1)&"-"&TEXT(ROW(B58),"000")&"-"&TEXT(C65,"dd-mm"))) -> --058-30-03 | Y65: =TRIM(SUBSTITUTE(SUBSTITUTE(OFFSET($Q65,0,COLUMN()-COLUMN($AL$1)),CHAR(160)," "),_xludf.UNICHAR(8239)," ")) -> #NAME? | Z65: =TRIM(SUBSTITUTE(SUBSTITUTE(OFFSET($Q65,0,COLUMN()-COLUMN($AL$1)),CHAR(160)," "),_xludf.UNICHAR(8239)," ")) -> #NAME? | AA65: =TRIM(SUBSTITUTE(SUBSTITUTE(OFFSET($Q65,0,COLUMN()-COLUMN($AL$1)),CHAR(160)," "),_xludf.UNICHAR(8239)," ")) -> #NAME? | AB65: =TRIM(SUBSTITUTE(SUBSTITUTE(OFFSET($Q65,0,COLUMN()-COLUMN($AL$1)),CHAR(160)," "),_xludf.UNICHAR(8239)," ")) -> #NAME? | AC65: =TRIM(SUBSTITUTE(SUBSTITUTE(OFFSET($Q65,0,COLUMN()-COLUMN($AL$1)),CHAR(160)," "),_xludf.UNICHAR(8239)," ")) -> #NAME? | AD65: =IF($E65="",0,--(COUNTIFS($E:$E,$E65,$C:$C,">"&$C65)+COUNTIFS($E$8:E65,$E65,$C$8:C65,$C65)=1)) -> 1 | AE65: =IF($C65="","",TEXT($C65,"yyyy-mm")) -> 2026-03 | AF65: =IF(OR($E65="",$AE65=""),0,IF(COUNTIFS($E$8:E65,$E65,$AE$8:AE65,$AE65)=1,1,0)) -> 1 | AG65: =IF($E65="",0,IF(COUNTIF($E$8:E65,$E65)=1,1,0)) -> 1
A66: 59 | B66: ريم خليل مصطفى ابو شاويش | C66: 46111 | D66: {=IFERROR( LOOKUP(2, 1/((TRIM(IMS!$E$8:$E$4000)=TRIM(IMS!$E66))*(IMS!$C$8:$C$4000<IMS!$C66)), IMS!$C$8:$C$4000), "")} | E66: 411033665 | F66: 30435 | G66: 43 | H66: =IF(G66="","",IF(G66<=5,"0-5",IF(G66<=18,"6-18",IF(G66<=60,"19-60","+60")))) -> 19-60 | I66: FEMALE | J66: =IF(OR(LOWER(TRIM(SUBSTITUTE(SUBSTITUTE($I66,CHAR(160)," "),_xludf.UNICHAR(8239)," ")))="male", LOWER(TRIM(SUBSTITUTE(SUBSTITUTE($I66,CHAR(160)," "),_xludf.UNICHAR(8239)," ")))="m", LOWER(TRIM(SUBSTITUTE(SUBSTITUTE($I66,CHAR(160)," "),_xludf.UNICHAR(8239)," ")))="males"), "male", IF(OR(LOWER(TRIM(SUBSTITUTE(SUBSTITUTE($I66,CHAR(160)," "),_xludf.UNICHAR(8239)," ")))="female", LOWER(TRIM(SUBSTITUTE(SUBSTITUTE($I66,CHAR(160)," "),_xludf.UNICHAR(8239)," ")))="f", LOWER(TRIM(SUBSTITUTE(SUBSTITUTE($I66,CHAR(160)," "),_xludf.UNICHAR(8239)," ")))="females"), "female", "")) -> #NAME? | K66: 599928988 | L66: Alnussirat | M66: Married | N66: No | P66: Host Community | R66: GYN | X66: =IF(E66="","",UPPER(LEFT($C$3,1)&"-"&LEFT($C$4,1)&"-"&TEXT(ROW(B59),"000")&"-"&TEXT(C66,"dd-mm"))) -> --059-30-03 | Y66: =TRIM(SUBSTITUTE(SUBSTITUTE(OFFSET($Q66,0,COLUMN()-COLUMN($AL$1)),CHAR(160)," "),_xludf.UNICHAR(8239)," ")) -> #NAME? | Z66: =TRIM(SUBSTITUTE(SUBSTITUTE(OFFSET($Q66,0,COLUMN()-COLUMN($AL$1)),CHAR(160)," "),_xludf.UNICHAR(8239)," ")) -> #NAME? | AA66: =TRIM(SUBSTITUTE(SUBSTITUTE(OFFSET($Q66,0,COLUMN()-COLUMN($AL$1)),CHAR(160)," "),_xludf.UNICHAR(8239)," ")) -> #NAME? | AB66: =TRIM(SUBSTITUTE(SUBSTITUTE(OFFSET($Q66,0,COLUMN()-COLUMN($AL$1)),CHAR(160)," "),_xludf.UNICHAR(8239)," ")) -> #NAME? | AC66: =TRIM(SUBSTITUTE(SUBSTITUTE(OFFSET($Q66,0,COLUMN()-COLUMN($AL$1)),CHAR(160)," "),_xludf.UNICHAR(8239)," ")) -> #NAME? | AD66: =IF($E66="",0,--(COUNTIFS($E:$E,$E66,$C:$C,">"&$C66)+COUNTIFS($E$8:E66,$E66,$C$8:C66,$C66)=1)) -> 1 | AE66: =IF($C66="","",TEXT($C66,"yyyy-mm")) -> 2026-03 | AF66: =IF(OR($E66="",$AE66=""),0,IF(COUNTIFS($E$8:E66,$E66,$AE$8:AE66,$AE66)=1,1,0)) -> 1 | AG66: =IF($E66="",0,IF(COUNTIF($E$8:E66,$E66)=1,1,0)) -> 1
A67: 60 | B67: صباح يوسف سالم شحادة | C67: 46111 | D67: {=IFERROR( LOOKUP(2, 1/((TRIM(IMS!$E$8:$E$4000)=TRIM(IMS!$E67))*(IMS!$C$8:$C$4000<IMS!$C67)), IMS!$C$8:$C$4000), "")} | E67: 800657348 | F67: 31966 | G67: 39 | H67: =IF(G67="","",IF(G67<=5,"0-5",IF(G67<=18,"6-18",IF(G67<=60,"19-60","+60")))) -> 19-60 | I67: FEMALE | J67: =IF(OR(LOWER(TRIM(SUBSTITUTE(SUBSTITUTE($I67,CHAR(160)," "),_xludf.UNICHAR(8239)," ")))="male", LOWER(TRIM(SUBSTITUTE(SUBSTITUTE($I67,CHAR(160)," "),_xludf.UNICHAR(8239)," ")))="m", LOWER(TRIM(SUBSTITUTE(SUBSTITUTE($I67,CHAR(160)," "),_xludf.UNICHAR(8239)," ")))="males"), "male", IF(OR(LOWER(TRIM(SUBSTITUTE(SUBSTITUTE($I67,CHAR(160)," "),_xludf.UNICHAR(8239)," ")))="female", LOWER(TRIM(SUBSTITUTE(SUBSTITUTE($I67,CHAR(160)," "),_xludf.UNICHAR(8239)," ")))="f", LOWER(TRIM(SUBSTITUTE(SUBSTITUTE($I67,CHAR(160)," "),_xludf.UNICHAR(8239)," ")))="females"), "female", "")) -> #NAME? | K67: 599214853 | L67: Alnussirat | M67: Married | N67: No | P67: Displaced | Q67: FM- CD | X67: =IF(E67="","",UPPER(LEFT($C$3,1)&"-"&LEFT($C$4,1)&"-"&TEXT(ROW(B60),"000")&"-"&TEXT(C67,"dd-mm"))) -> --060-30-03 | Y67: =TRIM(SUBSTITUTE(SUBSTITUTE(OFFSET($Q67,0,COLUMN()-COLUMN($AL$1)),CHAR(160)," "),_xludf.UNICHAR(8239)," ")) -> #NAME? | Z67: =TRIM(SUBSTITUTE(SUBSTITUTE(OFFSET($Q67,0,COLUMN()-COLUMN($AL$1)),CHAR(160)," "),_xludf.UNICHAR(8239)," ")) -> #NAME? | AA67: =TRIM(SUBSTITUTE(SUBSTITUTE(OFFSET($Q67,0,COLUMN()-COLUMN($AL$1)),CHAR(160)," "),_xludf.UNICHAR(8239)," ")) -> #NAME? | AB67: =TRIM(SUBSTITUTE(SUBSTITUTE(OFFSET($Q67,0,COLUMN()-COLUMN($AL$1)),CHAR(160)," "),_xludf.UNICHAR(8239)," ")) -> #NAME? | AC67: =TRIM(SUBSTITUTE(SUBSTITUTE(OFFSET($Q67,0,COLUMN()-COLUMN($AL$1)),CHAR(160)," "),_xludf.UNICHAR(8239)," ")) -> #NAME? | AD67: =IF($E67="",0,--(COUNTIFS($E:$E,$E67,$C:$C,">"&$C67)+COUNTIFS($E$8:E67,$E67,$C$8:C67,$C67)=1)) -> 0 | AE67: =IF($C67="","",TEXT($C67,"yyyy-mm")) -> 2026-03 | AF67: =IF(OR($E67="",$AE67=""),0,IF(COUNTIFS($E$8:E67,$E67,$AE$8:AE67,$AE67)=1,1,0)) -> 1 | AG67: =IF($E67="",0,IF(COUNTIF($E$8:E67,$E67)=1,1,0)) -> 1
A68: 61 | B68: كرم احمد سيد الشعراوي | C68: 46111 | D68: {=IFERROR( LOOKUP(2, 1/((TRIM(IMS!$E$8:$E$4000)=TRIM(IMS!$E68))*(IMS!$C$8:$C$4000<IMS!$C68)), IMS!$C$8:$C$4000), "")} | E68: 444427462 | F68: 45185 | G68: 3 | H68: =IF(G68="","",IF(G68<=5,"0-5",IF(G68<=18,"6-18",IF(G68<=60,"19-60","+60")))) -> 0-5 | I68: Male | J68: =IF(OR(LOWER(TRIM(SUBSTITUTE(SUBSTITUTE($I68,CHAR(160)," "),_xludf.UNICHAR(8239)," ")))="male", LOWER(TRIM(SUBSTITUTE(SUBSTITUTE($I68,CHAR(160)," "),_xludf.UNICHAR(8239)," ")))="m", LOWER(TRIM(SUBSTITUTE(SUBSTITUTE($I68,CHAR(160)," "),_xludf.UNICHAR(8239)," ")))="males"), "male", IF(OR(LOWER(TRIM(SUBSTITUTE(SUBSTITUTE($I68,CHAR(160)," "),_xludf.UNICHAR(8239)," ")))="female", LOWER(TRIM(SUBSTITUTE(SUBSTITUTE($I68,CHAR(160)," "),_xludf.UNICHAR(8239)," ")))="f", LOWER(TRIM(SUBSTITUTE(SUBSTITUTE($I68,CHAR(160)," "),_xludf.UNICHAR(8239)," ")))="females"), "female", "")) -> #NAME? | K68: 595266744 | L68: Alnussirat | M68: N/A | N68: No | P68: Displaced | Q68: FM- CD | X68: =IF(E68="","",UPPER(LEFT($C$3,1)&"-"&LEFT($C$4,1)&"-"&TEXT(ROW(B61),"000")&"-"&TEXT(C68,"dd-mm"))) -> --061-30-03 | Y68: =TRIM(SUBSTITUTE(SUBSTITUTE(OFFSET($Q68,0,COLUMN()-COLUMN($AL$1)),CHAR(160)," "),_xludf.UNICHAR(8239)," ")) -> #NAME? | Z68: =TRIM(SUBSTITUTE(SUBSTITUTE(OFFSET($Q68,0,COLUMN()-COLUMN($AL$1)),CHAR(160)," "),_xludf.UNICHAR(8239)," ")) -> #NAME? | AA68: =TRIM(SUBSTITUTE(SUBSTITUTE(OFFSET($Q68,0,COLUMN()-COLUMN($AL$1)),CHAR(160)," "),_xludf.UNICHAR(8239)," ")) -> #NAME? | AB68: =TRIM(SUBSTITUTE(SUBSTITUTE(OFFSET($Q68,0,COLUMN()-COLUMN($AL$1)),CHAR(160)," "),_xludf.UNICHAR(8239)," ")) -> #NAME? | AC68: =TRIM(SUBSTITUTE(SUBSTITUTE(OFFSET($Q68,0,COLUMN()-COLUMN($AL$1)),CHAR(160)," "),_xludf.UNICHAR(8239)," ")) -> #NAME? | AD68: =IF($E68="",0,--(COUNTIFS($E:$E,$E68,$C:$C,">"&$C68)+COUNTIFS($E$8:E68,$E68,$C$8:C68,$C68)=1)) -> 1 | AE68: =IF($C68="","",TEXT($C68,"yyyy-mm")) -> 2026-03 | AF68: =IF(OR($E68="",$AE68=""),0,IF(COUNTIFS($E$8:E68,$E68,$AE$8:AE68,$AE68)=1,1,0)) -> 1 | AG68: =IF($E68="",0,IF(COUNTIF($E$8:E68,$E68)=1,1,0)) -> 1
A69: 62 | B69: علي احمد سعيد الدوسيقي | C69: 46111 | D69: {=IFERROR( LOOKUP(2, 1/((TRIM(IMS!$E$8:$E$4000)=TRIM(IMS!$E69))*(IMS!$C$8:$C$4000<IMS!$C69)), IMS!$C$8:$C$4000), "")} | E69: 470316779 | F69: 46055 | G69: 1 | H69: =IF(G69="","",IF(G69<=5,"0-5",IF(G69<=18,"6-18",IF(G69<=60,"19-60","+60")))) -> 0-5 | I69: Male | J69: =IF(OR(LOWER(TRIM(SUBSTITUTE(SUBSTITUTE($I69,CHAR(160)," "),_xludf.UNICHAR(8239)," ")))="male", LOWER(TRIM(SUBSTITUTE(SUBSTITUTE($I69,CHAR(160)," "),_xludf.UNICHAR(8239)," ")))="m", LOWER(TRIM(SUBSTITUTE(SUBSTITUTE($I69,CHAR(160)," "),_xludf.UNICHAR(8239)," ")))="males"), "male", IF(OR(LOWER(TRIM(SUBSTITUTE(SUBSTITUTE($I69,CHAR(160)," "),_xludf.UNICHAR(8239)," ")))="female", LOWER(TRIM(SUBSTITUTE(SUBSTITUTE($I69,CHAR(160)," "),_xludf.UNICHAR(8239)," ")))="f", LOWER(TRIM(SUBSTITUTE(SUBSTITUTE($I69,CHAR(160)," "),_xludf.UNICHAR(8239)," ")))="females"), "female", "")) -> #NAME? | K69: 595304423 | L69: Alnussirat | M69: N/A | N69: No | P69: Displaced | Q69: FM- CD | X69: =IF(E69="","",UPPER(LEFT($C$3,1)&"-"&LEFT($C$4,1)&"-"&TEXT(ROW(B62),"000")&"-"&TEXT(C69,"dd-mm"))) -> --062-30-03 | Y69: =TRIM(SUBSTITUTE(SUBSTITUTE(OFFSET($Q69,0,COLUMN()-COLUMN($AL$1)),CHAR(160)," "),_xludf.UNICHAR(8239)," ")) -> #NAME? | Z69: =TRIM(SUBSTITUTE(SUBSTITUTE(OFFSET($Q69,0,COLUMN()-COLUMN($AL$1)),CHAR(160)," "),_xludf.UNICHAR(8239)," ")) -> #NAME? | AA69: =TRIM(SUBSTITUTE(SUBSTITUTE(OFFSET($Q69,0,COLUMN()-COLUMN($AL$1)),CHAR(160)," "),_xludf.UNICHAR(8239)," ")) -> #NAME? | AB69: =TRIM(SUBSTITUTE(SUBSTITUTE(OFFSET($Q69,0,COLUMN()-COLUMN($AL$1)),CHAR(160)," "),_xludf.UNICHAR(8239)," ")) -> #NAME? | AC69: =TRIM(SUBSTITUTE(SUBSTITUTE(OFFSET($Q69,0,COLUMN()-COLUMN($AL$1)),CHAR(160)," "),_xludf.UNICHAR(8239)," ")) -> #NAME? | AD69: =IF($E69="",0,--(COUNTIFS($E:$E,$E69,$C:$C,">"&$C69)+COUNTIFS($E$8:E69,$E69,$C$8:C69,$C69)=1)) -> 0 | AE69: =IF($C69="","",TEXT($C69,"yyyy-mm")) -> 2026-03 | AF69: =IF(OR($E69="",$AE69=""),0,IF(COUNTIFS($E$8:E69,$E69,$AE$8:AE69,$AE69)=1,1,0)) -> 1 | AG69: =IF($E69="",0,IF(COUNTIF($E$8:E69,$E69)=1,1,0)) -> 1
A70: 63 | B70: سجى محمد كامل ابو خاطر | C70: 46111 | D70: {=IFERROR( LOOKUP(2, 1/((TRIM(IMS!$E$8:$E$4000)=TRIM(IMS!$E70))*(IMS!$C$8:$C$4000<IMS!$C70)), IMS!$C$8:$C$4000), "")} | E70: 408794253 | F70: 37783 | G70: 23 | H70: =IF(G70="","",IF(G70<=5,"0-5",IF(G70<=18,"6-18",IF(G70<=60,"19-60","+60")))) -> 19-60 | I70: FEMALE | J70: =IF(OR(LOWER(TRIM(SUBSTITUTE(SUBSTITUTE($I70,CHAR(160)," "),_xludf.UNICHAR(8239)," ")))="male", LOWER(TRIM(SUBSTITUTE(SUBSTITUTE($I70,CHAR(160)," "),_xludf.UNICHAR(8239)," ")))="m", LOWER(TRIM(SUBSTITUTE(SUBSTITUTE($I70,CHAR(160)," "),_xludf.UNICHAR(8239)," ")))="males"), "male", IF(OR(LOWER(TRIM(SUBSTITUTE(SUBSTITUTE($I70,CHAR(160)," "),_xludf.UNICHAR(8239)," ")))="female", LOWER(TRIM(SUBSTITUTE(SUBSTITUTE($I70,CHAR(160)," "),_xludf.UNICHAR(8239)," ")))="f", LOWER(TRIM(SUBSTITUTE(SUBSTITUTE($I70,CHAR(160)," "),_xludf.UNICHAR(8239)," ")))="females"), "female", "")) -> #NAME? | K70: 595304423 | L70: Alnussirat | M70: Married | N70: No | P70: Displaced | Q70: FM- CD | X70: =IF(E70="","",UPPER(LEFT($C$3,1)&"-"&LEFT($C$4,1)&"-"&TEXT(ROW(B63),"000")&"-"&TEXT(C70,"dd-mm"))) -> --063-30-03 | Y70: =TRIM(SUBSTITUTE(SUBSTITUTE(OFFSET($Q70,0,COLUMN()-COLUMN($AL$1)),CHAR(160)," "),_xludf.UNICHAR(8239)," ")) -> #NAME? | Z70: =TRIM(SUBSTITUTE(SUBSTITUTE(OFFSET($Q70,0,COLUMN()-COLUMN($AL$1)),CHAR(160)," "),_xludf.UNICHAR(8239)," ")) -> #NAME? | AA70: =TRIM(SUBSTITUTE(SUBSTITUTE(OFFSET($Q70,0,COLUMN()-COLUMN($AL$1)),CHAR(160)," "),_xludf.UNICHAR(8239)," ")) -> #NAME? | AB70: =TRIM(SUBSTITUTE(SUBSTITUTE(OFFSET($Q70,0,COLUMN()-COLUMN($AL$1)),CHAR(160)," "),_xludf.UNICHAR(8239)," ")) -> #NAME? | AC70: =TRIM(SUBSTITUTE(SUBSTITUTE(OFFSET($Q70,0,COLUMN()-COLUMN($AL$1)),CHAR(160)," "),_xludf.UNICHAR(8239)," ")) -> #NAME? | AD70: =IF($E70="",0,--(COUNTIFS($E:$E,$E70,$C:$C,">"&$C70)+COUNTIFS($E$8:E70,$E70,$C$8:C70,$C70)=1)) -> 0 | AE70: =IF($C70="","",TEXT($C70,"yyyy-mm")) -> 2026-03 | AF70: =IF(OR($E70="",$AE70=""),0,IF(COUNTIFS($E$8:E70,$E70,$AE$8:AE70,$AE70)=1,1,0)) -> 1 | AG70: =IF($E70="",0,IF(COUNTIF($E$8:E70,$E70)=1,1,0)) -> 1
A71: 64 | B71: سراج زكريا حسن وادي | C71: 46111 | D71: {=IFERROR( LOOKUP(2, 1/((TRIM(IMS!$E$8:$E$4000)=TRIM(IMS!$E71))*(IMS!$C$8:$C$4000<IMS!$C71)), IMS!$C$8:$C$4000), "")} | E71: 442326328 | F71: 43035 | G71: 9 | H71: =IF(G71="","",IF(G71<=5,"0-5",IF(G71<=18,"6-18",IF(G71<=60,"19-60","+60")))) -> 6-18 | I71: Male | J71: =IF(OR(LOWER(TRIM(SUBSTITUTE(SUBSTITUTE($I71,CHAR(160)," "),_xludf.UNICHAR(8239)," ")))="male", LOWER(TRIM(SUBSTITUTE(SUBSTITUTE($I71,CHAR(160)," "),_xludf.UNICHAR(8239)," ")))="m", LOWER(TRIM(SUBSTITUTE(SUBSTITUTE($I71,CHAR(160)," "),_xludf.UNICHAR(8239)," ")))="males"), "male", IF(OR(LOWER(TRIM(SUBSTITUTE(SUBSTITUTE($I71,CHAR(160)," "),_xludf.UNICHAR(8239)," ")))="female", LOWER(TRIM(SUBSTITUTE(SUBSTITUTE($I71,CHAR(160)," "),_xludf.UNICHAR(8239)," ")))="f", LOWER(TRIM(SUBSTITUTE(SUBSTITUTE($I71,CHAR(160)," "),_xludf.UNICHAR(8239)," ")))="females"), "female", "")) -> #NAME? | K71: 592799948 | L71: Alnussirat | M71: N/A | N71: No | P71: Displaced | Q71: FM- CD | X71: =IF(E71="","",UPPER(LEFT($C$3,1)&"-"&LEFT($C$4,1)&"-"&TEXT(ROW(B64),"000")&"-"&TEXT(C71,"dd-mm"))) -> --064-30-03 | Y71: =TRIM(SUBSTITUTE(SUBSTITUTE(OFFSET($Q71,0,COLUMN()-COLUMN($AL$1)),CHAR(160)," "),_xludf.UNICHAR(8239)," ")) -> #NAME? | Z71: =TRIM(SUBSTITUTE(SUBSTITUTE(OFFSET($Q71,0,COLUMN()-COLUMN($AL$1)),CHAR(160)," "),_xludf.UNICHAR(8239)," ")) -> #NAME? | AA71: =TRIM(SUBSTITUTE(SUBSTITUTE(OFFSET($Q71,0,COLUMN()-COLUMN($AL$1)),CHAR(160)," "),_xludf.UNICHAR(8239)," ")) -> #NAME? | AB71: =TRIM(SUBSTITUTE(SUBSTITUTE(OFFSET($Q71,0,COLUMN()-COLUMN($AL$1)),CHAR(160)," "),_xludf.UNICHAR(8239)," ")) -> #NAME? | AC71: =TRIM(SUBSTITUTE(SUBSTITUTE(OFFSET($Q71,0,COLUMN()-COLUMN($AL$1)),CHAR(160)," "),_xludf.UNICHAR(8239)," ")) -> #NAME? | AD71: =IF($E71="",0,--(COUNTIFS($E:$E,$E71,$C:$C,">"&$C71)+COUNTIFS($E$8:E71,$E71,$C$8:C71,$C71)=1)) -> 1 | AE71: =IF($C71="","",TEXT($C71,"yyyy-mm")) -> 2026-03 | AF71: =IF(OR($E71="",$AE71=""),0,IF(COUNTIFS($E$8:E71,$E71,$AE$8:AE71,$AE71)=1,1,0)) -> 1 | AG71: =IF($E71="",0,IF(COUNTIF($E$8:E71,$E71)=1,1,0)) -> 1
A72: 65 | B72: ريهام زكريا حسن وادي | C72: 46111 | D72: {=IFERROR( LOOKUP(2, 1/((TRIM(IMS!$E$8:$E$4000)=TRIM(IMS!$E72))*(IMS!$C$8:$C$4000<IMS!$C72)), IMS!$C$8:$C$4000), "")} | E72: 440462015 | F72: 43484 | G72: 7 | H72: =IF(G72="","",IF(G72<=5,"0-5",IF(G72<=18,"6-18",IF(G72<=60,"19-60","+60")))) -> 6-18 | I72: FEMALE | J72: =IF(OR(LOWER(TRIM(SUBSTITUTE(SUBSTITUTE($I72,CHAR(160)," "),_xludf.UNICHAR(8239)," ")))="male", LOWER(TRIM(SUBSTITUTE(SUBSTITUTE($I72,CHAR(160)," "),_xludf.UNICHAR(8239)," ")))="m", LOWER(TRIM(SUBSTITUTE(SUBSTITUTE($I72,CHAR(160)," "),_xludf.UNICHAR(8239)," ")))="males"), "male", IF(OR(LOWER(TRIM(SUBSTITUTE(SUBSTITUTE($I72,CHAR(160)," "),_xludf.UNICHAR(8239)," ")))="female", LOWER(TRIM(SUBSTITUTE(SUBSTITUTE($I72,CHAR(160)," "),_xludf.UNICHAR(8239)," ")))="f", LOWER(TRIM(SUBSTITUTE(SUBSTITUTE($I72,CHAR(160)," "),_xludf.UNICHAR(8239)," ")))="females"), "female", "")) -> #NAME? | K72: 592799948 | L72: Alnussirat | M72: N/A | N72: No | P72: Displaced | Q72: FM- CD | X72: =IF(E72="","",UPPER(LEFT($C$3,1)&"-"&LEFT($C$4,1)&"-"&TEXT(ROW(B65),"000")&"-"&TEXT(C72,"dd-mm"))) -> --065-30-03 | Y72: =TRIM(SUBSTITUTE(SUBSTITUTE(OFFSET($Q72,0,COLUMN()-COLUMN($AL$1)),CHAR(160)," "),_xludf.UNICHAR(8239)," ")) -> #NAME? | Z72: =TRIM(SUBSTITUTE(SUBSTITUTE(OFFSET($Q72,0,COLUMN()-COLUMN($AL$1)),CHAR(160)," "),_xludf.UNICHAR(8239)," ")) -> #NAME? | AA72: =TRIM(SUBSTITUTE(SUBSTITUTE(OFFSET($Q72,0,COLUMN()-COLUMN($AL$1)),CHAR(160)," "),_xludf.UNICHAR(8239)," ")) -> #NAME? | AB72: =TRIM(SUBSTITUTE(SUBSTITUTE(OFFSET($Q72,0,COLUMN()-COLUMN($AL$1)),CHAR(160)," "),_xludf.UNICHAR(8239)," ")) -> #NAME? | AC72: =TRIM(SUBSTITUTE(SUBSTITUTE(OFFSET($Q72,0,COLUMN()-COLUMN($AL$1)),CHAR(160)," "),_xludf.UNICHAR(8239)," ")) -> #NAME? | AD72: =IF($E72="",0,--(COUNTIFS($E:$E,$E72,$C:$C,">"&$C72)+COUNTIFS($E$8:E72,$E72,$C$8:C72,$C72)=1)) -> 1 | AE72: =IF($C72="","",TEXT($C72,"yyyy-mm")) -> 2026-03 | AF72: =IF(OR($E72="",$AE72=""),0,IF(COUNTIFS($E$8:E72,$E72,$AE$8:AE72,$AE72)=1,1,0)) -> 1 | AG72: =IF($E72="",0,IF(COUNTIF($E$8:E72,$E72)=1,1,0)) -> 1
A73: 66 | B73: ادم زكريا حسن وادي | C73: 46111 | D73: {=IFERROR( LOOKUP(2, 1/((TRIM(IMS!$E$8:$E$4000)=TRIM(IMS!$E73))*(IMS!$C$8:$C$4000<IMS!$C73)), IMS!$C$8:$C$4000), "")} | E73: 445484116 | F73: 44687 | G73: 4 | H73: =IF(G73="","",IF(G73<=5,"0-5",IF(G73<=18,"6-18",IF(G73<=60,"19-60","+60")))) -> 0-5 | I73: Male | J73: =IF(OR(LOWER(TRIM(SUBSTITUTE(SUBSTITUTE($I73,CHAR(160)," "),_xludf.UNICHAR(8239)," ")))="male", LOWER(TRIM(SUBSTITUTE(SUBSTITUTE($I73,CHAR(160)," "),_xludf.UNICHAR(8239)," ")))="m", LOWER(TRIM(SUBSTITUTE(SUBSTITUTE($I73,CHAR(160)," "),_xludf.UNICHAR(8239)," ")))="males"), "male", IF(OR(LOWER(TRIM(SUBSTITUTE(SUBSTITUTE($I73,CHAR(160)," "),_xludf.UNICHAR(8239)," ")))="female", LOWER(TRIM(SUBSTITUTE(SUBSTITUTE($I73,CHAR(160)," "),_xludf.UNICHAR(8239)," ")))="f", LOWER(TRIM(SUBSTITUTE(SUBSTITUTE($I73,CHAR(160)," "),_xludf.UNICHAR(8239)," ")))="females"), "female", "")) -> #NAME? | K73: 592799948 | L73: Alnussirat | M73: N/A | N73: No | P73: Displaced | Q73: FM- CD | X73: =IF(E73="","",UPPER(LEFT($C$3,1)&"-"&LEFT($C$4,1)&"-"&TEXT(ROW(B66),"000")&"-"&TEXT(C73,"dd-mm"))) -> --066-30-03 | Y73: =TRIM(SUBSTITUTE(SUBSTITUTE(OFFSET($Q73,0,COLUMN()-COLUMN($AL$1)),CHAR(160)," "),_xludf.UNICHAR(8239)," ")) -> #NAME? | Z73: =TRIM(SUBSTITUTE(SUBSTITUTE(OFFSET($Q73,0,COLUMN()-COLUMN($AL$1)),CHAR(160)," "),_xludf.UNICHAR(8239)," ")) -> #NAME? | AA73: =TRIM(SUBSTITUTE(SUBSTITUTE(OFFSET($Q73,0,COLUMN()-COLUMN($AL$1)),CHAR(160)," "),_xludf.UNICHAR(8239)," ")) -> #NAME? | AB73: =TRIM(SUBSTITUTE(SUBSTITUTE(OFFSET($Q73,0,COLUMN()-COLUMN($AL$1)),CHAR(160)," "),_xludf.UNICHAR(8239)," ")) -> #NAME? | AC73: =TRIM(SUBSTITUTE(SUBSTITUTE(OFFSET($Q73,0,COLUMN()-COLUMN($AL$1)),CHAR(160)," "),_xludf.UNICHAR(8239)," ")) -> #NAME? | AD73: =IF($E73="",0,--(COUNTIFS($E:$E,$E73,$C:$C,">"&$C73)+COUNTIFS($E$8:E73,$E73,$C$8:C73,$C73)=1)) -> 1 | AE73: =IF($C73="","",TEXT($C73,"yyyy-mm")) -> 2026-03 | AF73: =IF(OR($E73="",$AE73=""),0,IF(COUNTIFS($E$8:E73,$E73,$AE$8:AE73,$AE73)=1,1,0)) -> 1 | AG73: =IF($E73="",0,IF(COUNTIF($E$8:E73,$E73)=1,1,0)) -> 1
A74: 67 | B74: تالا مؤمن باسم النديم | C74: 46111 | D74: {=IFERROR( LOOKUP(2, 1/((TRIM(IMS!$E$8:$E$4000)=TRIM(IMS!$E74))*(IMS!$C$8:$C$4000<IMS!$C74)), IMS!$C$8:$C$4000), "")} | E74: 446160285 | F74: 45518 | G74: 2 | H74: =IF(G74="","",IF(G74<=5,"0-5",IF(G74<=18,"6-18",IF(G74<=60,"19-60","+60")))) -> 0-5 | I74: FEMALE | J74: =IF(OR(LOWER(TRIM(SUBSTITUTE(SUBSTITUTE($I74,CHAR(160)," "),_xludf.UNICHAR(8239)," ")))="male", LOWER(TRIM(SUBSTITUTE(SUBSTITUTE($I74,CHAR(160)," "),_xludf.UNICHAR(8239)," ")))="m", LOWER(TRIM(SUBSTITUTE(SUBSTITUTE($I74,CHAR(160)," "),_xludf.UNICHAR(8239)," ")))="males"), "male", IF(OR(LOWER(TRIM(SUBSTITUTE(SUBSTITUTE($I74,CHAR(160)," "),_xludf.UNICHAR(8239)," ")))="female", LOWER(TRIM(SUBSTITUTE(SUBSTITUTE($I74,CHAR(160)," "),_xludf.UNICHAR(8239)," ")))="f", LOWER(TRIM(SUBSTITUTE(SUBSTITUTE($I74,CHAR(160)," "),_xludf.UNICHAR(8239)," ")))="females"), "female", "")) -> #NAME? | K74: 592556080 | L74: Alnussirat | M74: N/A | N74: No | P74: Displaced | Q74: FM- CD | X74: =IF(E74="","",UPPER(LEFT($C$3,1)&"-"&LEFT($C$4,1)&"-"&TEXT(ROW(B67),"000")&"-"&TEXT(C74,"dd-mm"))) -> --067-30-03 | Y74: =TRIM(SUBSTITUTE(SUBSTITUTE(OFFSET($Q74,0,COLUMN()-COLUMN($AL$1)),CHAR(160)," "),_xludf.UNICHAR(8239)," ")) -> #NAME? | Z74: =TRIM(SUBSTITUTE(SUBSTITUTE(OFFSET($Q74,0,COLUMN()-COLUMN($AL$1)),CHAR(160)," "),_xludf.UNICHAR(8239)," ")) -> #NAME? | AA74: =TRIM(SUBSTITUTE(SUBSTITUTE(OFFSET($Q74,0,COLUMN()-COLUMN($AL$1)),CHAR(160)," "),_xludf.UNICHAR(8239)," ")) -> #NAME? | AB74: =TRIM(SUBSTITUTE(SUBSTITUTE(OFFSET($Q74,0,COLUMN()-COLUMN($AL$1)),CHAR(160)," "),_xludf.UNICHAR(8239)," ")) -> #NAME? | AC74: =TRIM(SUBSTITUTE(SUBSTITUTE(OFFSET($Q74,0,COLUMN()-COLUMN($AL$1)),CHAR(160)," "),_xludf.UNICHAR(8239)," ")) -> #NAME? | AD74: =IF($E74="",0,--(COUNTIFS($E:$E,$E74,$C:$C,">"&$C74)+COUNTIFS($E$8:E74,$E74,$C$8:C74,$C74)=1)) -> 1 | AE74: =IF($C74="","",TEXT($C74,"yyyy-mm")) -> 2026-03 | AF74: =IF(OR($E74="",$AE74=""),0,IF(COUNTIFS($E$8:E74,$E74,$AE$8:AE74,$AE74)=1,1,0)) -> 1 | AG74: =IF($E74="",0,IF(COUNTIF($E$8:E74,$E74)=1,1,0)) -> 1
A75: 68 | B75: مرفت فريح خليل بدر | C75: 46111 | D75: {=IFERROR( LOOKUP(2, 1/((TRIM(IMS!$E$8:$E$4000)=TRIM(IMS!$E75))*(IMS!$C$8:$C$4000<IMS!$C75)), IMS!$C$8:$C$4000), "")} | E75: 901018986 | F75: 27849 | G75: 50 | H75: =IF(G75="","",IF(G75<=5,"0-5",IF(G75<=18,"6-18",IF(G75<=60,"19-60","+60")))) -> 19-60 | I75: FEMALE | J75: =IF(OR(LOWER(TRIM(SUBSTITUTE(SUBSTITUTE($I75,CHAR(160)," "),_xludf.UNICHAR(8239)," ")))="male", LOWER(TRIM(SUBSTITUTE(SUBSTITUTE($I75,CHAR(160)," "),_xludf.UNICHAR(8239)," ")))="m", LOWER(TRIM(SUBSTITUTE(SUBSTITUTE($I75,CHAR(160)," "),_xludf.UNICHAR(8239)," ")))="males"), "male", IF(OR(LOWER(TRIM(SUBSTITUTE(SUBSTITUTE($I75,CHAR(160)," "),_xludf.UNICHAR(8239)," ")))="female", LOWER(TRIM(SUBSTITUTE(SUBSTITUTE($I75,CHAR(160)," "),_xludf.UNICHAR(8239)," ")))="f", LOWER(TRIM(SUBSTITUTE(SUBSTITUTE($I75,CHAR(160)," "),_xludf.UNICHAR(8239)," ")))="females"), "female", "")) -> #NAME? | K75: 592615033 | L75: Alnussirat | M75: Married | N75: No | P75: Displaced | Q75: FM- CD | X75: =IF(E75="","",UPPER(LEFT($C$3,1)&"-"&LEFT($C$4,1)&"-"&TEXT(ROW(B68),"000")&"-"&TEXT(C75,"dd-mm"))) -> --068-30-03 | Y75: =TRIM(SUBSTITUTE(SUBSTITUTE(OFFSET($Q75,0,COLUMN()-COLUMN($AL$1)),CHAR(160)," "),_xludf.UNICHAR(8239)," ")) -> #NAME? | Z75: =TRIM(SUBSTITUTE(SUBSTITUTE(OFFSET($Q75,0,COLUMN()-COLUMN($AL$1)),CHAR(160)," "),_xludf.UNICHAR(8239)," ")) -> #NAME? | AA75: =TRIM(SUBSTITUTE(SUBSTITUTE(OFFSET($Q75,0,COLUMN()-COLUMN($AL$1)),CHAR(160)," "),_xludf.UNICHAR(8239)," ")) -> #NAME? | AB75: =TRIM(SUBSTITUTE(SUBSTITUTE(OFFSET($Q75,0,COLUMN()-COLUMN($AL$1)),CHAR(160)," "),_xludf.UNICHAR(8239)," ")) -> #NAME? | AC75: =TRIM(SUBSTITUTE(SUBSTITUTE(OFFSET($Q75,0,COLUMN()-COLUMN($AL$1)),CHAR(160)," "),_xludf.UNICHAR(8239)," ")) -> #NAME? | AD75: =IF($E75="",0,--(COUNTIFS($E:$E,$E75,$C:$C,">"&$C75)+COUNTIFS($E$8:E75,$E75,$C$8:C75,$C75)=1)) -> 1 | AE75: =IF($C75="","",TEXT($C75,"yyyy-mm")) -> 2026-03 | AF75: =IF(OR($E75="",$AE75=""),0,IF(COUNTIFS($E$8:E75,$E75,$AE$8:AE75,$AE75)=1,1,0)) -> 1 | AG75: =IF($E75="",0,IF(COUNTIF($E$8:E75,$E75)=1,1,0)) -> 1
A76: 69 | B76: تسنيم سامي شفيق النواجحة | C76: 46111 | D76: {=IFERROR( LOOKUP(2, 1/((TRIM(IMS!$E$8:$E$4000)=TRIM(IMS!$E76))*(IMS!$C$8:$C$4000<IMS!$C76)), IMS!$C$8:$C$4000), "")} | E76: 456702117 | F76: 38313 | G76: 22 | H76: =IF(G76="","",IF(G76<=5,"0-5",IF(G76<=18,"6-18",IF(G76<=60,"19-60","+60")))) -> 19-60 | I76: FEMALE | J76: =IF(OR(LOWER(TRIM(SUBSTITUTE(SUBSTITUTE($I76,CHAR(160)," "),_xludf.UNICHAR(8239)," ")))="male", LOWER(TRIM(SUBSTITUTE(SUBSTITUTE($I76,CHAR(160)," "),_xludf.UNICHAR(8239)," ")))="m", LOWER(TRIM(SUBSTITUTE(SUBSTITUTE($I76,CHAR(160)," "),_xludf.UNICHAR(8239)," ")))="males"), "male", IF(OR(LOWER(TRIM(SUBSTITUTE(SUBSTITUTE($I76,CHAR(160)," "),_xludf.UNICHAR(8239)," ")))="female", LOWER(TRIM(SUBSTITUTE(SUBSTITUTE($I76,CHAR(160)," "),_xludf.UNICHAR(8239)," ")))="f", LOWER(TRIM(SUBSTITUTE(SUBSTITUTE($I76,CHAR(160)," "),_xludf.UNICHAR(8239)," ")))="females"), "female", "")) -> #NAME? | K76: 599051883 | L76: Alnussirat | M76: Single | N76: No | P76: Displaced | Q76: FM- CD | X76: =IF(E76="","",UPPER(LEFT($C$3,1)&"-"&LEFT($C$4,1)&"-"&TEXT(ROW(B69),"000")&"-"&TEXT(C76,"dd-mm"))) -> --069-30-03 | Y76: =TRIM(SUBSTITUTE(SUBSTITUTE(OFFSET($Q76,0,COLUMN()-COLUMN($AL$1)),CHAR(160)," "),_xludf.UNICHAR(8239)," ")) -> #NAME? | Z76: =TRIM(SUBSTITUTE(SUBSTITUTE(OFFSET($Q76,0,COLUMN()-COLUMN($AL$1)),CHAR(160)," "),_xludf.UNICHAR(8239)," ")) -> #NAME? | AA76: =TRIM(SUBSTITUTE(SUBSTITUTE(OFFSET($Q76,0,COLUMN()-COLUMN($AL$1)),CHAR(160)," "),_xludf.UNICHAR(8239)," ")) -> #NAME? | AB76: =TRIM(SUBSTITUTE(SUBSTITUTE(OFFSET($Q76,0,COLUMN()-COLUMN($AL$1)),CHAR(160)," "),_xludf.UNICHAR(8239)," ")) -> #NAME? | AC76: =TRIM(SUBSTITUTE(SUBSTITUTE(OFFSET($Q76,0,COLUMN()-COLUMN($AL$1)),CHAR(160)," "),_xludf.UNICHAR(8239)," ")) -> #NAME? | AD76: =IF($E76="",0,--(COUNTIFS($E:$E,$E76,$C:$C,">"&$C76)+COUNTIFS($E$8:E76,$E76,$C$8:C76,$C76)=1)) -> 1 | AE76: =IF($C76="","",TEXT($C76,"yyyy-mm")) -> 2026-03 | AF76: =IF(OR($E76="",$AE76=""),0,IF(COUNTIFS($E$8:E76,$E76,$AE$8:AE76,$AE76)=1,1,0)) -> 1 | AG76: =IF($E76="",0,IF(COUNTIF($E$8:E76,$E76)=1,1,0)) -> 1
A77: 70 | B77: هالة عيسى رشدي النجار | C77: 46111 | D77: {=IFERROR( LOOKUP(2, 1/((TRIM(IMS!$E$8:$E$4000)=TRIM(IMS!$E77))*(IMS!$C$8:$C$4000<IMS!$C77)), IMS!$C$8:$C$4000), "")} | E77: 422730218 | F77: 38816 | G77: 20 | H77: =IF(G77="","",IF(G77<=5,"0-5",IF(G77<=18,"6-18",IF(G77<=60,"19-60","+60")))) -> 19-60 | I77: FEMALE | J77: =IF(OR(LOWER(TRIM(SUBSTITUTE(SUBSTITUTE($I77,CHAR(160)," "),_xludf.UNICHAR(8239)," ")))="male", LOWER(TRIM(SUBSTITUTE(SUBSTITUTE($I77,CHAR(160)," "),_xludf.UNICHAR(8239)," ")))="m", LOWER(TRIM(SUBSTITUTE(SUBSTITUTE($I77,CHAR(160)," "),_xludf.UNICHAR(8239)," ")))="males"), "male", IF(OR(LOWER(TRIM(SUBSTITUTE(SUBSTITUTE($I77,CHAR(160)," "),_xludf.UNICHAR(8239)," ")))="female", LOWER(TRIM(SUBSTITUTE(SUBSTITUTE($I77,CHAR(160)," "),_xludf.UNICHAR(8239)," ")))="f", LOWER(TRIM(SUBSTITUTE(SUBSTITUTE($I77,CHAR(160)," "),_xludf.UNICHAR(8239)," ")))="females"), "female", "")) -> #NAME? | K77: 598436412 | L77: Alnussirat | M77: Divorced | N77: No | P77: Displaced | Q77: FM- CD | X77: =IF(E77="","",UPPER(LEFT($C$3,1)&"-"&LEFT($C$4,1)&"-"&TEXT(ROW(B70),"000")&"-"&TEXT(C77,"dd-mm"))) -> --070-30-03 | Y77: =TRIM(SUBSTITUTE(SUBSTITUTE(OFFSET($Q77,0,COLUMN()-COLUMN($AL$1)),CHAR(160)," "),_xludf.UNICHAR(8239)," ")) -> #NAME? | Z77: =TRIM(SUBSTITUTE(SUBSTITUTE(OFFSET($Q77,0,COLUMN()-COLUMN($AL$1)),CHAR(160)," "),_xludf.UNICHAR(8239)," ")) -> #NAME? | AA77: =TRIM(SUBSTITUTE(SUBSTITUTE(OFFSET($Q77,0,COLUMN()-COLUMN($AL$1)),CHAR(160)," "),_xludf.UNICHAR(8239)," ")) -> #NAME? | AB77: =TRIM(SUBSTITUTE(SUBSTITUTE(OFFSET($Q77,0,COLUMN()-COLUMN($AL$1)),CHAR(160)," "),_xludf.UNICHAR(8239)," ")) -> #NAME? | AC77: =TRIM(SUBSTITUTE(SUBSTITUTE(OFFSET($Q77,0,COLUMN()-COLUMN($AL$1)),CHAR(160)," "),_xludf.UNICHAR(8239)," ")) -> #NAME? | AD77: =IF($E77="",0,--(COUNTIFS($E:$E,$E77,$C:$C,">"&$C77)+COUNTIFS($E$8:E77,$E77,$C$8:C77,$C77)=1)) -> 1 | AE77: =IF($C77="","",TEXT($C77,"yyyy-mm")) -> 2026-03 | AF77: =IF(OR($E77="",$AE77=""),0,IF(COUNTIFS($E$8:E77,$E77,$AE$8:AE77,$AE77)=1,1,0)) -> 1 | AG77: =IF($E77="",0,IF(COUNTIF($E$8:E77,$E77)=1,1,0)) -> 1
A78: 71 | B78: حلا عيسى رشدي النجار | C78: 46111 | D78: {=IFERROR( LOOKUP(2, 1/((TRIM(IMS!$E$8:$E$4000)=TRIM(IMS!$E78))*(IMS!$C$8:$C$4000<IMS!$C78)), IMS!$C$8:$C$4000), "")} | E78: 431935279 | F78: 41473 | G78: 13 | H78: =IF(G78="","",IF(G78<=5,"0-5",IF(G78<=18,"6-18",IF(G78<=60,"19-60","+60")))) -> 6-18 | I78: FEMALE | J78: =IF(OR(LOWER(TRIM(SUBSTITUTE(SUBSTITUTE($I78,CHAR(160)," "),_xludf.UNICHAR(8239)," ")))="male", LOWER(TRIM(SUBSTITUTE(SUBSTITUTE($I78,CHAR(160)," "),_xludf.UNICHAR(8239)," ")))="m", LOWER(TRIM(SUBSTITUTE(SUBSTITUTE($I78,CHAR(160)," "),_xludf.UNICHAR(8239)," ")))="males"), "male", IF(OR(LOWER(TRIM(SUBSTITUTE(SUBSTITUTE($I78,CHAR(160)," "),_xludf.UNICHAR(8239)," ")))="female", LOWER(TRIM(SUBSTITUTE(SUBSTITUTE($I78,CHAR(160)," "),_xludf.UNICHAR(8239)," ")))="f", LOWER(TRIM(SUBSTITUTE(SUBSTITUTE($I78,CHAR(160)," "),_xludf.UNICHAR(8239)," ")))="females"), "female", "")) -> #NAME? | K78: 598436412 | L78: Alnussirat | M78: N/A | N78: No | P78: Displaced | Q78: FM- CD | X78: =IF(E78="","",UPPER(LEFT($C$3,1)&"-"&LEFT($C$4,1)&"-"&TEXT(ROW(B71),"000")&"-"&TEXT(C78,"dd-mm"))) -> --071-30-03 | Y78: =TRIM(SUBSTITUTE(SUBSTITUTE(OFFSET($Q78,0,COLUMN()-COLUMN($AL$1)),CHAR(160)," "),_xludf.UNICHAR(8239)," ")) -> #NAME? | Z78: =TRIM(SUBSTITUTE(SUBSTITUTE(OFFSET($Q78,0,COLUMN()-COLUMN($AL$1)),CHAR(160)," "),_xludf.UNICHAR(8239)," ")) -> #NAME? | AA78: =TRIM(SUBSTITUTE(SUBSTITUTE(OFFSET($Q78,0,COLUMN()-COLUMN($AL$1)),CHAR(160)," "),_xludf.UNICHAR(8239)," ")) -> #NAME? | AB78: =TRIM(SUBSTITUTE(SUBSTITUTE(OFFSET($Q78,0,COLUMN()-COLUMN($AL$1)),CHAR(160)," "),_xludf.UNICHAR(8239)," ")) -> #NAME? | AC78: =TRIM(SUBSTITUTE(SUBSTITUTE(OFFSET($Q78,0,COLUMN()-COLUMN($AL$1)),CHAR(160)," "),_xludf.UNICHAR(8239)," ")) -> #NAME? | AD78: =IF($E78="",0,--(COUNTIFS($E:$E,$E78,$C:$C,">"&$C78)+COUNTIFS($E$8:E78,$E78,$C$8:C78,$C78)=1)) -> 1 | AE78: =IF($C78="","",TEXT($C78,"yyyy-mm")) -> 2026-03 | AF78: =IF(OR($E78="",$AE78=""),0,IF(COUNTIFS($E$8:E78,$E78,$AE$8:AE78,$AE78)=1,1,0)) -> 1 | AG78: =IF($E78="",0,IF(COUNTIF($E$8:E78,$E78)=1,1,0)) -> 1
A79: 72 | B79: سوزان صلاح عبد الحي سالم | C79: 46111 | D79: {=IFERROR( LOOKUP(2, 1/((TRIM(IMS!$E$8:$E$4000)=TRIM(IMS!$E79))*(IMS!$C$8:$C$4000<IMS!$C79)), IMS!$C$8:$C$4000), "")} | E79: 908985245 | F79: 29624 | G79: 45 | H79: =IF(G79="","",IF(G79<=5,"0-5",IF(G79<=18,"6-18",IF(G79<=60,"19-60","+60")))) -> 19-60 | I79: FEMALE | J79: =IF(OR(LOWER(TRIM(SUBSTITUTE(SUBSTITUTE($I79,CHAR(160)," "),_xludf.UNICHAR(8239)," ")))="male", LOWER(TRIM(SUBSTITUTE(SUBSTITUTE($I79,CHAR(160)," "),_xludf.UNICHAR(8239)," ")))="m", LOWER(TRIM(SUBSTITUTE(SUBSTITUTE($I79,CHAR(160)," "),_xludf.UNICHAR(8239)," ")))="males"), "male", IF(OR(LOWER(TRIM(SUBSTITUTE(SUBSTITUTE($I79,CHAR(160)," "),_xludf.UNICHAR(8239)," ")))="female", LOWER(TRIM(SUBSTITUTE(SUBSTITUTE($I79,CHAR(160)," "),_xludf.UNICHAR(8239)," ")))="f", LOWER(TRIM(SUBSTITUTE(SUBSTITUTE($I79,CHAR(160)," "),_xludf.UNICHAR(8239)," ")))="females"), "female", "")) -> #NAME? | K79: 592554410 | L79: Alnussirat | M79: Married | N79: No | P79: Displaced | R79: GYN | X79: =IF(E79="","",UPPER(LEFT($C$3,1)&"-"&LEFT($C$4,1)&"-"&TEXT(ROW(B72),"000")&"-"&TEXT(C79,"dd-mm"))) -> --072-30-03 | Y79: =TRIM(SUBSTITUTE(SUBSTITUTE(OFFSET($Q79,0,COLUMN()-COLUMN($AL$1)),CHAR(160)," "),_xludf.UNICHAR(8239)," ")) -> #NAME? | Z79: =TRIM(SUBSTITUTE(SUBSTITUTE(OFFSET($Q79,0,COLUMN()-COLUMN($AL$1)),CHAR(160)," "),_xludf.UNICHAR(8239)," ")) -> #NAME? | AA79: =TRIM(SUBSTITUTE(SUBSTITUTE(OFFSET($Q79,0,COLUMN()-COLUMN($AL$1)),CHAR(160)," "),_xludf.UNICHAR(8239)," ")) -> #NAME? | AB79: =TRIM(SUBSTITUTE(SUBSTITUTE(OFFSET($Q79,0,COLUMN()-COLUMN($AL$1)),CHAR(160)," "),_xludf.UNICHAR(8239)," ")) -> #NAME? | AC79: =TRIM(SUBSTITUTE(SUBSTITUTE(OFFSET($Q79,0,COLUMN()-COLUMN($AL$1)),CHAR(160)," "),_xludf.UNICHAR(8239)," ")) -> #NAME? | AD79: =IF($E79="",0,--(COUNTIFS($E:$E,$E79,$C:$C,">"&$C79)+COUNTIFS($E$8:E79,$E79,$C$8:C79,$C79)=1)) -> 1 | AE79: =IF($C79="","",TEXT($C79,"yyyy-mm")) -> 2026-03 | AF79: =IF(OR($E79="",$AE79=""),0,IF(COUNTIFS($E$8:E79,$E79,$AE$8:AE79,$AE79)=1,1,0)) -> 1 | AG79: =IF($E79="",0,IF(COUNTIF($E$8:E79,$E79)=1,1,0)) -> 1
A80: 73 | B80: بلال سهيل يونس سالم | C80: 46111 | D80: {=IFERROR( LOOKUP(2, 1/((TRIM(IMS!$E$8:$E$4000)=TRIM(IMS!$E80))*(IMS!$C$8:$C$4000<IMS!$C80)), IMS!$C$8:$C$4000), "")} | E80: 440759488 | F80: 43368 | G80: 8 | H80: =IF(G80="","",IF(G80<=5,"0-5",IF(G80<=18,"6-18",IF(G80<=60,"19-60","+60")))) -> 6-18 | I80: Male | J80: =IF(OR(LOWER(TRIM(SUBSTITUTE(SUBSTITUTE($I80,CHAR(160)," "),_xludf.UNICHAR(8239)," ")))="male", LOWER(TRIM(SUBSTITUTE(SUBSTITUTE($I80,CHAR(160)," "),_xludf.UNICHAR(8239)," ")))="m", LOWER(TRIM(SUBSTITUTE(SUBSTITUTE($I80,CHAR(160)," "),_xludf.UNICHAR(8239)," ")))="males"), "male", IF(OR(LOWER(TRIM(SUBSTITUTE(SUBSTITUTE($I80,CHAR(160)," "),_xludf.UNICHAR(8239)," ")))="female", LOWER(TRIM(SUBSTITUTE(SUBSTITUTE($I80,CHAR(160)," "),_xludf.UNICHAR(8239)," ")))="f", LOWER(TRIM(SUBSTITUTE(SUBSTITUTE($I80,CHAR(160)," "),_xludf.UNICHAR(8239)," ")))="females"), "female", "")) -> #NAME? | K80: 592554410 | L80: Alnussirat | M80: N/A | N80: No | P80: Displaced | Q80: FM- CD | X80: =IF(E80="","",UPPER(LEFT($C$3,1)&"-"&LEFT($C$4,1)&"-"&TEXT(ROW(B73),"000")&"-"&TEXT(C80,"dd-mm"))) -> --073-30-03 | Y80: =TRIM(SUBSTITUTE(SUBSTITUTE(OFFSET($Q80,0,COLUMN()-COLUMN($AL$1)),CHAR(160)," "),_xludf.UNICHAR(8239)," ")) -> #NAME? | Z80: =TRIM(SUBSTITUTE(SUBSTITUTE(OFFSET($Q80,0,COLUMN()-COLUMN($AL$1)),CHAR(160)," "),_xludf.UNICHAR(8239)," ")) -> #NAME? | AA80: =TRIM(SUBSTITUTE(SUBSTITUTE(OFFSET($Q80,0,COLUMN()-COLUMN($AL$1)),CHAR(160)," "),_xludf.UNICHAR(8239)," ")) -> #NAME? | AB80: =TRIM(SUBSTITUTE(SUBSTITUTE(OFFSET($Q80,0,COLUMN()-COLUMN($AL$1)),CHAR(160)," "),_xludf.UNICHAR(8239)," ")) -> #NAME? | AC80: =TRIM(SUBSTITUTE(SUBSTITUTE(OFFSET($Q80,0,COLUMN()-COLUMN($AL$1)),CHAR(160)," "),_xludf.UNICHAR(8239)," ")) -> #NAME? | AD80: =IF($E80="",0,--(COUNTIFS($E:$E,$E80,$C:$C,">"&$C80)+COUNTIFS($E$8:E80,$E80,$C$8:C80,$C80)=1)) -> 1 | AE80: =IF($C80="","",TEXT($C80,"yyyy-mm")) -> 2026-03 | AF80: =IF(OR($E80="",$AE80=""),0,IF(COUNTIFS($E$8:E80,$E80,$AE$8:AE80,$AE80)=1,1,0)) -> 1 | AG80: =IF($E80="",0,IF(COUNTIF($E$8:E80,$E80)=1,1,0)) -> 1
A81: 74 | B81: رائدة زياد حمودة بدرة | C81: 46111 | D81: {=IFERROR( LOOKUP(2, 1/((TRIM(IMS!$E$8:$E$4000)=TRIM(IMS!$E81))*(IMS!$C$8:$C$4000<IMS!$C81)), IMS!$C$8:$C$4000), "")} | E81: 903508471 | F81: 29019 | G81: 47 | H81: =IF(G81="","",IF(G81<=5,"0-5",IF(G81<=18,"6-18",IF(G81<=60,"19-60","+60")))) -> 19-60 | I81: FEMALE | J81: =IF(OR(LOWER(TRIM(SUBSTITUTE(SUBSTITUTE($I81,CHAR(160)," "),_xludf.UNICHAR(8239)," ")))="male", LOWER(TRIM(SUBSTITUTE(SUBSTITUTE($I81,CHAR(160)," "),_xludf.UNICHAR(8239)," ")))="m", LOWER(TRIM(SUBSTITUTE(SUBSTITUTE($I81,CHAR(160)," "),_xludf.UNICHAR(8239)," ")))="males"), "male", IF(OR(LOWER(TRIM(SUBSTITUTE(SUBSTITUTE($I81,CHAR(160)," "),_xludf.UNICHAR(8239)," ")))="female", LOWER(TRIM(SUBSTITUTE(SUBSTITUTE($I81,CHAR(160)," "),_xludf.UNICHAR(8239)," ")))="f", LOWER(TRIM(SUBSTITUTE(SUBSTITUTE($I81,CHAR(160)," "),_xludf.UNICHAR(8239)," ")))="females"), "female", "")) -> #NAME? | K81: 599459178 | L81: Alnussirat | M81: Married | N81: No | P81: Displaced | R81: GYN | X81: =IF(E81="","",UPPER(LEFT($C$3,1)&"-"&LEFT($C$4,1)&"-"&TEXT(ROW(B74),"000")&"-"&TEXT(C81,"dd-mm"))) -> --074-30-03 | Y81: =TRIM(SUBSTITUTE(SUBSTITUTE(OFFSET($Q81,0,COLUMN()-COLUMN($AL$1)),CHAR(160)," "),_xludf.UNICHAR(8239)," ")) -> #NAME? | Z81: =TRIM(SUBSTITUTE(SUBSTITUTE(OFFSET($Q81,0,COLUMN()-COLUMN($AL$1)),CHAR(160)," "),_xludf.UNICHAR(8239)," ")) -> #NAME? | AA81: =TRIM(SUBSTITUTE(SUBSTITUTE(OFFSET($Q81,0,COLUMN()-COLUMN($AL$1)),CHAR(160)," "),_xludf.UNICHAR(8239)," ")) -> #NAME? | AB81: =TRIM(SUBSTITUTE(SUBSTITUTE(OFFSET($Q81,0,COLUMN()-COLUMN($AL$1)),CHAR(160)," "),_xludf.UNICHAR(8239)," ")) -> #NAME? | AC81: =TRIM(SUBSTITUTE(SUBSTITUTE(OFFSET($Q81,0,COLUMN()-COLUMN($AL$1)),CHAR(160)," "),_xludf.UNICHAR(8239)," ")) -> #NAME? | AD81: =IF($E81="",0,--(COUNTIFS($E:$E,$E81,$C:$C,">"&$C81)+COUNTIFS($E$8:E81,$E81,$C$8:C81,$C81)=1)) -> 0 | AE81: =IF($C81="","",TEXT($C81,"yyyy-mm")) -> 2026-03 | AF81: =IF(OR($E81="",$AE81=""),0,IF(COUNTIFS($E$8:E81,$E81,$AE$8:AE81,$AE81)=1,1,0)) -> 1 | AG81: =IF($E81="",0,IF(COUNTIF($E$8:E81,$E81)=1,1,0)) -> 1
A82: 75 | B82: كفاية سعيد موسى صالح | C82: 46111 | D82: {=IFERROR( LOOKUP(2, 1/((TRIM(IMS!$E$8:$E$4000)=TRIM(IMS!$E82))*(IMS!$C$8:$C$4000<IMS!$C82)), IMS!$C$8:$C$4000), "")} | E82: 802420489 | F82: 33211 | G82: 36 | H82: =IF(G82="","",IF(G82<=5,"0-5",IF(G82<=18,"6-18",IF(G82<=60,"19-60","+60")))) -> 19-60 | I82: FEMALE | J82: =IF(OR(LOWER(TRIM(SUBSTITUTE(SUBSTITUTE($I82,CHAR(160)," "),_xludf.UNICHAR(8239)," ")))="male", LOWER(TRIM(SUBSTITUTE(SUBSTITUTE($I82,CHAR(160)," "),_xludf.UNICHAR(8239)," ")))="m", LOWER(TRIM(SUBSTITUTE(SUBSTITUTE($I82,CHAR(160)," "),_xludf.UNICHAR(8239)," ")))="males"), "male", IF(OR(LOWER(TRIM(SUBSTITUTE(SUBSTITUTE($I82,CHAR(160)," "),_xludf.UNICHAR(8239)," ")))="female", LOWER(TRIM(SUBSTITUTE(SUBSTITUTE($I82,CHAR(160)," "),_xludf.UNICHAR(8239)," ")))="f", LOWER(TRIM(SUBSTITUTE(SUBSTITUTE($I82,CHAR(160)," "),_xludf.UNICHAR(8239)," ")))="females"), "female", "")) -> #NAME? | K82: 598797422 | L82: Alnussirat | M82: Married | N82: No | P82: Displaced | R82: GYN | X82: =IF(E82="","",UPPER(LEFT($C$3,1)&"-"&LEFT($C$4,1)&"-"&TEXT(ROW(B75),"000")&"-"&TEXT(C82,"dd-mm"))) -> --075-30-03 | Y82: =TRIM(SUBSTITUTE(SUBSTITUTE(OFFSET($Q82,0,COLUMN()-COLUMN($AL$1)),CHAR(160)," "),_xludf.UNICHAR(8239)," ")) -> #NAME? | Z82: =TRIM(SUBSTITUTE(SUBSTITUTE(OFFSET($Q82,0,COLUMN()-COLUMN($AL$1)),CHAR(160)," "),_xludf.UNICHAR(8239)," ")) -> #NAME? | AA82: =TRIM(SUBSTITUTE(SUBSTITUTE(OFFSET($Q82,0,COLUMN()-COLUMN($AL$1)),CHAR(160)," "),_xludf.UNICHAR(8239)," ")) -> #NAME? | AB82: =TRIM(SUBSTITUTE(SUBSTITUTE(OFFSET($Q82,0,COLUMN()-COLUMN($AL$1)),CHAR(160)," "),_xludf.UNICHAR(8239)," ")) -> #NAME? | AC82: =TRIM(SUBSTITUTE(SUBSTITUTE(OFFSET($Q82,0,COLUMN()-COLUMN($AL$1)),CHAR(160)," "),_xludf.UNICHAR(8239)," ")) -> #NAME? | AD82: =IF($E82="",0,--(COUNTIFS($E:$E,$E82,$C:$C,">"&$C82)+COUNTIFS($E$8:E82,$E82,$C$8:C82,$C82)=1)) -> 1 | AE82: =IF($C82="","",TEXT($C82,"yyyy-mm")) -> 2026-03 | AF82: =IF(OR($E82="",$AE82=""),0,IF(COUNTIFS($E$8:E82,$E82,$AE$8:AE82,$AE82)=1,1,0)) -> 1 | AG82: =IF($E82="",0,IF(COUNTIF($E$8:E82,$E82)=1,1,0)) -> 1
A83: 76 | B83: الاءعبد المنعم محمد البحر | C83: 46111 | D83: {=IFERROR( LOOKUP(2, 1/((TRIM(IMS!$E$8:$E$4000)=TRIM(IMS!$E83))*(IMS!$C$8:$C$4000<IMS!$C83)), IMS!$C$8:$C$4000), "")} | E83: 408399004 | F83: 37701 | G83: 23 | H83: =IF(G83="","",IF(G83<=5,"0-5",IF(G83<=18,"6-18",IF(G83<=60,"19-60","+60")))) -> 19-60 | I83: FEMALE | J83: =IF(OR(LOWER(TRIM(SUBSTITUTE(SUBSTITUTE($I83,CHAR(160)," "),_xludf.UNICHAR(8239)," ")))="male", LOWER(TRIM(SUBSTITUTE(SUBSTITUTE($I83,CHAR(160)," "),_xludf.UNICHAR(8239)," ")))="m", LOWER(TRIM(SUBSTITUTE(SUBSTITUTE($I83,CHAR(160)," "),_xludf.UNICHAR(8239)," ")))="males"), "male", IF(OR(LOWER(TRIM(SUBSTITUTE(SUBSTITUTE($I83,CHAR(160)," "),_xludf.UNICHAR(8239)," ")))="female", LOWER(TRIM(SUBSTITUTE(SUBSTITUTE($I83,CHAR(160)," "),_xludf.UNICHAR(8239)," ")))="f", LOWER(TRIM(SUBSTITUTE(SUBSTITUTE($I83,CHAR(160)," "),_xludf.UNICHAR(8239)," ")))="females"), "female", "")) -> #NAME? | K83: 592361376 | L83: Alnussirat | M83: Married | N83: No | P83: Host Community | Q83: FM- CD | X83: =IF(E83="","",UPPER(LEFT($C$3,1)&"-"&LEFT($C$4,1)&"-"&TEXT(ROW(B76),"000")&"-"&TEXT(C83,"dd-mm"))) -> --076-30-03 | Y83: =TRIM(SUBSTITUTE(SUBSTITUTE(OFFSET($Q83,0,COLUMN()-COLUMN($AL$1)),CHAR(160)," "),_xludf.UNICHAR(8239)," ")) -> #NAME? | Z83: =TRIM(SUBSTITUTE(SUBSTITUTE(OFFSET($Q83,0,COLUMN()-COLUMN($AL$1)),CHAR(160)," "),_xludf.UNICHAR(8239)," ")) -> #NAME? | AA83: =TRIM(SUBSTITUTE(SUBSTITUTE(OFFSET($Q83,0,COLUMN()-COLUMN($AL$1)),CHAR(160)," "),_xludf.UNICHAR(8239)," ")) -> #NAME? | AB83: =TRIM(SUBSTITUTE(SUBSTITUTE(OFFSET($Q83,0,COLUMN()-COLUMN($AL$1)),CHAR(160)," "),_xludf.UNICHAR(8239)," ")) -> #NAME? | AC83: =TRIM(SUBSTITUTE(SUBSTITUTE(OFFSET($Q83,0,COLUMN()-COLUMN($AL$1)),CHAR(160)," "),_xludf.UNICHAR(8239)," ")) -> #NAME? | AD83: =IF($E83="",0,--(COUNTIFS($E:$E,$E83,$C:$C,">"&$C83)+COUNTIFS($E$8:E83,$E83,$C$8:C83,$C83)=1)) -> 1 | AE83: =IF($C83="","",TEXT($C83,"yyyy-mm")) -> 2026-03 | AF83: =IF(OR($E83="",$AE83=""),0,IF(COUNTIFS($E$8:E83,$E83,$AE$8:AE83,$AE83)=1,1,0)) -> 1 | AG83: =IF($E83="",0,IF(COUNTIF($E$8:E83,$E83)=1,1,0)) -> 1
A84: 77 | B84: دينا عادل ابراهيم قرضايا | C84: 46111 | D84: {=IFERROR( LOOKUP(2, 1/((TRIM(IMS!$E$8:$E$4000)=TRIM(IMS!$E84))*(IMS!$C$8:$C$4000<IMS!$C84)), IMS!$C$8:$C$4000), "")} | E84: 803828680 | F84: 34197 | G84: 33 | H84: =IF(G84="","",IF(G84<=5,"0-5",IF(G84<=18,"6-18",IF(G84<=60,"19-60","+60")))) -> 19-60 | I84: FEMALE | J84: =IF(OR(LOWER(TRIM(SUBSTITUTE(SUBSTITUTE($I84,CHAR(160)," "),_xludf.UNICHAR(8239)," ")))="male", LOWER(TRIM(SUBSTITUTE(SUBSTITUTE($I84,CHAR(160)," "),_xludf.UNICHAR(8239)," ")))="m", LOWER(TRIM(SUBSTITUTE(SUBSTITUTE($I84,CHAR(160)," "),_xludf.UNICHAR(8239)," ")))="males"), "male", IF(OR(LOWER(TRIM(SUBSTITUTE(SUBSTITUTE($I84,CHAR(160)," "),_xludf.UNICHAR(8239)," ")))="female", LOWER(TRIM(SUBSTITUTE(SUBSTITUTE($I84,CHAR(160)," "),_xludf.UNICHAR(8239)," ")))="f", LOWER(TRIM(SUBSTITUTE(SUBSTITUTE($I84,CHAR(160)," "),_xludf.UNICHAR(8239)," ")))="females"), "female", "")) -> #NAME? | K84: 599147849 | L84: Alnussirat | M84: Married | N84: No | P84: Host Community | R84: GYN | T84: Screening and Referral | V84: US | X84: =IF(E84="","",UPPER(LEFT($C$3,1)&"-"&LEFT($C$4,1)&"-"&TEXT(ROW(B77),"000")&"-"&TEXT(C84,"dd-mm"))) -> --077-30-03 | Y84: =TRIM(SUBSTITUTE(SUBSTITUTE(OFFSET($Q84,0,COLUMN()-COLUMN($AL$1)),CHAR(160)," "),_xludf.UNICHAR(8239)," ")) -> #NAME? | Z84: =TRIM(SUBSTITUTE(SUBSTITUTE(OFFSET($Q84,0,COLUMN()-COLUMN($AL$1)),CHAR(160)," "),_xludf.UNICHAR(8239)," ")) -> #NAME? | AA84: =TRIM(SUBSTITUTE(SUBSTITUTE(OFFSET($Q84,0,COLUMN()-COLUMN($AL$1)),CHAR(160)," "),_xludf.UNICHAR(8239)," ")) -> #NAME? | AB84: =TRIM(SUBSTITUTE(SUBSTITUTE(OFFSET($Q84,0,COLUMN()-COLUMN($AL$1)),CHAR(160)," "),_xludf.UNICHAR(8239)," ")) -> #NAME? | AC84: =TRIM(SUBSTITUTE(SUBSTITUTE(OFFSET($Q84,0,COLUMN()-COLUMN($AL$1)),CHAR(160)," "),_xludf.UNICHAR(8239)," ")) -> #NAME? | AD84: =IF($E84="",0,--(COUNTIFS($E:$E,$E84,$C:$C,">"&$C84)+COUNTIFS($E$8:E84,$E84,$C$8:C84,$C84)=1)) -> 0 | AE84: =IF($C84="","",TEXT($C84,"yyyy-mm")) -> 2026-03 | AF84: =IF(OR($E84="",$AE84=""),0,IF(COUNTIFS($E$8:E84,$E84,$AE$8:AE84,$AE84)=1,1,0)) -> 1 | AG84: =IF($E84="",0,IF(COUNTIF($E$8:E84,$E84)=1,1,0)) -> 1
A85: 78 | B85: احلام ناصر عبد الهادي ابو الروس | C85: 46111 | D85: {=IFERROR( LOOKUP(2, 1/((TRIM(IMS!$E$8:$E$4000)=TRIM(IMS!$E85))*(IMS!$C$8:$C$4000<IMS!$C85)), IMS!$C$8:$C$4000), "")} | E85: 400996963 | F85: 35066 | G85: 30 | H85: =IF(G85="","",IF(G85<=5,"0-5",IF(G85<=18,"6-18",IF(G85<=60,"19-60","+60")))) -> 19-60 | I85: FEMALE | J85: =IF(OR(LOWER(TRIM(SUBSTITUTE(SUBSTITUTE($I85,CHAR(160)," "),_xludf.UNICHAR(8239)," ")))="male", LOWER(TRIM(SUBSTITUTE(SUBSTITUTE($I85,CHAR(160)," "),_xludf.UNICHAR(8239)," ")))="m", LOWER(TRIM(SUBSTITUTE(SUBSTITUTE($I85,CHAR(160)," "),_xludf.UNICHAR(8239)," ")))="males"), "male", IF(OR(LOWER(TRIM(SUBSTITUTE(SUBSTITUTE($I85,CHAR(160)," "),_xludf.UNICHAR(8239)," ")))="female", LOWER(TRIM(SUBSTITUTE(SUBSTITUTE($I85,CHAR(160)," "),_xludf.UNICHAR(8239)," ")))="f", LOWER(TRIM(SUBSTITUTE(SUBSTITUTE($I85,CHAR(160)," "),_xludf.UNICHAR(8239)," ")))="females"), "female", "")) -> #NAME? | K85: 592112814 | L85: Alnussirat | M85: Married | N85: No | P85: Displaced | R85: ANC | X85: =IF(E85="","",UPPER(LEFT($C$3,1)&"-"&LEFT($C$4,1)&"-"&TEXT(ROW(B78),"000")&"-"&TEXT(C85,"dd-mm"))) -> --078-30-03 | Y85: =TRIM(SUBSTITUTE(SUBSTITUTE(OFFSET($Q85,0,COLUMN()-COLUMN($AL$1)),CHAR(160)," "),_xludf.UNICHAR(8239)," ")) -> #NAME? | Z85: =TRIM(SUBSTITUTE(SUBSTITUTE(OFFSET($Q85,0,COLUMN()-COLUMN($AL$1)),CHAR(160)," "),_xludf.UNICHAR(8239)," ")) -> #NAME? | AA85: =TRIM(SUBSTITUTE(SUBSTITUTE(OFFSET($Q85,0,COLUMN()-COLUMN($AL$1)),CHAR(160)," "),_xludf.UNICHAR(8239)," ")) -> #NAME? | AB85: =TRIM(SUBSTITUTE(SUBSTITUTE(OFFSET($Q85,0,COLUMN()-COLUMN($AL$1)),CHAR(160)," "),_xludf.UNICHAR(8239)," ")) -> #NAME? | AC85: =TRIM(SUBSTITUTE(SUBSTITUTE(OFFSET($Q85,0,COLUMN()-COLUMN($AL$1)),CHAR(160)," "),_xludf.UNICHAR(8239)," ")) -> #NAME? | AD85: =IF($E85="",0,--(COUNTIFS($E:$E,$E85,$C:$C,">"&$C85)+COUNTIFS($E$8:E85,$E85,$C$8:C85,$C85)=1)) -> 1 | AE85: =IF($C85="","",TEXT($C85,"yyyy-mm")) -> 2026-03 | AF85: =IF(OR($E85="",$AE85=""),0,IF(COUNTIFS($E$8:E85,$E85,$AE$8:AE85,$AE85)=1,1,0)) -> 1 | AG85: =IF($E85="",0,IF(COUNTIF($E$8:E85,$E85)=1,1,0)) -> 1
A86: 79 | B86: رهف خضر خليل جندية | C86: 46111 | D86: {=IFERROR( LOOKUP(2, 1/((TRIM(IMS!$E$8:$E$4000)=TRIM(IMS!$E86))*(IMS!$C$8:$C$4000<IMS!$C86)), IMS!$C$8:$C$4000), "")} | E86: 470665290 | F86: 45857 | G86: 8شهور | H86: =IF(G86="","",IF(G86<=5,"0-5",IF(G86<=18,"6-18",IF(G86<=60,"19-60","+60")))) -> +60 | I86: FEMALE | J86: =IF(OR(LOWER(TRIM(SUBSTITUTE(SUBSTITUTE($I86,CHAR(160)," "),_xludf.UNICHAR(8239)," ")))="male", LOWER(TRIM(SUBSTITUTE(SUBSTITUTE($I86,CHAR(160)," "),_xludf.UNICHAR(8239)," ")))="m", LOWER(TRIM(SUBSTITUTE(SUBSTITUTE($I86,CHAR(160)," "),_xludf.UNICHAR(8239)," ")))="males"), "male", IF(OR(LOWER(TRIM(SUBSTITUTE(SUBSTITUTE($I86,CHAR(160)," "),_xludf.UNICHAR(8239)," ")))="female", LOWER(TRIM(SUBSTITUTE(SUBSTITUTE($I86,CHAR(160)," "),_xludf.UNICHAR(8239)," ")))="f", LOWER(TRIM(SUBSTITUTE(SUBSTITUTE($I86,CHAR(160)," "),_xludf.UNICHAR(8239)," ")))="females"), "female", "")) -> #NAME? | K86: 592728135 | L86: Alnussirat | M86: N/A | N86: No | P86: Displaced | Q86: FM- CD | X86: =IF(E86="","",UPPER(LEFT($C$3,1)&"-"&LEFT($C$4,1)&"-"&TEXT(ROW(B79),"000")&"-"&TEXT(C86,"dd-mm"))) -> --079-30-03 | Y86: =TRIM(SUBSTITUTE(SUBSTITUTE(OFFSET($Q86,0,COLUMN()-COLUMN($AL$1)),CHAR(160)," "),_xludf.UNICHAR(8239)," ")) -> #NAME? | Z86: =TRIM(SUBSTITUTE(SUBSTITUTE(OFFSET($Q86,0,COLUMN()-COLUMN($AL$1)),CHAR(160)," "),_xludf.UNICHAR(8239)," ")) -> #NAME? | AA86: =TRIM(SUBSTITUTE(SUBSTITUTE(OFFSET($Q86,0,COLUMN()-COLUMN($AL$1)),CHAR(160)," "),_xludf.UNICHAR(8239)," ")) -> #NAME? | AB86: =TRIM(SUBSTITUTE(SUBSTITUTE(OFFSET($Q86,0,COLUMN()-COLUMN($AL$1)),CHAR(160)," "),_xludf.UNICHAR(8239)," ")) -> #NAME? | AC86: =TRIM(SUBSTITUTE(SUBSTITUTE(OFFSET($Q86,0,COLUMN()-COLUMN($AL$1)),CHAR(160)," "),_xludf.UNICHAR(8239)," ")) -> #NAME? | AD86: =IF($E86="",0,--(COUNTIFS($E:$E,$E86,$C:$C,">"&$C86)+COUNTIFS($E$8:E86,$E86,$C$8:C86,$C86)=1)) -> 0 | AE86: =IF($C86="","",TEXT($C86,"yyyy-mm")) -> 2026-03 | AF86: =IF(OR($E86="",$AE86=""),0,IF(COUNTIFS($E$8:E86,$E86,$AE$8:AE86,$AE86)=1,1,0)) -> 1 | AG86: =IF($E86="",0,IF(COUNTIF($E$8:E86,$E86)=1,1,0)) -> 1
A87: 80 | B87: ميساء عادل ابراهيم غريب | C87: 46111 | D87: {=IFERROR( LOOKUP(2, 1/((TRIM(IMS!$E$8:$E$4000)=TRIM(IMS!$E87))*(IMS!$C$8:$C$4000<IMS!$C87)), IMS!$C$8:$C$4000), "")} | E87: 403680416 | F87: 36291 | G87: 27 | H87: =IF(G87="","",IF(G87<=5,"0-5",IF(G87<=18,"6-18",IF(G87<=60,"19-60","+60")))) -> 19-60 | I87: FEMALE | J87: =IF(OR(LOWER(TRIM(SUBSTITUTE(SUBSTITUTE($I87,CHAR(160)," "),_xludf.UNICHAR(8239)," ")))="male", LOWER(TRIM(SUBSTITUTE(SUBSTITUTE($I87,CHAR(160)," "),_xludf.UNICHAR(8239)," ")))="m", LOWER(TRIM(SUBSTITUTE(SUBSTITUTE($I87,CHAR(160)," "),_xludf.UNICHAR(8239)," ")))="males"), "male", IF(OR(LOWER(TRIM(SUBSTITUTE(SUBSTITUTE($I87,CHAR(160)," "),_xludf.UNICHAR(8239)," ")))="female", LOWER(TRIM(SUBSTITUTE(SUBSTITUTE($I87,CHAR(160)," "),_xludf.UNICHAR(8239)," ")))="f", LOWER(TRIM(SUBSTITUTE(SUBSTITUTE($I87,CHAR(160)," "),_xludf.UNICHAR(8239)," ")))="females"), "female", "")) -> #NAME? | K87: 592927839 | L87: Alnussirat | M87: Married | N87: No | P87: Displaced | Q87: FM- CD | X87: =IF(E87="","",UPPER(LEFT($C$3,1)&"-"&LEFT($C$4,1)&"-"&TEXT(ROW(B80),"000")&"-"&TEXT(C87,"dd-mm"))) -> --080-30-03 | Y87: =TRIM(SUBSTITUTE(SUBSTITUTE(OFFSET($Q87,0,COLUMN()-COLUMN($AL$1)),CHAR(160)," "),_xludf.UNICHAR(8239)," ")) -> #NAME? | Z87: =TRIM(SUBSTITUTE(SUBSTITUTE(OFFSET($Q87,0,COLUMN()-COLUMN($AL$1)),CHAR(160)," "),_xludf.UNICHAR(8239)," ")) -> #NAME? | AA87: =TRIM(SUBSTITUTE(SUBSTITUTE(OFFSET($Q87,0,COLUMN()-COLUMN($AL$1)),CHAR(160)," "),_xludf.UNICHAR(8239)," ")) -> #NAME? | AB87: =TRIM(SUBSTITUTE(SUBSTITUTE(OFFSET($Q87,0,COLUMN()-COLUMN($AL$1)),CHAR(160)," "),_xludf.UNICHAR(8239)," ")) -> #NAME? | AC87: =TRIM(SUBSTITUTE(SUBSTITUTE(OFFSET($Q87,0,COLUMN()-COLUMN($AL$1)),CHAR(160)," "),_xludf.UNICHAR(8239)," ")) -> #NAME? | AD87: =IF($E87="",0,--(COUNTIFS($E:$E,$E87,$C:$C,">"&$C87)+COUNTIFS($E$8:E87,$E87,$C$8:C87,$C87)=1)) -> 0 | AE87: =IF($C87="","",TEXT($C87,"yyyy-mm")) -> 2026-03 | AF87: =IF(OR($E87="",$AE87=""),0,IF(COUNTIFS($E$8:E87,$E87,$AE$8:AE87,$AE87)=1,1,0)) -> 1 | AG87: =IF($E87="",0,IF(COUNTIF($E$8:E87,$E87)=1,1,0)) -> 1
A88: 81 | B88: ندى ناصر محمد عقل | C88: 46111 | D88: {=IFERROR( LOOKUP(2, 1/((TRIM(IMS!$E$8:$E$4000)=TRIM(IMS!$E88))*(IMS!$C$8:$C$4000<IMS!$C88)), IMS!$C$8:$C$4000), "")} | E88: 409107315 | F88: 38287 | G88: 22 | H88: =IF(G88="","",IF(G88<=5,"0-5",IF(G88<=18,"6-18",IF(G88<=60,"19-60","+60")))) -> 19-60 | I88: FEMALE | J88: =IF(OR(LOWER(TRIM(SUBSTITUTE(SUBSTITUTE($I88,CHAR(160)," "),_xludf.UNICHAR(8239)," ")))="male", LOWER(TRIM(SUBSTITUTE(SUBSTITUTE($I88,CHAR(160)," "),_xludf.UNICHAR(8239)," ")))="m", LOWER(TRIM(SUBSTITUTE(SUBSTITUTE($I88,CHAR(160)," "),_xludf.UNICHAR(8239)," ")))="males"), "male", IF(OR(LOWER(TRIM(SUBSTITUTE(SUBSTITUTE($I88,CHAR(160)," "),_xludf.UNICHAR(8239)," ")))="female", LOWER(TRIM(SUBSTITUTE(SUBSTITUTE($I88,CHAR(160)," "),_xludf.UNICHAR(8239)," ")))="f", LOWER(TRIM(SUBSTITUTE(SUBSTITUTE($I88,CHAR(160)," "),_xludf.UNICHAR(8239)," ")))="females"), "female", "")) -> #NAME? | K88: 595135566 | L88: Alnussirat | M88: Single | N88: No | P88: Displaced | Q88: FM- CD | X88: =IF(E88="","",UPPER(LEFT($C$3,1)&"-"&LEFT($C$4,1)&"-"&TEXT(ROW(B81),"000")&"-"&TEXT(C88,"dd-mm"))) -> --081-30-03 | Y88: =TRIM(SUBSTITUTE(SUBSTITUTE(OFFSET($Q88,0,COLUMN()-COLUMN($AL$1)),CHAR(160)," "),_xludf.UNICHAR(8239)," ")) -> #NAME? | Z88: =TRIM(SUBSTITUTE(SUBSTITUTE(OFFSET($Q88,0,COLUMN()-COLUMN($AL$1)),CHAR(160)," "),_xludf.UNICHAR(8239)," ")) -> #NAME? | AA88: =TRIM(SUBSTITUTE(SUBSTITUTE(OFFSET($Q88,0,COLUMN()-COLUMN($AL$1)),CHAR(160)," "),_xludf.UNICHAR(8239)," ")) -> #NAME? | AB88: =TRIM(SUBSTITUTE(SUBSTITUTE(OFFSET($Q88,0,COLUMN()-COLUMN($AL$1)),CHAR(160)," "),_xludf.UNICHAR(8239)," ")) -> #NAME? | AC88: =TRIM(SUBSTITUTE(SUBSTITUTE(OFFSET($Q88,0,COLUMN()-COLUMN($AL$1)),CHAR(160)," "),_xludf.UNICHAR(8239)," ")) -> #NAME? | AD88: =IF($E88="",0,--(COUNTIFS($E:$E,$E88,$C:$C,">"&$C88)+COUNTIFS($E$8:E88,$E88,$C$8:C88,$C88)=1)) -> 1 | AE88: =IF($C88="","",TEXT($C88,"yyyy-mm")) -> 2026-03 | AF88: =IF(OR($E88="",$AE88=""),0,IF(COUNTIFS($E$8:E88,$E88,$AE$8:AE88,$AE88)=1,1,0)) -> 1 | AG88: =IF($E88="",0,IF(COUNTIF($E$8:E88,$E88)=1,1,0)) -> 1
A89: 82 | B89: سماح عزات حسين عقل | C89: 46111 | D89: {=IFERROR( LOOKUP(2, 1/((TRIM(IMS!$E$8:$E$4000)=TRIM(IMS!$E89))*(IMS!$C$8:$C$4000<IMS!$C89)), IMS!$C$8:$C$4000), "")} | E89: 800437931 | F89: 31449 | G89: 40 | H89: =IF(G89="","",IF(G89<=5,"0-5",IF(G89<=18,"6-18",IF(G89<=60,"19-60","+60")))) -> 19-60 | I89: FEMALE | J89: =IF(OR(LOWER(TRIM(SUBSTITUTE(SUBSTITUTE($I89,CHAR(160)," "),_xludf.UNICHAR(8239)," ")))="male", LOWER(TRIM(SUBSTITUTE(SUBSTITUTE($I89,CHAR(160)," "),_xludf.UNICHAR(8239)," ")))="m", LOWER(TRIM(SUBSTITUTE(SUBSTITUTE($I89,CHAR(160)," "),_xludf.UNICHAR(8239)," ")))="males"), "male", IF(OR(LOWER(TRIM(SUBSTITUTE(SUBSTITUTE($I89,CHAR(160)," "),_xludf.UNICHAR(8239)," ")))="female", LOWER(TRIM(SUBSTITUTE(SUBSTITUTE($I89,CHAR(160)," "),_xludf.UNICHAR(8239)," ")))="f", LOWER(TRIM(SUBSTITUTE(SUBSTITUTE($I89,CHAR(160)," "),_xludf.UNICHAR(8239)," ")))="females"), "female", "")) -> #NAME? | K89: 598450883 | L89: Alnussirat | M89: Married | N89: No | P89: Displaced | Q89: FM- CD | X89: =IF(E89="","",UPPER(LEFT($C$3,1)&"-"&LEFT($C$4,1)&"-"&TEXT(ROW(B82),"000")&"-"&TEXT(C89,"dd-mm"))) -> --082-30-03 | Y89: =TRIM(SUBSTITUTE(SUBSTITUTE(OFFSET($Q89,0,COLUMN()-COLUMN($AL$1)),CHAR(160)," "),_xludf.UNICHAR(8239)," ")) -> #NAME? | Z89: =TRIM(SUBSTITUTE(SUBSTITUTE(OFFSET($Q89,0,COLUMN()-COLUMN($AL$1)),CHAR(160)," "),_xludf.UNICHAR(8239)," ")) -> #NAME? | AA89: =TRIM(SUBSTITUTE(SUBSTITUTE(OFFSET($Q89,0,COLUMN()-COLUMN($AL$1)),CHAR(160)," "),_xludf.UNICHAR(8239)," ")) -> #NAME? | AB89: =TRIM(SUBSTITUTE(SUBSTITUTE(OFFSET($Q89,0,COLUMN()-COLUMN($AL$1)),CHAR(160)," "),_xludf.UNICHAR(8239)," ")) -> #NAME? | AC89: =TRIM(SUBSTITUTE(SUBSTITUTE(OFFSET($Q89,0,COLUMN()-COLUMN($AL$1)),CHAR(160)," "),_xludf.UNICHAR(8239)," ")) -> #NAME? | AD89: =IF($E89="",0,--(COUNTIFS($E:$E,$E89,$C:$C,">"&$C89)+COUNTIFS($E$8:E89,$E89,$C$8:C89,$C89)=1)) -> 1 | AE89: =IF($C89="","",TEXT($C89,"yyyy-mm")) -> 2026-03 | AF89: =IF(OR($E89="",$AE89=""),0,IF(COUNTIFS($E$8:E89,$E89,$AE$8:AE89,$AE89)=1,1,0)) -> 1 | AG89: =IF($E89="",0,IF(COUNTIF($E$8:E89,$E89)=1,1,0)) -> 1
A90: 83 | B90: سلامة محمد سلامة البسيوني | C90: 46111 | D90: {=IFERROR( LOOKUP(2, 1/((TRIM(IMS!$E$8:$E$4000)=TRIM(IMS!$E90))*(IMS!$C$8:$C$4000<IMS!$C90)), IMS!$C$8:$C$4000), "")} | E90: 420566275 | F90: 38609 | G90: 21 | H90: =IF(G90="","",IF(G90<=5,"0-5",IF(G90<=18,"6-18",IF(G90<=60,"19-60","+60")))) -> 19-60 | I90: Male | J90: =IF(OR(LOWER(TRIM(SUBSTITUTE(SUBSTITUTE($I90,CHAR(160)," "),_xludf.UNICHAR(8239)," ")))="male", LOWER(TRIM(SUBSTITUTE(SUBSTITUTE($I90,CHAR(160)," "),_xludf.UNICHAR(8239)," ")))="m", LOWER(TRIM(SUBSTITUTE(SUBSTITUTE($I90,CHAR(160)," "),_xludf.UNICHAR(8239)," ")))="males"), "male", IF(OR(LOWER(TRIM(SUBSTITUTE(SUBSTITUTE($I90,CHAR(160)," "),_xludf.UNICHAR(8239)," ")))="female", LOWER(TRIM(SUBSTITUTE(SUBSTITUTE($I90,CHAR(160)," "),_xludf.UNICHAR(8239)," ")))="f", LOWER(TRIM(SUBSTITUTE(SUBSTITUTE($I90,CHAR(160)," "),_xludf.UNICHAR(8239)," ")))="females"), "female", "")) -> #NAME? | K90: 592683157 | L90: Alnussirat | M90: Single | N90: No | P90: Displaced | Q90: FM- CD | X90: =IF(E90="","",UPPER(LEFT($C$3,1)&"-"&LEFT($C$4,1)&"-"&TEXT(ROW(B83),"000")&"-"&TEXT(C90,"dd-mm"))) -> --083-30-03 | Y90: =TRIM(SUBSTITUTE(SUBSTITUTE(OFFSET($Q90,0,COLUMN()-COLUMN($AL$1)),CHAR(160)," "),_xludf.UNICHAR(8239)," ")) -> #NAME? | Z90: =TRIM(SUBSTITUTE(SUBSTITUTE(OFFSET($Q90,0,COLUMN()-COLUMN($AL$1)),CHAR(160)," "),_xludf.UNICHAR(8239)," ")) -> #NAME? | AA90: =TRIM(SUBSTITUTE(SUBSTITUTE(OFFSET($Q90,0,COLUMN()-COLUMN($AL$1)),CHAR(160)," "),_xludf.UNICHAR(8239)," ")) -> #NAME? | AB90: =TRIM(SUBSTITUTE(SUBSTITUTE(OFFSET($Q90,0,COLUMN()-COLUMN($AL$1)),CHAR(160)," "),_xludf.UNICHAR(8239)," ")) -> #NAME? | AC90: =TRIM(SUBSTITUTE(SUBSTITUTE(OFFSET($Q90,0,COLUMN()-COLUMN($AL$1)),CHAR(160)," "),_xludf.UNICHAR(8239)," ")) -> #NAME? | AD90: =IF($E90="",0,--(COUNTIFS($E:$E,$E90,$C:$C,">"&$C90)+COUNTIFS($E$8:E90,$E90,$C$8:C90,$C90)=1)) -> 1 | AE90: =IF($C90="","",TEXT($C90,"yyyy-mm")) -> 2026-03 | AF90: =IF(OR($E90="",$AE90=""),0,IF(COUNTIFS($E$8:E90,$E90,$AE$8:AE90,$AE90)=1,1,0)) -> 1 | AG90: =IF($E90="",0,IF(COUNTIF($E$8:E90,$E90)=1,1,0)) -> 1
A91: 84 | B91: ليلى ماجد حسن الكتناني | C91: 46111 | D91: {=IFERROR( LOOKUP(2, 1/((TRIM(IMS!$E$8:$E$4000)=TRIM(IMS!$E91))*(IMS!$C$8:$C$4000<IMS!$C91)), IMS!$C$8:$C$4000), "")} | E91: 407116086 | F91: 37318 | G91: 24 | H91: =IF(G91="","",IF(G91<=5,"0-5",IF(G91<=18,"6-18",IF(G91<=60,"19-60","+60")))) -> 19-60 | I91: FEMALE | J91: =IF(OR(LOWER(TRIM(SUBSTITUTE(SUBSTITUTE($I91,CHAR(160)," "),_xludf.UNICHAR(8239)," ")))="male", LOWER(TRIM(SUBSTITUTE(SUBSTITUTE($I91,CHAR(160)," "),_xludf.UNICHAR(8239)," ")))="m", LOWER(TRIM(SUBSTITUTE(SUBSTITUTE($I91,CHAR(160)," "),_xludf.UNICHAR(8239)," ")))="males"), "male", IF(OR(LOWER(TRIM(SUBSTITUTE(SUBSTITUTE($I91,CHAR(160)," "),_xludf.UNICHAR(8239)," ")))="female", LOWER(TRIM(SUBSTITUTE(SUBSTITUTE($I91,CHAR(160)," "),_xludf.UNICHAR(8239)," ")))="f", LOWER(TRIM(SUBSTITUTE(SUBSTITUTE($I91,CHAR(160)," "),_xludf.UNICHAR(8239)," ")))="females"), "female", "")) -> #NAME? | K91: 595048218 | L91: Alnussirat | M91: Single | N91: No | P91: Displaced | Q91: FM- CD | X91: =IF(E91="","",UPPER(LEFT($C$3,1)&"-"&LEFT($C$4,1)&"-"&TEXT(ROW(B84),"000")&"-"&TEXT(C91,"dd-mm"))) -> --084-30-03 | Y91: =TRIM(SUBSTITUTE(SUBSTITUTE(OFFSET($Q91,0,COLUMN()-COLUMN($AL$1)),CHAR(160)," "),_xludf.UNICHAR(8239)," ")) -> #NAME? | Z91: =TRIM(SUBSTITUTE(SUBSTITUTE(OFFSET($Q91,0,COLUMN()-COLUMN($AL$1)),CHAR(160)," "),_xludf.UNICHAR(8239)," ")) -> #NAME? | AA91: =TRIM(SUBSTITUTE(SUBSTITUTE(OFFSET($Q91,0,COLUMN()-COLUMN($AL$1)),CHAR(160)," "),_xludf.UNICHAR(8239)," ")) -> #NAME? | AB91: =TRIM(SUBSTITUTE(SUBSTITUTE(OFFSET($Q91,0,COLUMN()-COLUMN($AL$1)),CHAR(160)," "),_xludf.UNICHAR(8239)," ")) -> #NAME? | AC91: =TRIM(SUBSTITUTE(SUBSTITUTE(OFFSET($Q91,0,COLUMN()-COLUMN($AL$1)),CHAR(160)," "),_xludf.UNICHAR(8239)," ")) -> #NAME? | AD91: =IF($E91="",0,--(COUNTIFS($E:$E,$E91,$C:$C,">"&$C91)+COUNTIFS($E$8:E91,$E91,$C$8:C91,$C91)=1)) -> 1 | AE91: =IF($C91="","",TEXT($C91,"yyyy-mm")) -> 2026-03 | AF91: =IF(OR($E91="",$AE91=""),0,IF(COUNTIFS($E$8:E91,$E91,$AE$8:AE91,$AE91)=1,1,0)) -> 1 | AG91: =IF($E91="",0,IF(COUNTIF($E$8:E91,$E91)=1,1,0)) -> 1
A92: 85 | B92: محمد سلامة احمد البسيوني | C92: 46111 | D92: {=IFERROR( LOOKUP(2, 1/((TRIM(IMS!$E$8:$E$4000)=TRIM(IMS!$E92))*(IMS!$C$8:$C$4000<IMS!$C92)), IMS!$C$8:$C$4000), "")} | E92: 906639745 | F92: 30124 | G92: 44 | H92: =IF(G92="","",IF(G92<=5,"0-5",IF(G92<=18,"6-18",IF(G92<=60,"19-60","+60")))) -> 19-60 | I92: Male | J92: =IF(OR(LOWER(TRIM(SUBSTITUTE(SUBSTITUTE($I92,CHAR(160)," "),_xludf.UNICHAR(8239)," ")))="male", LOWER(TRIM(SUBSTITUTE(SUBSTITUTE($I92,CHAR(160)," "),_xludf.UNICHAR(8239)," ")))="m", LOWER(TRIM(SUBSTITUTE(SUBSTITUTE($I92,CHAR(160)," "),_xludf.UNICHAR(8239)," ")))="males"), "male", IF(OR(LOWER(TRIM(SUBSTITUTE(SUBSTITUTE($I92,CHAR(160)," "),_xludf.UNICHAR(8239)," ")))="female", LOWER(TRIM(SUBSTITUTE(SUBSTITUTE($I92,CHAR(160)," "),_xludf.UNICHAR(8239)," ")))="f", LOWER(TRIM(SUBSTITUTE(SUBSTITUTE($I92,CHAR(160)," "),_xludf.UNICHAR(8239)," ")))="females"), "female", "")) -> #NAME? | K92: 598630346 | L92: Alnussirat | M92: Married | N92: No | P92: Displaced | Q92: FM- NCD | X92: =IF(E92="","",UPPER(LEFT($C$3,1)&"-"&LEFT($C$4,1)&"-"&TEXT(ROW(B85),"000")&"-"&TEXT(C92,"dd-mm"))) -> --085-30-03 | Y92: =TRIM(SUBSTITUTE(SUBSTITUTE(OFFSET($Q92,0,COLUMN()-COLUMN($AL$1)),CHAR(160)," "),_xludf.UNICHAR(8239)," ")) -> #NAME? | Z92: =TRIM(SUBSTITUTE(SUBSTITUTE(OFFSET($Q92,0,COLUMN()-COLUMN($AL$1)),CHAR(160)," "),_xludf.UNICHAR(8239)," ")) -> #NAME? | AA92: =TRIM(SUBSTITUTE(SUBSTITUTE(OFFSET($Q92,0,COLUMN()-COLUMN($AL$1)),CHAR(160)," "),_xludf.UNICHAR(8239)," ")) -> #NAME? | AB92: =TRIM(SUBSTITUTE(SUBSTITUTE(OFFSET($Q92,0,COLUMN()-COLUMN($AL$1)),CHAR(160)," "),_xludf.UNICHAR(8239)," ")) -> #NAME? | AC92: =TRIM(SUBSTITUTE(SUBSTITUTE(OFFSET($Q92,0,COLUMN()-COLUMN($AL$1)),CHAR(160)," "),_xludf.UNICHAR(8239)," ")) -> #NAME? | AD92: =IF($E92="",0,--(COUNTIFS($E:$E,$E92,$C:$C,">"&$C92)+COUNTIFS($E$8:E92,$E92,$C$8:C92,$C92)=1)) -> 1 | AE92: =IF($C92="","",TEXT($C92,"yyyy-mm")) -> 2026-03 | AF92: =IF(OR($E92="",$AE92=""),0,IF(COUNTIFS($E$8:E92,$E92,$AE$8:AE92,$AE92)=1,1,0)) -> 1 | AG92: =IF($E92="",0,IF(COUNTIF($E$8:E92,$E92)=1,1,0)) -> 1
A93: 86 | B93: اديبة احمد عبد الواحد بارود | C93: 46111 | D93: {=IFERROR( LOOKUP(2, 1/((TRIM(IMS!$E$8:$E$4000)=TRIM(IMS!$E93))*(IMS!$C$8:$C$4000<IMS!$C93)), IMS!$C$8:$C$4000), "")} | E93: 910747500 | F93: 27768 | G93: 50 | H93: =IF(G93="","",IF(G93<=5,"0-5",IF(G93<=18,"6-18",IF(G93<=60,"19-60","+60")))) -> 19-60 | I93: FEMALE | J93: =IF(OR(LOWER(TRIM(SUBSTITUTE(SUBSTITUTE($I93,CHAR(160)," "),_xludf.UNICHAR(8239)," ")))="male", LOWER(TRIM(SUBSTITUTE(SUBSTITUTE($I93,CHAR(160)," "),_xludf.UNICHAR(8239)," ")))="m", LOWER(TRIM(SUBSTITUTE(SUBSTITUTE($I93,CHAR(160)," "),_xludf.UNICHAR(8239)," ")))="males"), "male", IF(OR(LOWER(TRIM(SUBSTITUTE(SUBSTITUTE($I93,CHAR(160)," "),_xludf.UNICHAR(8239)," ")))="female", LOWER(TRIM(SUBSTITUTE(SUBSTITUTE($I93,CHAR(160)," "),_xludf.UNICHAR(8239)," ")))="f", LOWER(TRIM(SUBSTITUTE(SUBSTITUTE($I93,CHAR(160)," "),_xludf.UNICHAR(8239)," ")))="females"), "female", "")) -> #NAME? | K93: 569994441 | L93: Alnussirat | M93: Married | N93: No | P93: Displaced | Q93: FM- NCD | X93: =IF(E93="","",UPPER(LEFT($C$3,1)&"-"&LEFT($C$4,1)&"-"&TEXT(ROW(B86),"000")&"-"&TEXT(C93,"dd-mm"))) -> --086-30-03 | Y93: =TRIM(SUBSTITUTE(SUBSTITUTE(OFFSET($Q93,0,COLUMN()-COLUMN($AL$1)),CHAR(160)," "),_xludf.UNICHAR(8239)," ")) -> #NAME? | Z93: =TRIM(SUBSTITUTE(SUBSTITUTE(OFFSET($Q93,0,COLUMN()-COLUMN($AL$1)),CHAR(160)," "),_xludf.UNICHAR(8239)," ")) -> #NAME? | AA93: =TRIM(SUBSTITUTE(SUBSTITUTE(OFFSET($Q93,0,COLUMN()-COLUMN($AL$1)),CHAR(160)," "),_xludf.UNICHAR(8239)," ")) -> #NAME? | AB93: =TRIM(SUBSTITUTE(SUBSTITUTE(OFFSET($Q93,0,COLUMN()-COLUMN($AL$1)),CHAR(160)," "),_xludf.UNICHAR(8239)," ")) -> #NAME? | AC93: =TRIM(SUBSTITUTE(SUBSTITUTE(OFFSET($Q93,0,COLUMN()-COLUMN($AL$1)),CHAR(160)," "),_xludf.UNICHAR(8239)," ")) -> #NAME? | AD93: =IF($E93="",0,--(COUNTIFS($E:$E,$E93,$C:$C,">"&$C93)+COUNTIFS($E$8:E93,$E93,$C$8:C93,$C93)=1)) -> 1 | AE93: =IF($C93="","",TEXT($C93,"yyyy-mm")) -> 2026-03 | AF93: =IF(OR($E93="",$AE93=""),0,IF(COUNTIFS($E$8:E93,$E93,$AE$8:AE93,$AE93)=1,1,0)) -> 1 | AG93: =IF($E93="",0,IF(COUNTIF($E$8:E93,$E93)=1,1,0)) -> 1
A94: 87 | B94: عمرو محمد خليل الشاويش | C94: 46111 | D94: {=IFERROR( LOOKUP(2, 1/((TRIM(IMS!$E$8:$E$4000)=TRIM(IMS!$E94))*(IMS!$C$8:$C$4000<IMS!$C94)), IMS!$C$8:$C$4000), "")} | E94: 800112674 | F94: 30424 | G94: 43 | H94: =IF(G94="","",IF(G94<=5,"0-5",IF(G94<=18,"6-18",IF(G94<=60,"19-60","+60")))) -> 19-60 | I94: Male | J94: =IF(OR(LOWER(TRIM(SUBSTITUTE(SUBSTITUTE($I94,CHAR(160)," "),_xludf.UNICHAR(8239)," ")))="male", LOWER(TRIM(SUBSTITUTE(SUBSTITUTE($I94,CHAR(160)," "),_xludf.UNICHAR(8239)," ")))="m", LOWER(TRIM(SUBSTITUTE(SUBSTITUTE($I94,CHAR(160)," "),_xludf.UNICHAR(8239)," ")))="males"), "male", IF(OR(LOWER(TRIM(SUBSTITUTE(SUBSTITUTE($I94,CHAR(160)," "),_xludf.UNICHAR(8239)," ")))="female", LOWER(TRIM(SUBSTITUTE(SUBSTITUTE($I94,CHAR(160)," "),_xludf.UNICHAR(8239)," ")))="f", LOWER(TRIM(SUBSTITUTE(SUBSTITUTE($I94,CHAR(160)," "),_xludf.UNICHAR(8239)," ")))="females"), "female", "")) -> #NAME? | K94: 598710290 | L94: Alnussirat | M94: Married | N94: No | P94: Displaced | Q94: FM- CD | X94: =IF(E94="","",UPPER(LEFT($C$3,1)&"-"&LEFT($C$4,1)&"-"&TEXT(ROW(B87),"000")&"-"&TEXT(C94,"dd-mm"))) -> --087-30-03 | Y94: =TRIM(SUBSTITUTE(SUBSTITUTE(OFFSET($Q94,0,COLUMN()-COLUMN($AL$1)),CHAR(160)," "),_xludf.UNICHAR(8239)," ")) -> #NAME? | Z94: =TRIM(SUBSTITUTE(SUBSTITUTE(OFFSET($Q94,0,COLUMN()-COLUMN($AL$1)),CHAR(160)," "),_xludf.UNICHAR(8239)," ")) -> #NAME? | AA94: =TRIM(SUBSTITUTE(SUBSTITUTE(OFFSET($Q94,0,COLUMN()-COLUMN($AL$1)),CHAR(160)," "),_xludf.UNICHAR(8239)," ")) -> #NAME? | AB94: =TRIM(SUBSTITUTE(SUBSTITUTE(OFFSET($Q94,0,COLUMN()-COLUMN($AL$1)),CHAR(160)," "),_xludf.UNICHAR(8239)," ")) -> #NAME? | AC94: =TRIM(SUBSTITUTE(SUBSTITUTE(OFFSET($Q94,0,COLUMN()-COLUMN($AL$1)),CHAR(160)," "),_xludf.UNICHAR(8239)," ")) -> #NAME? | AD94: =IF($E94="",0,--(COUNTIFS($E:$E,$E94,$C:$C,">"&$C94)+COUNTIFS($E$8:E94,$E94,$C$8:C94,$C94)=1)) -> 1 | AE94: =IF($C94="","",TEXT($C94,"yyyy-mm")) -> 2026-03 | AF94: =IF(OR($E94="",$AE94=""),0,IF(COUNTIFS($E$8:E94,$E94,$AE$8:AE94,$AE94)=1,1,0)) -> 1 | AG94: =IF($E94="",0,IF(COUNTIF($E$8:E94,$E94)=1,1,0)) -> 1
A95: 88 | B95: جابر محمد علي مهدي | C95: 46111 | D95: {=IFERROR( LOOKUP(2, 1/((TRIM(IMS!$E$8:$E$4000)=TRIM(IMS!$E95))*(IMS!$C$8:$C$4000<IMS!$C95)), IMS!$C$8:$C$4000), "")} | E95: 958827354 | F95: 25879 | G95: 56 | H95: =IF(G95="","",IF(G95<=5,"0-5",IF(G95<=18,"6-18",IF(G95<=60,"19-60","+60")))) -> 19-60 | I95: Male | J95: =IF(OR(LOWER(TRIM(SUBSTITUTE(SUBSTITUTE($I95,CHAR(160)," "),_xludf.UNICHAR(8239)," ")))="male", LOWER(TRIM(SUBSTITUTE(SUBSTITUTE($I95,CHAR(160)," "),_xludf.UNICHAR(8239)," ")))="m", LOWER(TRIM(SUBSTITUTE(SUBSTITUTE($I95,CHAR(160)," "),_xludf.UNICHAR(8239)," ")))="males"), "male", IF(OR(LOWER(TRIM(SUBSTITUTE(SUBSTITUTE($I95,CHAR(160)," "),_xludf.UNICHAR(8239)," ")))="female", LOWER(TRIM(SUBSTITUTE(SUBSTITUTE($I95,CHAR(160)," "),_xludf.UNICHAR(8239)," ")))="f", LOWER(TRIM(SUBSTITUTE(SUBSTITUTE($I95,CHAR(160)," "),_xludf.UNICHAR(8239)," ")))="females"), "female", "")) -> #NAME? | K95: 599763573 | L95: Alnussirat | M95: Married | N95: No | P95: Host Community | Q95: FM- NCD | X95: =IF(E95="","",UPPER(LEFT($C$3,1)&"-"&LEFT($C$4,1)&"-"&TEXT(ROW(B88),"000")&"-"&TEXT(C95,"dd-mm"))) -> --088-30-03 | Y95: =TRIM(SUBSTITUTE(SUBSTITUTE(OFFSET($Q95,0,COLUMN()-COLUMN($AL$1)),CHAR(160)," "),_xludf.UNICHAR(8239)," ")) -> #NAME? | Z95: =TRIM(SUBSTITUTE(SUBSTITUTE(OFFSET($Q95,0,COLUMN()-COLUMN($AL$1)),CHAR(160)," "),_xludf.UNICHAR(8239)," ")) -> #NAME? | AA95: =TRIM(SUBSTITUTE(SUBSTITUTE(OFFSET($Q95,0,COLUMN()-COLUMN($AL$1)),CHAR(160)," "),_xludf.UNICHAR(8239)," ")) -> #NAME? | AB95: =TRIM(SUBSTITUTE(SUBSTITUTE(OFFSET($Q95,0,COLUMN()-COLUMN($AL$1)),CHAR(160)," "),_xludf.UNICHAR(8239)," ")) -> #NAME? | AC95: =TRIM(SUBSTITUTE(SUBSTITUTE(OFFSET($Q95,0,COLUMN()-COLUMN($AL$1)),CHAR(160)," "),_xludf.UNICHAR(8239)," ")) -> #NAME? | AD95: =IF($E95="",0,--(COUNTIFS($E:$E,$E95,$C:$C,">"&$C95)+COUNTIFS($E$8:E95,$E95,$C$8:C95,$C95)=1)) -> 1 | AE95: =IF($C95="","",TEXT($C95,"yyyy-mm")) -> 2026-03 | AF95: =IF(OR($E95="",$AE95=""),0,IF(COUNTIFS($E$8:E95,$E95,$AE$8:AE95,$AE95)=1,1,0)) -> 1 | AG95: =IF($E95="",0,IF(COUNTIF($E$8:E95,$E95)=1,1,0)) -> 1
A96: 89 | B96: مرفت نمر انيس البرعي | C96: 46111 | D96: {=IFERROR( LOOKUP(2, 1/((TRIM(IMS!$E$8:$E$4000)=TRIM(IMS!$E96))*(IMS!$C$8:$C$4000<IMS!$C96)), IMS!$C$8:$C$4000), "")} | E96: 970033379 | F96: 24344 | G96: 60 | H96: =IF(G96="","",IF(G96<=5,"0-5",IF(G96<=18,"6-18",IF(G96<=60,"19-60","+60")))) -> 19-60 | I96: FEMALE | J96: =IF(OR(LOWER(TRIM(SUBSTITUTE(SUBSTITUTE($I96,CHAR(160)," "),_xludf.UNICHAR(8239)," ")))="male", LOWER(TRIM(SUBSTITUTE(SUBSTITUTE($I96,CHAR(160)," "),_xludf.UNICHAR(8239)," ")))="m", LOWER(TRIM(SUBSTITUTE(SUBSTITUTE($I96,CHAR(160)," "),_xludf.UNICHAR(8239)," ")))="males"), "male", IF(OR(LOWER(TRIM(SUBSTITUTE(SUBSTITUTE($I96,CHAR(160)," "),_xludf.UNICHAR(8239)," ")))="female", LOWER(TRIM(SUBSTITUTE(SUBSTITUTE($I96,CHAR(160)," "),_xludf.UNICHAR(8239)," ")))="f", LOWER(TRIM(SUBSTITUTE(SUBSTITUTE($I96,CHAR(160)," "),_xludf.UNICHAR(8239)," ")))="females"), "female", "")) -> #NAME? | K96: 597186222 | L96: Alnussirat | M96: Married | N96: No | P96: Displaced | Q96: FM- NCD | X96: =IF(E96="","",UPPER(LEFT($C$3,1)&"-"&LEFT($C$4,1)&"-"&TEXT(ROW(B89),"000")&"-"&TEXT(C96,"dd-mm"))) -> --089-30-03 | Y96: =TRIM(SUBSTITUTE(SUBSTITUTE(OFFSET($Q96,0,COLUMN()-COLUMN($AL$1)),CHAR(160)," "),_xludf.UNICHAR(8239)," ")) -> #NAME? | Z96: =TRIM(SUBSTITUTE(SUBSTITUTE(OFFSET($Q96,0,COLUMN()-COLUMN($AL$1)),CHAR(160)," "),_xludf.UNICHAR(8239)," ")) -> #NAME? | AA96: =TRIM(SUBSTITUTE(SUBSTITUTE(OFFSET($Q96,0,COLUMN()-COLUMN($AL$1)),CHAR(160)," "),_xludf.UNICHAR(8239)," ")) -> #NAME? | AB96: =TRIM(SUBSTITUTE(SUBSTITUTE(OFFSET($Q96,0,COLUMN()-COLUMN($AL$1)),CHAR(160)," "),_xludf.UNICHAR(8239)," ")) -> #NAME? | AC96: =TRIM(SUBSTITUTE(SUBSTITUTE(OFFSET($Q96,0,COLUMN()-COLUMN($AL$1)),CHAR(160)," "),_xludf.UNICHAR(8239)," ")) -> #NAME? | AD96: =IF($E96="",0,--(COUNTIFS($E:$E,$E96,$C:$C,">"&$C96)+COUNTIFS($E$8:E96,$E96,$C$8:C96,$C96)=1)) -> 1 | AE96: =IF($C96="","",TEXT($C96,"yyyy-mm")) -> 2026-03 | AF96: =IF(OR($E96="",$AE96=""),0,IF(COUNTIFS($E$8:E96,$E96,$AE$8:AE96,$AE96)=1,1,0)) -> 1 | AG96: =IF($E96="",0,IF(COUNTIF($E$8:E96,$E96)=1,1,0)) -> 1
A97: 90 | B97: سارة خالد محمد البرعي | C97: 46111 | D97: {=IFERROR( LOOKUP(2, 1/((TRIM(IMS!$E$8:$E$4000)=TRIM(IMS!$E97))*(IMS!$C$8:$C$4000<IMS!$C97)), IMS!$C$8:$C$4000), "")} | E97: 444915490 | F97: 44268 | G97: 5 | H97: =IF(G97="","",IF(G97<=5,"0-5",IF(G97<=18,"6-18",IF(G97<=60,"19-60","+60")))) -> 0-5 | I97: FEMALE | J97: =IF(OR(LOWER(TRIM(SUBSTITUTE(SUBSTITUTE($I97,CHAR(160)," "),_xludf.UNICHAR(8239)," ")))="male", LOWER(TRIM(SUBSTITUTE(SUBSTITUTE($I97,CHAR(160)," "),_xludf.UNICHAR(8239)," ")))="m", LOWER(TRIM(SUBSTITUTE(SUBSTITUTE($I97,CHAR(160)," "),_xludf.UNICHAR(8239)," ")))="males"), "male", IF(OR(LOWER(TRIM(SUBSTITUTE(SUBSTITUTE($I97,CHAR(160)," "),_xludf.UNICHAR(8239)," ")))="female", LOWER(TRIM(SUBSTITUTE(SUBSTITUTE($I97,CHAR(160)," "),_xludf.UNICHAR(8239)," ")))="f", LOWER(TRIM(SUBSTITUTE(SUBSTITUTE($I97,CHAR(160)," "),_xludf.UNICHAR(8239)," ")))="females"), "female", "")) -> #NAME? | K97: 597186222 | L97: Alnussirat | M97: Single | N97: No | P97: Displaced | Q97: FM- CD | X97: =IF(E97="","",UPPER(LEFT($C$3,1)&"-"&LEFT($C$4,1)&"-"&TEXT(ROW(B90),"000")&"-"&TEXT(C97,"dd-mm"))) -> --090-30-03 | Y97: =TRIM(SUBSTITUTE(SUBSTITUTE(OFFSET($Q97,0,COLUMN()-COLUMN($AL$1)),CHAR(160)," "),_xludf.UNICHAR(8239)," ")) -> #NAME? | Z97: =TRIM(SUBSTITUTE(SUBSTITUTE(OFFSET($Q97,0,COLUMN()-COLUMN($AL$1)),CHAR(160)," "),_xludf.UNICHAR(8239)," ")) -> #NAME? | AA97: =TRIM(SUBSTITUTE(SUBSTITUTE(OFFSET($Q97,0,COLUMN()-COLUMN($AL$1)),CHAR(160)," "),_xludf.UNICHAR(8239)," ")) -> #NAME? | AB97: =TRIM(SUBSTITUTE(SUBSTITUTE(OFFSET($Q97,0,COLUMN()-COLUMN($AL$1)),CHAR(160)," "),_xludf.UNICHAR(8239)," ")) -> #NAME? | AC97: =TRIM(SUBSTITUTE(SUBSTITUTE(OFFSET($Q97,0,COLUMN()-COLUMN($AL$1)),CHAR(160)," "),_xludf.UNICHAR(8239)," ")) -> #NAME? | AD97: =IF($E97="",0,--(COUNTIFS($E:$E,$E97,$C:$C,">"&$C97)+COUNTIFS($E$8:E97,$E97,$C$8:C97,$C97)=1)) -> 1 | AE97: =IF($C97="","",TEXT($C97,"yyyy-mm")) -> 2026-03 | AF97: =IF(OR($E97="",$AE97=""),0,IF(COUNTIFS($E$8:E97,$E97,$AE$8:AE97,$AE97)=1,1,0)) -> 1 | AG97: =IF($E97="",0,IF(COUNTIF($E$8:E97,$E97)=1,1,0)) -> 1
A98: 91 | B98: سلمي خالد محمد البرعي | C98: 46111 | D98: {=IFERROR( LOOKUP(2, 1/((TRIM(IMS!$E$8:$E$4000)=TRIM(IMS!$E98))*(IMS!$C$8:$C$4000<IMS!$C98)), IMS!$C$8:$C$4000), "")} | E98: 470427055 | F98: 44808 | G98: 4 | H98: =IF(G98="","",IF(G98<=5,"0-5",IF(G98<=18,"6-18",IF(G98<=60,"19-60","+60")))) -> 0-5 | I98: Male | J98: =IF(OR(LOWER(TRIM(SUBSTITUTE(SUBSTITUTE($I98,CHAR(160)," "),_xludf.UNICHAR(8239)," ")))="male", LOWER(TRIM(SUBSTITUTE(SUBSTITUTE($I98,CHAR(160)," "),_xludf.UNICHAR(8239)," ")))="m", LOWER(TRIM(SUBSTITUTE(SUBSTITUTE($I98,CHAR(160)," "),_xludf.UNICHAR(8239)," ")))="males"), "male", IF(OR(LOWER(TRIM(SUBSTITUTE(SUBSTITUTE($I98,CHAR(160)," "),_xludf.UNICHAR(8239)," ")))="female", LOWER(TRIM(SUBSTITUTE(SUBSTITUTE($I98,CHAR(160)," "),_xludf.UNICHAR(8239)," ")))="f", LOWER(TRIM(SUBSTITUTE(SUBSTITUTE($I98,CHAR(160)," "),_xludf.UNICHAR(8239)," ")))="females"), "female", "")) -> #NAME? | K98: 597186222 | L98: Alnussirat | M98: Single | N98: No | P98: Displaced | Q98: FM- CD | X98: =IF(E98="","",UPPER(LEFT($C$3,1)&"-"&LEFT($C$4,1)&"-"&TEXT(ROW(B91),"000")&"-"&TEXT(C98,"dd-mm"))) -> --091-30-03 | Y98: =TRIM(SUBSTITUTE(SUBSTITUTE(OFFSET($Q98,0,COLUMN()-COLUMN($AL$1)),CHAR(160)," "),_xludf.UNICHAR(8239)," ")) -> #NAME? | Z98: =TRIM(SUBSTITUTE(SUBSTITUTE(OFFSET($Q98,0,COLUMN()-COLUMN($AL$1)),CHAR(160)," "),_xludf.UNICHAR(8239)," ")) -> #NAME? | AA98: =TRIM(SUBSTITUTE(SUBSTITUTE(OFFSET($Q98,0,COLUMN()-COLUMN($AL$1)),CHAR(160)," "),_xludf.UNICHAR(8239)," ")) -> #NAME? | AB98: =TRIM(SUBSTITUTE(SUBSTITUTE(OFFSET($Q98,0,COLUMN()-COLUMN($AL$1)),CHAR(160)," "),_xludf.UNICHAR(8239)," ")) -> #NAME? | AC98: =TRIM(SUBSTITUTE(SUBSTITUTE(OFFSET($Q98,0,COLUMN()-COLUMN($AL$1)),CHAR(160)," "),_xludf.UNICHAR(8239)," ")) -> #NAME? | AD98: =IF($E98="",0,--(COUNTIFS($E:$E,$E98,$C:$C,">"&$C98)+COUNTIFS($E$8:E98,$E98,$C$8:C98,$C98)=1)) -> 1 | AE98: =IF($C98="","",TEXT($C98,"yyyy-mm")) -> 2026-03 | AF98: =IF(OR($E98="",$AE98=""),0,IF(COUNTIFS($E$8:E98,$E98,$AE$8:AE98,$AE98)=1,1,0)) -> 1 | AG98: =IF($E98="",0,IF(COUNTIF($E$8:E98,$E98)=1,1,0)) -> 1
... A101: 94 | B101: حسام فايز خليل كتكت | C101: 46111 | D101: {=IFERROR( LOOKUP(2, 1/((TRIM(IMS!$E$8:$E$4000)=TRIM(IMS!$E101))*(IMS!$C$8:$C$4000<IMS!$C101)), IMS!$C$8:$C$4000), "")} | E101: 401184213 | F101: 35103 | G101: 30 | H101: =IF(G101="","",IF(G101<=5,"0-5",IF(G101<=18,"6-18",IF(G101<=60,"19-60","+60")))) -> 19-60 | I101: Male | J101: =IF(OR(LOWER(TRIM(SUBSTITUTE(SUBSTITUTE($I101,CHAR(160)," "),_xludf.UNICHAR(8239)," ")))="male", LOWER(TRIM(SUBSTITUTE(SUBSTITUTE($I101,CHAR(160)," "),_xludf.UNICHAR(8239)," ")))="m", LOWER(TRIM(SUBSTITUTE(SUBSTITUTE($I101,CHAR(160)," "),_xludf.UNICHAR(8239)," ")))="males"), "male", IF(OR(LOWER(TRIM(SUBSTITUTE(SUBSTITUTE($I101,CHAR(160)," "),_xludf.UNICHAR(8239)," ")))="female", LOWER(TRIM(SUBSTITUTE(SUBSTITUTE($I101,CHAR(160)," "),_xludf.UNICHAR(8239)," ")))="f", LOWER(TRIM(SUBSTITUTE(SUBSTITUTE($I101,CHAR(160)," "),_xludf.UNICHAR(8239)," ")))="females"), "female", "")) -> #NAME? | K101: 594371302 | L101: Alnussirat | M101: Married | N101: No | P101: Displaced | Q101: FM- CD | X101: =IF(E101="","",UPPER(LEFT($C$3,1)&"-"&LEFT($C$4,1)&"-"&TEXT(ROW(B94),"000")&"-"&TEXT(C101,"dd-mm"))) -> --094-30-03 | Y101: =TRIM(SUBSTITUTE(SUBSTITUTE(OFFSET($Q101,0,COLUMN()-COLUMN($AL$1)),CHAR(160)," "),_xludf.UNICHAR(8239)," ")) -> #NAME? | Z101: =TRIM(SUBSTITUTE(SUBSTITUTE(OFFSET($Q101,0,COLUMN()-COLUMN($AL$1)),CHAR(160)," "),_xludf.UNICHAR(8239)," ")) -> #NAME? | AA101: =TRIM(SUBSTITUTE(SUBSTITUTE(OFFSET($Q101,0,COLUMN()-COLUMN($AL$1)),CHAR(160)," "),_xludf.UNICHAR(8239)," ")) -> #NAME? | AB101: =TRIM(SUBSTITUTE(SUBSTITUTE(OFFSET($Q101,0,COLUMN()-COLUMN($AL$1)),CHAR(160)," "),_xludf.UNICHAR(8239)," ")) -> #NAME? | AC101: =TRIM(SUBSTITUTE(SUBSTITUTE(OFFSET($Q101,0,COLUMN()-COLUMN($AL$1)),CHAR(160)," "),_xludf.UNICHAR(8239)," ")) -> #NAME? | AD101: =IF($E101="",0,--(COUNTIFS($E:$E,$E101,$C:$C,">"&$C101)+COUNTIFS($E$8:E101,$E101,$C$8:C101,$C101)=1)) -> 1 | AE101: =IF($C101="","",TEXT($C101,"yyyy-mm")) -> 2026-03 | AF101: =IF(OR($E101="",$AE101=""),0,IF(COUNTIFS($E$8:E101,$E101,$AE$8:AE101,$AE101)=1,1,0)) -> 1 | AG101: =IF($E101="",0,IF(COUNTIF($E$8:E101,$E101)=1,1,0)) -> 1
A102: 95 | B102: الهام ماهر احمد زاهد | C102: 46111 | D102: {=IFERROR( LOOKUP(2, 1/((TRIM(IMS!$E$8:$E$4000)=TRIM(IMS!$E102))*(IMS!$C$8:$C$4000<IMS!$C102)), IMS!$C$8:$C$4000), "")} | E102: 802901769 | F102: 33379 | G102: 35 | H102: =IF(G102="","",IF(G102<=5,"0-5",IF(G102<=18,"6-18",IF(G102<=60,"19-60","+60")))) -> 19-60 | I102: FEMALE | J102: =IF(OR(LOWER(TRIM(SUBSTITUTE(SUBSTITUTE($I102,CHAR(160)," "),_xludf.UNICHAR(8239)," ")))="male", LOWER(TRIM(SUBSTITUTE(SUBSTITUTE($I102,CHAR(160)," "),_xludf.UNICHAR(8239)," ")))="m", LOWER(TRIM(SUBSTITUTE(SUBSTITUTE($I102,CHAR(160)," "),_xludf.UNICHAR(8239)," ")))="males"), "male", IF(OR(LOWER(TRIM(SUBSTITUTE(SUBSTITUTE($I102,CHAR(160)," "),_xludf.UNICHAR(8239)," ")))="female", LOWER(TRIM(SUBSTITUTE(SUBSTITUTE($I102,CHAR(160)," "),_xludf.UNICHAR(8239)," ")))="f", LOWER(TRIM(SUBSTITUTE(SUBSTITUTE($I102,CHAR(160)," "),_xludf.UNICHAR(8239)," ")))="females"), "female", "")) -> #NAME? | K102: 592705813 | L102: Alnussirat | M102: Widowed | N102: No | P102: Displaced | R102: GYN | X102: =IF(E102="","",UPPER(LEFT($C$3,1)&"-"&LEFT($C$4,1)&"-"&TEXT(ROW(B95),"000")&"-"&TEXT(C102,"dd-mm"))) -> --095-30-03 | Y102: =TRIM(SUBSTITUTE(SUBSTITUTE(OFFSET($Q102,0,COLUMN()-COLUMN($AL$1)),CHAR(160)," "),_xludf.UNICHAR(8239)," ")) -> #NAME? | Z102: =TRIM(SUBSTITUTE(SUBSTITUTE(OFFSET($Q102,0,COLUMN()-COLUMN($AL$1)),CHAR(160)," "),_xludf.UNICHAR(8239)," ")) -> #NAME? | AA102: =TRIM(SUBSTITUTE(SUBSTITUTE(OFFSET($Q102,0,COLUMN()-COLUMN($AL$1)),CHAR(160)," "),_xludf.UNICHAR(8239)," ")) -> #NAME? | AB102: =TRIM(SUBSTITUTE(SUBSTITUTE(OFFSET($Q102,0,COLUMN()-COLUMN($AL$1)),CHAR(160)," "),_xludf.UNICHAR(8239)," ")) -> #NAME? | AC102: =TRIM(SUBSTITUTE(SUBSTITUTE(OFFSET($Q102,0,COLUMN()-COLUMN($AL$1)),CHAR(160)," "),_xludf.UNICHAR(8239)," ")) -> #NAME? | AD102: =IF($E102="",0,--(COUNTIFS($E:$E,$E102,$C:$C,">"&$C102)+COUNTIFS($E$8:E102,$E102,$C$8:C102,$C102)=1)) -> 1 | AE102: =IF($C102="","",TEXT($C102,"yyyy-mm")) -> 2026-03 | AF102: =IF(OR($E102="",$AE102=""),0,IF(COUNTIFS($E$8:E102,$E102,$AE$8:AE102,$AE102)=1,1,0)) -> 1 | AG102: =IF($E102="",0,IF(COUNTIF($E$8:E102,$E102)=1,1,0)) -> 1
...

Sheet ورقة1
B5: CD
B6: NCD
B7: CD
B9: CD
B11: CD
B12: CD
B13: NCD
B14: cD
B15: Cd
B17: NCd
B19: NCD
B20: NCD
... B78: NCD

Sheet Info
A1: FM services | B1: SRH Services | C1: Wound Care | D1: Breast Cancer | E1: Mal-Nutirion | F1: {=_xlws.FILTER(Info!$A$2:$A$14,Info!$A$2:$A$14<>"")} -> #NAME? | G1: {=_xlws.FILTER(Info!$B$2:$B$14,Info!$B$2:$B$14<>"")} -> #NAME? | H1: {=_xlws.FILTER(Info!$C$2:$C$14,Info!$C$2:$C$14<>"")} -> #NAME? | I1: {=_xlws.FILTER(Info!$D$2:$D$14,Info!$D$2:$D$14<>"")} -> #NAME? | J1: {=_xlws.FILTER(Info!$E$2:$E$14,Info!$E$2:$E$14<>"")} -> #NAME? | L1: Gender | N1: {=_xlws.FILTER(Info!$L$2:$L$6,Info!$L$2:$L$6<>"")} -> #NAME? | P1: Governorate | R1: {=_xlws.FILTER(Info!$P$2:$P$21,Info!$P$2:$P$21<>"")} -> #NAME? | T1: Sites | V1: {=_xlws.FILTER(Info!$T$2:$T$14,Info!$T$2:$T$14<>"")} -> #NAME?
A2: FM- NCD | B2: ANC | C2: Dressing | D2: Screeining | E2: Screeining | L2: Male | P2: North Gaza | T2: Gaza Clinic
A3: FM- CD | B3: PNC | C3: Follow-up Dressing | D3: Screeining and Referral | E3: SAM referal | L3: Female | P3: Gaza City | T3: Nussirat Clinic
A4: ENT | B4: FP | C4: Wound Cleaning | E4: MAM referal | P4: Alzahra City | T4: Berka Clinic
A5: Derma | B5: GYN | C5: Suture Removal | P5: Alnussirat | T5: Hiker Clinic
P6: Alburaij | T6: Jameel Wadie Clinic
P7: Almaghazi | T7: Majidah Clinic
J8: ACHA | P8: Almusadar
J9: CFTA | P9: Alzawida
P10: Dier Albalah
P11: Khanyounis City
I12: Displaced | P12: Khanyouni- Almawasi
I13: Host Community | P13: Rafah

Sheet General Overview
A1: consulations
B2: Males | F2: Females | J2: Total
A3: Service | B3: (0-5) | C3: (6-18) | D3: (19-60) | E3: (+60) | F3: (0-5) | G3: (6-18) | H3: (19-60) | I3: (+60)
