Workbook

Sheet IMS
A1: (Partner Name) in partnership with Medical Aid for Palestinains- MAP UK | L1: المصدر | M1: شمال Gaza City | P1: غير معدي | Q1: FM- NCD | R1: ANC | S1: Dressing | T1: Screening | U1: Screening | AM1: فحص | AU1: فحص سوء التغذية
A2: Project: | C2: Improving Access to Comprehensive Primary Health Care and Protection in Gaza | L2: Alzawida | M2: Gaza City | O2: قبل الحمل | P2: PCC | Q2: FM- CD | R2: PNC | S2: Follow-up Dressing | T2: Screening and Referral | U2: SAM referral | AM2: تحويل SAM | AU2: سوء تغذية شديد
A3: Partner: | L3: Dier Albalah | M3: الزهراء | Q3: ENT | R3: FP | S3: Wound Cleaning | U3: MAM referral | AM3: تحويل MAM | AU3: سوء تغذية متوسط
A4: Medical Point: | L4: خانيونس | M4: Alnussirat | Q4: Derma | R4: GYN | S4: Suture Removal | AM4: —
A5: Month | L5: مواصي خانيونس | M5: Alburaij
A6: Governorate | L6: رفح | M6: Almaghazi | P6: Displaced | Q6: Service Matrix | W6: موعد الحجز
A7: # | B7: Full Name/الإسم الكامل | C7: Visit Date/تاريخ الزيارة | D7: Last Visit Date/تاريخ آخر زيارة | E7: ID N./رقم الهوية | F7: Date of Birth/ تاريخ الميلاد | G7: Age/العمر | H7: Age Group/الفئة العمرية | I7: Gender/الجنس | J7: Gender_N | K7: Phone N./الهاتف | L7: Governorate/المحافظة | M7: Social Status/الحالة الاجتماعية | N7: Disability Status/الإعاقة | O7: Disability Type/نوع الإعاقة | P7: Displacment Tracker | Q7: FM services | R7: SRH services | S7: Wound Care | T7: Breast Cancer | U7: Mal-Nutirition | V7: Referral/التحويلات | W7: Follow-up Date/موعد المتابعة | X7: Visitor Code/رمز الزائر | Y7: FM-N | Z7: SRH-N | AA7: Other1_N | AB7: Other2_N | AC7: Other3_N | AD7: Unique Flag | AE7: Visit Month | AF7: Unique in Month Flag | AG7: First Time in Project Flag
A8: 1 | B8: غصون فوزي محمد ابو زيد | C8: 2026-04-26 | E8: 700358666 | F8: 1988-09-01 | G8: 37 | H8: 19-60 | I8: Female | J8: female | K8: 592144734 | L8: Almaghazi | M8: Married | N8: No | P8: Displaced | R8: GYN | X8: =IF(E8="","",UPPER(LEFT($C$3,1)&"-"&LEFT($C$4,1)&"-"&TEXT(ROW(B1),"000")&"-"&TEXT(C8,"dd-mm"))) -> --001-26-04 | Y8: =TRIM(SUBSTITUTE(SUBSTITUTE(OFFSET($Q8,0,COLUMN()-COLUMN($AL$1)),CHAR(160)," "),_xludf.UNICHAR(8239)," ")) -> #NAME? | Z8: =TRIM(SUBSTITUTE(SUBSTITUTE(OFFSET($Q8,0,COLUMN()-COLUMN($AL$1)),CHAR(160)," "),_xludf.UNICHAR(8239)," ")) -> #NAME? | AA8: =TRIM(SUBSTITUTE(SUBSTITUTE(OFFSET($Q8,0,COLUMN()-COLUMN($AL$1)),CHAR(160)," "),_xludf.UNICHAR(8239)," ")) -> #NAME? | AB8: =TRIM(SUBSTITUTE(SUBSTITUTE(OFFSET($Q8,0,COLUMN()-COLUMN($AL$1)),CHAR(160)," "),_xludf.UNICHAR(8239)," ")) -> #NAME? | AC8: =TRIM(SUBSTITUTE(SUBSTITUTE(OFFSET($Q8,0,COLUMN()-COLUMN($AL$1)),CHAR(160)," "),_xludf.UNICHAR(8239)," ")) -> #NAME? | AD8: =IF($E8="",0,--(COUNTIFS($E:$E,$E8,$C:$C,">"&$C8)+COUNTIFS($E$8:E8,$E8,$C$8:C8,$C8)=1)) -> 1 | AE8: =IF($C8="","",TEXT($C8,"yyyy-mm")) -> 2026-04 | AF8: =IF(OR($E8="",$AE8=""),0,IF(COUNTIFS($E$8:E8,$E8,$AE$8:AE8,$AE8)=1,1,0)) -> 1 | AG8: =IF($E8="",0,IF(COUNTIF($E$8:E8,$E8)=1,1,0)) -> 1
A9: 2 | B9: عايشة محمد صالح الدسوقي | C9: 2026-04-26 | E9: 910717982 | F9: 1968-05-07 | G9: 57 | H9: 19-60 | I9: Female | J9: female | K9: 599454954 | L9: Alnussirat | M9: Married | N9: No | P9: Displaced | R9: GYN | X9: =IF(E9="","",UPPER(LEFT($C$3,1)&"-"&LEFT($C$4,1)&"-"&TEXT(ROW(B2),"000")&"-"&TEXT(C9,"dd-mm"))) -> --002-26-04 | Y9: =TRIM(SUBSTITUTE(SUBSTITUTE(OFFSET($Q9,0,COLUMN()-COLUMN($AL$1)),CHAR(160)," "),_xludf.UNICHAR(8239)," ")) -> #NAME? | Z9: =TRIM(SUBSTITUTE(SUBSTITUTE(OFFSET($Q9,0,COLUMN()-COLUMN($AL$1)),CHAR(160)," "),_xludf.UNICHAR(8239)," ")) -> #NAME? | AA9: =TRIM(SUBSTITUTE(SUBSTITUTE(OFFSET($Q9,0,COLUMN()-COLUMN($AL$1)),CHAR(160)," "),_xludf.UNICHAR(8239)," ")) -> #NAME? | AB9: =TRIM(SUBSTITUTE(SUBSTITUTE(OFFSET($Q9,0,COLUMN()-COLUMN($AL$1)),CHAR(160)," "),_xludf.UNICHAR(8239)," ")) -> #NAME? | AC9: =TRIM(SUBSTITUTE(SUBSTITUTE(OFFSET($Q9,0,COLUMN()-COLUMN($AL$1)),CHAR(160)," "),_xludf.UNICHAR(8239)," ")) -> #NAME? | AD9: =IF($E9="",0,--(COUNTIFS($E:$E,$E9,$C:$C,">"&$C9)+COUNTIFS($E$8:E9,$E9,$C$8:C9,$C9)=1)) -> 1 | AE9: =IF($C9="","",TEXT($C9,"yyyy-mm")) -> 2026-04 | AF9: =IF(OR($E9="",$AE9=""),0,IF(COUNTIFS($E$8:E9,$E9,$AE$8:AE9,$AE9)=1,1,0)) -> 1 | AG9: =IF($E9="",0,IF(COUNTIF($E$8:E9,$E9)=1,1,0)) -> 1
A10: 3 | B10: هبة إبراهيم محمد الهبيل | C10: 2026-04-26 | E10: 402516355 | F10: 1997-10-09 | G10: 28 | H10: 19-60 | I10: Female | J10: female | K10: 597054651 | L10: Alnussirat | M10: Married | N10: No | P10: Displaced | R10: FP | X10: =IF(E10="","",UPPER(LEFT($C$3,1)&"-"&LEFT($C$4,1)&"-"&TEXT(ROW(B3),"000")&"-"&TEXT(C10,"dd-mm"))) -> --003-26-04 | Y10: =TRIM(SUBSTITUTE(SUBSTITUTE(OFFSET($Q10,0,COLUMN()-COLUMN($AL$1)),CHAR(160)," "),_xludf.UNICHAR(8239)," ")) -> #NAME? | Z10: =TRIM(SUBSTITUTE(SUBSTITUTE(OFFSET($Q10,0,COLUMN()-COLUMN($AL$1)),CHAR(160)," "),_xludf.UNICHAR(8239)," ")) -> #NAME? | AA10: =TRIM(SUBSTITUTE(SUBSTITUTE(OFFSET($Q10,0,COLUMN()-COLUMN($AL$1)),CHAR(160)," "),_xludf.UNICHAR(8239)," ")) -> #NAME? | AB10: =TRIM(SUBSTITUTE(SUBSTITUTE(OFFSET($Q10,0,COLUMN()-COLUMN($AL$1)),CHAR(160)," "),_xludf.UNICHAR(8239)," ")) -> #NAME? | AC10: =TRIM(SUBSTITUTE(SUBSTITUTE(OFFSET($Q10,0,COLUMN()-COLUMN($AL$1)),CHAR(160)," "),_xludf.UNICHAR(8239)," ")) -> #NAME? | AD10: =IF($E10="",0,--(COUNTIFS($E:$E,$E10,$C:$C,">"&$C10)+COUNTIFS($E$8:E10,$E10,$C$8:C10,$C10)=1)) -> 1 | AE10: =IF($C10="","",TEXT($C10,"yyyy-mm")) -> 2026-04 | AF10: =IF(OR($E10="",$AE10=""),0,IF(COUNTIFS($E$8:E10,$E10,$AE$8:AE10,$AE10)=1,1,0)) -> 1 | AG10: =IF($E10="",0,IF(COUNTIF($E$8:E10,$E10)=1,1,0)) -> 1
A11: 4 | B11: بيسان يحيى ابراهيم وشاح | C11: 2026-04-26 | E11: 412620361 | F11: 1990-04-01 | G11: 36 | H11: 19-60 | I11: Female | J11: female | K11: 592661238 | L11: Alnussirat | M11: Married | N11: No | P11: Displaced | R11: ANC | U11: Screening | X11: =IF(E11="","",UPPER(LEFT($C$3,1)&"-"&LEFT($C$4,1)&"-"&TEXT(ROW(B4),"000")&"-"&TEXT(C11,"dd-mm"))) -> --004-26-04 | Y11: =TRIM(SUBSTITUTE(SUBSTITUTE(OFFSET($Q11,0,COLUMN()-COLUMN($AL$1)),CHAR(160)," "),_xludf.UNICHAR(8239)," ")) -> #NAME? | Z11: =TRIM(SUBSTITUTE(SUBSTITUTE(OFFSET($Q11,0,COLUMN()-COLUMN($AL$1)),CHAR(160)," "),_xludf.UNICHAR(8239)," ")) -> #NAME? | AA11: =TRIM(SUBSTITUTE(SUBSTITUTE(OFFSET($Q11,0,COLUMN()-COLUMN($AL$1)),CHAR(160)," "),_xludf.UNICHAR(8239)," ")) -> #NAME? | AB11: =TRIM(SUBSTITUTE(SUBSTITUTE(OFFSET($Q11,0,COLUMN()-COLUMN($AL$1)),CHAR(160)," "),_xludf.UNICHAR(8239)," ")) -> #NAME? | AC11: =TRIM(SUBSTITUTE(SUBSTITUTE(OFFSET($Q11,0,COLUMN()-COLUMN($AL$1)),CHAR(160)," "),_xludf.UNICHAR(8239)," ")) -> #NAME? | AD11: =IF($E11="",0,--(COUNTIFS($E:$E,$E11,$C:$C,">"&$C11)+COUNTIFS($E$8:E11,$E11,$C$8:C11,$C11)=1)) -> 1 | AE11: =IF($C11="","",TEXT($C11,"yyyy-mm")) -> 2026-04 | AF11: =IF(OR($E11="",$AE11=""),0,IF(COUNTIFS($E$8:E11,$E11,$AE$8:AE11,$AE11)=1,1,0)) -> 1 | AG11: =IF($E11="",0,IF(COUNTIF($E$8:E11,$E11)=1,1,0)) -> 1
A12: 5 | B12: فاطمة صبحي محمد القيق | C12: 2026-04-26 | E12: 800779381 | F12: 1990-06-14 | G12: 35 | H12: 19-60 | I12: Female | J12: female | K12: 595627804 | L12: Alnussirat | M12: Married | N12: No | P12: Displaced | R12: ANC | U12: Screening | X12: =IF(E12="","",UPPER(LEFT($C$3,1)&"-"&LEFT($C$4,1)&"-"&TEXT(ROW(B5),"000")&"-"&TEXT(C12,"dd-mm"))) -> --005-26-04 | Y12: =TRIM(SUBSTITUTE(SUBSTITUTE(OFFSET($Q12,0,COLUMN()-COLUMN($AL$1)),CHAR(160)," "),_xludf.UNICHAR(8239)," ")) -> #NAME? | Z12: =TRIM(SUBSTITUTE(SUBSTITUTE(OFFSET($Q12,0,COLUMN()-COLUMN($AL$1)),CHAR(160)," "),_xludf.UNICHAR(8239)," ")) -> #NAME? | AA12: =TRIM(SUBSTITUTE(SUBSTITUTE(OFFSET($Q12,0,COLUMN()-COLUMN($AL$1)),CHAR(160)," "),_xludf.UNICHAR(8239)," ")) -> #NAME? | AB12: =TRIM(SUBSTITUTE(SUBSTITUTE(OFFSET($Q12,0,COLUMN()-COLUMN($AL$1)),CHAR(160)," "),_xludf.UNICHAR(8239)," ")) -> #NAME? | AC12: =TRIM(SUBSTITUTE(SUBSTITUTE(OFFSET($Q12,0,COLUMN()-COLUMN($AL$1)),CHAR(160)," "),_xludf.UNICHAR(8239)," ")) -> #NAME? | AD12: =IF($E12="",0,--(COUNTIFS($E:$E,$E12,$C:$C,">"&$C12)+COUNTIFS($E$8:E12,$E12,$C$8:C12,$C12)=1)) -> 1 | AE12: =IF($C12="","",TEXT($C12,"yyyy-mm")) -> 2026-04 | AF12: =IF(OR($E12="",$AE12=""),0,IF(COUNTIFS($E$8:E12,$E12,$AE$8:AE12,$AE12)=1,1,0)) -> 1 | AG12: =IF($E12="",0,IF(COUNTIF($E$8:E12,$E12)=1,1,0)) -> 1
A13: 6 | B13: يوسف رامي خليل القيق | C13: 2026-04-26 | E13: 438175176 | F13: 2016-09-22 | G13: 9 | H13: 6-18 | I13: Male | J13: male | K13: 599933654 | L13: Alnussirat | M13: N/A | N13: No | P13: Displaced | Q13: FM- CD | X13: =IF(E13="","",UPPER(LEFT($C$3,1)&"-"&LEFT($C$4,1)&"-"&TEXT(ROW(B6),"000")&"-"&TEXT(C13,"dd-mm"))) -> --006-26-04 | Y13: =TRIM(SUBSTITUTE(SUBSTITUTE(OFFSET($Q13,0,COLUMN()-COLUMN($AL$1)),CHAR(160)," "),_xludf.UNICHAR(8239)," ")) -> #NAME? | Z13: =TRIM(SUBSTITUTE(SUBSTITUTE(OFFSET($Q13,0,COLUMN()-COLUMN($AL$1)),CHAR(160)," "),_xludf.UNICHAR(8239)," ")) -> #NAME? | AA13: =TRIM(SUBSTITUTE(SUBSTITUTE(OFFSET($Q13,0,COLUMN()-COLUMN($AL$1)),CHAR(160)," "),_xludf.UNICHAR(8239)," ")) -> #NAME? | AB13: =TRIM(SUBSTITUTE(SUBSTITUTE(OFFSET($Q13,0,COLUMN()-COLUMN($AL$1)),CHAR(160)," "),_xludf.UNICHAR(8239)," ")) -> #NAME? | AC13: =TRIM(SUBSTITUTE(SUBSTITUTE(OFFSET($Q13,0,COLUMN()-COLUMN($AL$1)),CHAR(160)," "),_xludf.UNICHAR(8239)," ")) -> #NAME? | AD13: =IF($E13="",0,--(COUNTIFS($E:$E,$E13,$C:$C,">"&$C13)+COUNTIFS($E$8:E13,$E13,$C$8:C13,$C13)=1)) -> 1 | AE13: =IF($C13="","",TEXT($C13,"yyyy-mm")) -> 2026-04 | AF13: =IF(OR($E13="",$AE13=""),0,IF(COUNTIFS($E$8:E13,$E13,$AE$8:AE13,$AE13)=1,1,0)) -> 1 | AG13: =IF($E13="",0,IF(COUNTIF($E$8:E13,$E13)=1,1,0)) -> 1
A14: 7 | B14: محمد عيسى عبد الناضر عيسى | C14: 2026-04-26 | E14: 470066614 | F14: 2024-03-27 | G14: 2 | H14: 0-5 | I14: Female | J14: female | K14: 596546496 | L14: Alnussirat | M14: N/A | N14: No | P14: Displaced | Q14: FM- CD | X14: =IF(E14="","",UPPER(LEFT($C$3,1)&"-"&LEFT($C$4,1)&"-"&TEXT(ROW(B7),"000")&"-"&TEXT(C14,"dd-mm"))) -> --007-26-04 | Y14: =TRIM(SUBSTITUTE(SUBSTITUTE(OFFSET($Q14,0,COLUMN()-COLUMN($AL$1)),CHAR(160)," "),_xludf.UNICHAR(8239)," ")) -> #NAME? | Z14: =TRIM(SUBSTITUTE(SUBSTITUTE(OFFSET($Q14,0,COLUMN()-COLUMN($AL$1)),CHAR(160)," "),_xludf.UNICHAR(8239)," ")) -> #NAME? | AA14: =TRIM(SUBSTITUTE(SUBSTITUTE(OFFSET($Q14,0,COLUMN()-COLUMN($AL$1)),CHAR(160)," "),_xludf.UNICHAR(8239)," ")) -> #NAME? | AB14: =TRIM(SUBSTITUTE(SUBSTITUTE(OFFSET($Q14,0,COLUMN()-COLUMN($AL$1)),CHAR(160)," "),_xludf.UNICHAR(8239)," ")) -> #NAME? | AC14: =TRIM(SUBSTITUTE(SUBSTITUTE(OFFSET($Q14,0,COLUMN()-COLUMN($AL$1)),CHAR(160)," "),_xludf.UNICHAR(8239)," ")) -> #NAME? | AD14: =IF($E14="",0,--(COUNTIFS($E:$E,$E14,$C:$C,">"&$C14)+COUNTIFS($E$8:E14,$E14,$C$8:C14,$C14)=1)) -> 1 | AE14: =IF($C14="","",TEXT($C14,"yyyy-mm")) -> 2026-04 | AF14: =IF(OR($E14="",$AE14=""),0,IF(COUNTIFS($E$8:E14,$E14,$AE$8:AE14,$AE14)=1,1,0)) -> 1 | AG14: =IF($E14="",0,IF(COUNTIF($E$8:E14,$E14)=1,1,0)) -> 1
A15: 8 | B15: روزين حسن صقر ابو سليسل | C15: 2026-04-26 | E15: 903078541 | F15: 1980-03-03 | G15: 46 | H15: 19-60 | I15: Female | J15: female | K15: 599056341 | L15: Alnussirat | M15: Married | N15: No | P15: Displaced | R15: ANC | U15: Screening | X15: =IF(E15="","",UPPER(LEFT($C$3,1)&"-"&LEFT($C$4,1)&"-"&TEXT(ROW(B8),"000")&"-"&TEXT(C15,"dd-mm"))) -> --008-26-04 | Y15: =TRIM(SUBSTITUTE(SUBSTITUTE(OFFSET($Q15,0,COLUMN()-COLUMN($AL$1)),CHAR(160)," "),_xludf.UNICHAR(8239)," ")) -> #NAME? | Z15: =TRIM(SUBSTITUTE(SUBSTITUTE(OFFSET($Q15,0,COLUMN()-COLUMN($AL$1)),CHAR(160)," "),_xludf.UNICHAR(8239)," ")) -> #NAME? | AA15: =TRIM(SUBSTITUTE(SUBSTITUTE(OFFSET($Q15,0,COLUMN()-COLUMN($AL$1)),CHAR(160)," "),_xludf.UNICHAR(8239)," ")) -> #NAME? | AB15: =TRIM(SUBSTITUTE(SUBSTITUTE(OFFSET($Q15,0,COLUMN()-COLUMN($AL$1)),CHAR(160)," "),_xludf.UNICHAR(8239)," ")) -> #NAME? | AC15: =TRIM(SUBSTITUTE(SUBSTITUTE(OFFSET($Q15,0,COLUMN()-COLUMN($AL$1)),CHAR(160)," "),_xludf.UNICHAR(8239)," ")) -> #NAME? | AD15: =IF($E15="",0,--(COUNTIFS($E:$E,$E15,$C:$C,">"&$C15)+COUNTIFS($E$8:E15,$E15,$C$8:C15,$C15)=1)) -> 1 | AE15: =IF($C15="","",TEXT($C15,"yyyy-mm")) -> 2026-04 | AF15: =IF(OR($E15="",$AE15=""),0,IF(COUNTIFS($E$8:E15,$E15,$AE$8:AE15,$AE15)=1,1,0)) -> 1 | AG15: =IF($E15="",0,IF(COUNTIF($E$8:E15,$E15)=1,1,0)) -> 1
A16: 9 | B16: رواء ماهر سلامة منصور | C16: 2026-04-26 | E16: 801828559 | F16: 1988-02-18 | G16: 38 | H16: 19-60 | I16: Female | J16: female | K16: 598282280 | L16: Alnussirat | M16: Married | N16: No | P16: Displaced | R16: FP | X16: =IF(E16="","",UPPER(LEFT($C$3,1)&"-"&LEFT($C$4,1)&"-"&TEXT(ROW(B9),"000")&"-"&TEXT(C16,"dd-mm"))) -> --009-26-04 | Y16: =TRIM(SUBSTITUTE(SUBSTITUTE(OFFSET($Q16,0,COLUMN()-COLUMN($AL$1)),CHAR(160)," "),_xludf.UNICHAR(8239)," ")) -> #NAME? | Z16: =TRIM(SUBSTITUTE(SUBSTITUTE(OFFSET($Q16,0,COLUMN()-COLUMN($AL$1)),CHAR(160)," "),_xludf.UNICHAR(8239)," ")) -> #NAME? | AA16: =TRIM(SUBSTITUTE(SUBSTITUTE(OFFSET($Q16,0,COLUMN()-COLUMN($AL$1)),CHAR(160)," "),_xludf.UNICHAR(8239)," ")) -> #NAME? | AB16: =TRIM(SUBSTITUTE(SUBSTITUTE(OFFSET($Q16,0,COLUMN()-COLUMN($AL$1)),CHAR(160)," "),_xludf.UNICHAR(8239)," ")) -> #NAME? | AC16: =TRIM(SUBSTITUTE(SUBSTITUTE(OFFSET($Q16,0,COLUMN()-COLUMN($AL$1)),CHAR(160)," "),_xludf.UNICHAR(8239)," ")) -> #NAME? | AD16: =IF($E16="",0,--(COUNTIFS($E:$E,$E16,$C:$C,">"&$C16)+COUNTIFS($E$8:E16,$E16,$C$8:C16,$C16)=1)) -> 1 | AE16: =IF($C16="","",TEXT($C16,"yyyy-mm")) -> 2026-04 | AF16: =IF(OR($E16="",$AE16=""),0,IF(COUNTIFS($E$8:E16,$E16,$AE$8:AE16,$AE16)=1,1,0)) -> 1 | AG16: =IF($E16="",0,IF(COUNTIF($E$8:E16,$E16)=1,1,0)) -> 1
A17: 10 | B17: غزل حسام محمد ابو جحجوح | C17: 2026-04-26 | E17: 426241790 | F17: 2008-12-27 | G17: 17 | H17: 6-18 | I17: Female | J17: female | K17: 599867041 | L17: Alnussirat | M17: Single | N17: No | P17: Displaced | R17: GYN | X17: =IF(E17="","",UPPER(LEFT($C$3,1)&"-"&LEFT($C$4,1)&"-"&TEXT(ROW(B10),"000")&"-"&TEXT(C17,"dd-mm"))) -> --010-26-04 | Y17: =TRIM(SUBSTITUTE(SUBSTITUTE(OFFSET($Q17,0,COLUMN()-COLUMN($AL$1)),CHAR(160)," "),_xludf.UNICHAR(8239)," ")) -> #NAME? | Z17: =TRIM(SUBSTITUTE(SUBSTITUTE(OFFSET($Q17,0,COLUMN()-COLUMN($AL$1)),CHAR(160)," "),_xludf.UNICHAR(8239)," ")) -> #NAME? | AA17: =TRIM(SUBSTITUTE(SUBSTITUTE(OFFSET($Q17,0,COLUMN()-COLUMN($AL$1)),CHAR(160)," "),_xludf.UNICHAR(8239)," ")) -> #NAME? | AB17: =TRIM(SUBSTITUTE(SUBSTITUTE(OFFSET($Q17,0,COLUMN()-COLUMN($AL$1)),CHAR(160)," "),_xludf.UNICHAR(8239)," ")) -> #NAME? | AC17: =TRIM(SUBSTITUTE(SUBSTITUTE(OFFSET($Q17,0,COLUMN()-COLUMN($AL$1)),CHAR(160)," "),_xludf.UNICHAR(8239)," ")) -> #NAME? | AD17: =IF($E17="",0,--(COUNTIFS($E:$E,$E17,$C:$C,">"&$C17)+COUNTIFS($E$8:E17,$E17,$C$8:C17,$C17)=1)) -> 1 | AE17: =IF($C17="","",TEXT($C17,"yyyy-mm")) -> 2026-04 | AF17: =IF(OR($E17="",$AE17=""),0,IF(COUNTIFS($E$8:E17,$E17,$AE$8:AE17,$AE17)=1,1,0)) -> 1 | AG17: =IF($E17="",0,IF(COUNTIF($E$8:E17,$E17)=1,1,0)) -> 1
A18: 11 | B18: عبدالله محمد جميل ابو خاطر | C18: 2026-04-26 | E18: 444703276 | F18: 2024-12-10 | G18: 1 | H18: 0-5 | I18: Male | J18: male | K18: 595196074 | L18: Alnussirat | M18: N/A | N18: No | P18: Displaced | Q18: FM- CD | X18: =IF(E18="","",UPPER(LEFT($C$3,1)&"-"&LEFT($C$4,1)&"-"&TEXT(ROW(B11),"000")&"-"&TEXT(C18,"dd-mm"))) -> --011-26-04 | Y18: =TRIM(SUBSTITUTE(SUBSTITUTE(OFFSET($Q18,0,COLUMN()-COLUMN($AL$1)),CHAR(160)," "),_xludf.UNICHAR(8239)," ")) -> #NAME? | Z18: =TRIM(SUBSTITUTE(SUBSTITUTE(OFFSET($Q18,0,COLUMN()-COLUMN($AL$1)),CHAR(160)," "),_xludf.UNICHAR(8239)," ")) -> #NAME? | AA18: =TRIM(SUBSTITUTE(SUBSTITUTE(OFFSET($Q18,0,COLUMN()-COLUMN($AL$1)),CHAR(160)," "),_xludf.UNICHAR(8239)," ")) -> #NAME? | AB18: =TRIM(SUBSTITUTE(SUBSTITUTE(OFFSET($Q18,0,COLUMN()-COLUMN($AL$1)),CHAR(160)," "),_xludf.UNICHAR(8239)," ")) -> #NAME? | AC18: =TRIM(SUBSTITUTE(SUBSTITUTE(OFFSET($Q18,0,COLUMN()-COLUMN($AL$1)),CHAR(160)," "),_xludf.UNICHAR(8239)," ")) -> #NAME? | AD18: =IF($E18="",0,--(COUNTIFS($E:$E,$E18,$C:$C,">"&$C18)+COUNTIFS($E$8:E18,$E18,$C$8:C18,$C18)=1)) -> 1 | AE18: =IF($C18="","",TEXT($C18,"yyyy-mm")) -> 2026-04 | AF18: =IF(OR($E18="",$AE18=""),0,IF(COUNTIFS($E$8:E18,$E18,$AE$8:AE18,$AE18)=1,1,0)) -> 1 | AG18: =IF($E18="",0,IF(COUNTIF($E$8:E18,$E18)=1,1,0)) -> 1
A19: 12 | B19: سجى محمد كامل ابو خاطر | C19: 2026-04-26 | E19: 408794253 | F19: 2003-06-04 | G19: 22 | H19: 19-60 | I19: Female | J19: female | K19: 595304423 | L19: Alnussirat | M19: Married | N19: No | P19: Displaced | R19: GYN | X19: =IF(E19="","",UPPER(LEFT($C$3,1)&"-"&LEFT($C$4,1)&"-"&TEXT(ROW(B12),"000")&"-"&TEXT(C19,"dd-mm"))) -> --012-26-04 | Y19: =TRIM(SUBSTITUTE(SUBSTITUTE(OFFSET($Q19,0,COLUMN()-COLUMN($AL$1)),CHAR(160)," "),_xludf.UNICHAR(8239)," ")) -> #NAME? | Z19: =TRIM(SUBSTITUTE(SUBSTITUTE(OFFSET($Q19,0,COLUMN()-COLUMN($AL$1)),CHAR(160)," "),_xludf.UNICHAR(8239)," ")) -> #NAME? | AA19: =TRIM(SUBSTITUTE(SUBSTITUTE(OFFSET($Q19,0,COLUMN()-COLUMN($AL$1)),CHAR(160)," "),_xludf.UNICHAR(8239)," ")) -> #NAME? | AB19: =TRIM(SUBSTITUTE(SUBSTITUTE(OFFSET($Q19,0,COLUMN()-COLUMN($AL$1)),CHAR(160)," "),_xludf.UNICHAR(8239)," ")) -> #NAME? | AC19: =TRIM(SUBSTITUTE(SUBSTITUTE(OFFSET($Q19,0,COLUMN()-COLUMN($AL$1)),CHAR(160)," "),_xludf.UNICHAR(8239)," ")) -> #NAME? | AD19: =IF($E19="",0,--(COUNTIFS($E:$E,$E19,$C:$C,">"&$C19)+COUNTIFS($E$8:E19,$E19,$C$8:C19,$C19)=1)) -> 1 | AE19: =IF($C19="","",TEXT($C19,"yyyy-mm")) -> 2026-04 | AF19: =IF(OR($E19="",$AE19=""),0,IF(COUNTIFS($E$8:E19,$E19,$AE$8:AE19,$AE19)=1,1,0)) -> 1 | AG19: =IF($E19="",0,IF(COUNTIF($E$8:E19,$E19)=1,1,0)) -> 1
A20: 13 | B20: علي احمد سعيد الدوسيقي | C20: 2026-04-26 | E20: 470316779 | F20: 2025-01-27 | G20: 1 | H20: 0-5 | I20: Male | J20: male | K20: 595304423 | L20: Alnussirat | M20: N/A | N20: No | P20: Displaced | Q20: FM- CD | X20: =IF(E20="","",UPPER(LEFT($C$3,1)&"-"&LEFT($C$4,1)&"-"&TEXT(ROW(B13),"000")&"-"&TEXT(C20,"dd-mm"))) -> --013-26-04 | Y20: =TRIM(SUBSTITUTE(SUBSTITUTE(OFFSET($Q20,0,COLUMN()-COLUMN($AL$1)),CHAR(160)," "),_xludf.UNICHAR(8239)," ")) -> #NAME? | Z20: =TRIM(SUBSTITUTE(SUBSTITUTE(OFFSET($Q20,0,COLUMN()-COLUMN($AL$1)),CHAR(160)," "),_xludf.UNICHAR(8239)," ")) -> #NAME? | AA20: =TRIM(SUBSTITUTE(SUBSTITUTE(OFFSET($Q20,0,COLUMN()-COLUMN($AL$1)),CHAR(160)," "),_xludf.UNICHAR(8239)," ")) -> #NAME? | AB20: =TRIM(SUBSTITUTE(SUBSTITUTE(OFFSET($Q20,0,COLUMN()-COLUMN($AL$1)),CHAR(160)," "),_xludf.UNICHAR(8239)," ")) -> #NAME? | AC20: =TRIM(SUBSTITUTE(SUBSTITUTE(OFFSET($Q20,0,COLUMN()-COLUMN($AL$1)),CHAR(160)," "),_xludf.UNICHAR(8239)," ")) -> #NAME? | AD20: =IF($E20="",0,--(COUNTIFS($E:$E,$E20,$C:$C,">"&$C20)+COUNTIFS($E$8:E20,$E20,$C$8:C20,$C20)=1)) -> 1 | AE20: =IF($C20="","",TEXT($C20,"yyyy-mm")) -> 2026-04 | AF20: =IF(OR($E20="",$AE20=""),0,IF(COUNTIFS($E$8:E20,$E20,$AE$8:AE20,$AE20)=1,1,0)) -> 1 | AG20: =IF($E20="",0,IF(COUNTIF($E$8:E20,$E20)=1,1,0)) -> 1
A21: 14 | B21: شادي طارق يحيى ابو خاطر | C21: 2026-04-26 | E21: 470701152 | F21: 2025-08-01 | G21: 1 | H21: 0-5 | I21: Male | J21: male | K21: 597059290 | L21: Alnussirat | M21: N/A | N21: No | P21: Displaced | Q21: FM- CD | X21: =IF(E21="","",UPPER(LEFT($C$3,1)&"-"&LEFT($C$4,1)&"-"&TEXT(ROW(B14),"000")&"-"&TEXT(C21,"dd-mm"))) -> --014-26-04 | Y21: =TRIM(SUBSTITUTE(SUBSTITUTE(OFFSET($Q21,0,COLUMN()-COLUMN($AL$1)),CHAR(160)," "),_xludf.UNICHAR(8239)," ")) -> #NAME? | Z21: =TRIM(SUBSTITUTE(SUBSTITUTE(OFFSET($Q21,0,COLUMN()-COLUMN($AL$1)),CHAR(160)," "),_xludf.UNICHAR(8239)," ")) -> #NAME? | AA21: =TRIM(SUBSTITUTE(SUBSTITUTE(OFFSET($Q21,0,COLUMN()-COLUMN($AL$1)),CHAR(160)," "),_xludf.UNICHAR(8239)," ")) -> #NAME? | AB21: =TRIM(SUBSTITUTE(SUBSTITUTE(OFFSET($Q21,0,COLUMN()-COLUMN($AL$1)),CHAR(160)," "),_xludf.UNICHAR(8239)," ")) -> #NAME? | AC21: =TRIM(SUBSTITUTE(SUBSTITUTE(OFFSET($Q21,0,COLUMN()-COLUMN($AL$1)),CHAR(160)," "),_xludf.UNICHAR(8239)," ")) -> #NAME? | AD21: =IF($E21="",0,--(COUNTIFS($E:$E,$E21,$C:$C,">"&$C21)+COUNTIFS($E$8:E21,$E21,$C$8:C21,$C21)=1)) -> 1 | AE21: =IF($C21="","",TEXT($C21,"yyyy-mm")) -> 2026-04 | AF21: =IF(OR($E21="",$AE21=""),0,IF(COUNTIFS($E$8:E21,$E21,$AE$8:AE21,$AE21)=1,1,0)) -> 1 | AG21: =IF($E21="",0,IF(COUNTIF($E$8:E21,$E21)=1,1,0)) -> 1
A22: 15 | B22: محمد طارق يحيى ابو خاطر | C22: 2026-04-26 | E22: 446166944 | F22: 2024-03-19 | G22: 2 | H22: 0-5 | I22: Male | J22: male | K22: 595324423 | L22: Alnussirat | M22: N/A | N22: No | P22: Displaced | Q22: FM- CD | X22: =IF(E22="","",UPPER(LEFT($C$3,1)&"-"&LEFT($C$4,1)&"-"&TEXT(ROW(B15),"000")&"-"&TEXT(C22,"dd-mm"))) -> --015-26-04 | Y22: =TRIM(SUBSTITUTE(SUBSTITUTE(OFFSET($Q22,0,COLUMN()-COLUMN($AL$1)),CHAR(160)," "),_xludf.UNICHAR(8239)," ")) -> #NAME? | Z22: =TRIM(SUBSTITUTE(SUBSTITUTE(OFFSET($Q22,0,COLUMN()-COLUMN($AL$1)),CHAR(160)," "),_xludf.UNICHAR(8239)," ")) -> #NAME? | AA22: =TRIM(SUBSTITUTE(SUBSTITUTE(OFFSET($Q22,0,COLUMN()-COLUMN($AL$1)),CHAR(160)," "),_xludf.UNICHAR(8239)," ")) -> #NAME? | AB22: =TRIM(SUBSTITUTE(SUBSTITUTE(OFFSET($Q22,0,COLUMN()-COLUMN($AL$1)),CHAR(160)," "),_xludf.UNICHAR(8239)," ")) -> #NAME? | AC22: =TRIM(SUBSTITUTE(SUBSTITUTE(OFFSET($Q22,0,COLUMN()-COLUMN($AL$1)),CHAR(160)," "),_xludf.UNICHAR(8239)," ")) -> #NAME? | AD22: =IF($E22="",0,--(COUNTIFS($E:$E,$E22,$C:$C,">"&$C22)+COUNTIFS($E$8:E22,$E22,$C$8:C22,$C22)=1)) -> 1 | AE22: =IF($C22="","",TEXT($C22,"yyyy-mm")) -> 2026-04 | AF22: =IF(OR($E22="",$AE22=""),0,IF(COUNTIFS($E$8:E22,$E22,$AE$8:AE22,$AE22)=1,1,0)) -> 1 | AG22: =IF($E22="",0,IF(COUNTIF($E$8:E22,$E22)=1,1,0)) -> 1
A23: 16 | B23: محمد مهند محمد عطوة | C23: 2026-04-26 | E23: 445399918 | F23: 2021-07-11 | G23: 4 | H23: 0-5 | I23: Female | J23: female | K23: 593427538 | L23: Alnussirat | M23: N/A | N23: No | P23: Displaced | Q23: FM- NCD | X23: =IF(E23="","",UPPER(LEFT($C$3,1)&"-"&LEFT($C$4,1)&"-"&TEXT(ROW(B16),"000")&"-"&TEXT(C23,"dd-mm"))) -> --016-26-04 | Y23: =TRIM(SUBSTITUTE(SUBSTITUTE(OFFSET($Q23,0,COLUMN()-COLUMN($AL$1)),CHAR(160)," "),_xludf.UNICHAR(8239)," ")) -> #NAME? | Z23: =TRIM(SUBSTITUTE(SUBSTITUTE(OFFSET($Q23,0,COLUMN()-COLUMN($AL$1)),CHAR(160)," "),_xludf.UNICHAR(8239)," ")) -> #NAME? | AA23: =TRIM(SUBSTITUTE(SUBSTITUTE(OFFSET($Q23,0,COLUMN()-COLUMN($AL$1)),CHAR(160)," "),_xludf.UNICHAR(8239)," ")) -> #NAME? | AB23: =TRIM(SUBSTITUTE(SUBSTITUTE(OFFSET($Q23,0,COLUMN()-COLUMN($AL$1)),CHAR(160)," "),_xludf.UNICHAR(8239)," ")) -> #NAME? | AC23: =TRIM(SUBSTITUTE(SUBSTITUTE(OFFSET($Q23,0,COLUMN()-COLUMN($AL$1)),CHAR(160)," "),_xludf.UNICHAR(8239)," ")) -> #NAME? | AD23: =IF($E23="",0,--(COUNTIFS($E:$E,$E23,$C:$C,">"&$C23)+COUNTIFS($E$8:E23,$E23,$C$8:C23,$C23)=1)) -> 1 | AE23: =IF($C23="","",TEXT($C23,"yyyy-mm")) -> 2026-04 | AF23: =IF(OR($E23="",$AE23=""),0,IF(COUNTIFS($E$8:E23,$E23,$AE$8:AE23,$AE23)=1,1,0)) -> 1 | AG23: =IF($E23="",0,IF(COUNTIF($E$8:E23,$E23)=1,1,0)) -> 1
A24: 17 | B24: منى محمد دانيال أبو قمر | C24: 2026-04-26 | E24: 445426281 | F24: 2022-04-10 | G24: 4 | H24: 0-5 | I24: Female | J24: female | K24: 599573203 | L24: Alnussirat | M24: N/A | N24: No | P24: Displaced | Q24: FM- CD | X24: =IF(E24="","",UPPER(LEFT($C$3,1)&"-"&LEFT($C$4,1)&"-"&TEXT(ROW(B17),"000")&"-"&TEXT(C24,"dd-mm"))) -> --017-26-04 | Y24: =TRIM(SUBSTITUTE(SUBSTITUTE(OFFSET($Q24,0,COLUMN()-COLUMN($AL$1)),CHAR(160)," "),_xludf.UNICHAR(8239)," ")) -> #NAME? | Z24: =TRIM(SUBSTITUTE(SUBSTITUTE(OFFSET($Q24,0,COLUMN()-COLUMN($AL$1)),CHAR(160)," "),_xludf.UNICHAR(8239)," ")) -> #NAME? | AA24: =TRIM(SUBSTITUTE(SUBSTITUTE(OFFSET($Q24,0,COLUMN()-COLUMN($AL$1)),CHAR(160)," "),_xludf.UNICHAR(8239)," ")) -> #NAME? | AB24: =TRIM(SUBSTITUTE(SUBSTITUTE(OFFSET($Q24,0,COLUMN()-COLUMN($AL$1)),CHAR(160)," "),_xludf.UNICHAR(8239)," ")) -> #NAME? | AC24: =TRIM(SUBSTITUTE(SUBSTITUTE(OFFSET($Q24,0,COLUMN()-COLUMN($AL$1)),CHAR(160)," "),_xludf.UNICHAR(8239)," ")) -> #NAME? | AD24: =IF($E24="",0,--(COUNTIFS($E:$E,$E24,$C:$C,">"&$C24)+COUNTIFS($E$8:E24,$E24,$C$8:C24,$C24)=1)) -> 1 | AE24: =IF($C24="","",TEXT($C24,"yyyy-mm")) -> 2026-04 | AF24: =IF(OR($E24="",$AE24=""),0,IF(COUNTIFS($E$8:E24,$E24,$AE$8:AE24,$AE24)=1,1,0)) -> 1 | AG24: =IF($E24="",0,IF(COUNTIF($E$8:E24,$E24)=1,1,0)) -> 1
A25: 18 | B25: خميس يحيى احمد ابو خاطر | C25: 2026-04-26 | E25: 400823901 | F25: 1995-10-21 | G25: 30 | H25: 19-60 | I25: Female | J25: female | K25: 592200830 | L25: Alnussirat | M25: N/A | N25: No | P25: Displaced | Q25: FM- CD | X25: =IF(E25="","",UPPER(LEFT($C$3,1)&"-"&LEFT($C$4,1)&"-"&TEXT(ROW(B18),"000")&"-"&TEXT(C25,"dd-mm"))) -> --018-26-04 | Y25: =TRIM(SUBSTITUTE(SUBSTITUTE(OFFSET($Q25,0,COLUMN()-COLUMN($AL$1)),CHAR(160)," "),_xludf.UNICHAR(8239)," ")) -> #NAME? | Z25: =TRIM(SUBSTITUTE(SUBSTITUTE(OFFSET($Q25,0,COLUMN()-COLUMN($AL$1)),CHAR(160)," "),_xludf.UNICHAR(8239)," ")) -> #NAME? | AA25: =TRIM(SUBSTITUTE(SUBSTITUTE(OFFSET($Q25,0,COLUMN()-COLUMN($AL$1)),CHAR(160)," "),_xludf.UNICHAR(8239)," ")) -> #NAME? | AB25: =TRIM(SUBSTITUTE(SUBSTITUTE(OFFSET($Q25,0,COLUMN()-COLUMN($AL$1)),CHAR(160)," "),_xludf.UNICHAR(8239)," ")) -> #NAME? | AC25: =TRIM(SUBSTITUTE(SUBSTITUTE(OFFSET($Q25,0,COLUMN()-COLUMN($AL$1)),CHAR(160)," "),_xludf.UNICHAR(8239)," ")) -> #NAME? | AD25: =IF($E25="",0,--(COUNTIFS($E:$E,$E25,$C:$C,">"&$C25)+COUNTIFS($E$8:E25,$E25,$C$8:C25,$C25)=1)) -> 1 | AE25: =IF($C25="","",TEXT($C25,"yyyy-mm")) -> 2026-04 | AF25: =IF(OR($E25="",$AE25=""),0,IF(COUNTIFS($E$8:E25,$E25,$AE$8:AE25,$AE25)=1,1,0)) -> 1 | AG25: =IF($E25="",0,IF(COUNTIF($E$8:E25,$E25)=1,1,0)) -> 1
A26: 19 | B26: هبة كمال ابراهيم الحواجري | C26: 2026-04-26 | E26: 800015604 | F26: 1983-08-04 | G26: 42 | H26: 19-60 | I26: Female | J26: female | K26: 597413610 | L26: Alnussirat | M26: Married | N26: No | P26: Displaced | R26: GYN | X26: =IF(E26="","",UPPER(LEFT($C$3,1)&"-"&LEFT($C$4,1)&"-"&TEXT(ROW(B19),"000")&"-"&TEXT(C26,"dd-mm"))) -> --019-26-04 | Y26: =TRIM(SUBSTITUTE(SUBSTITUTE(OFFSET($Q26,0,COLUMN()-COLUMN($AL$1)),CHAR(160)," "),_xludf.UNICHAR(8239)," ")) -> #NAME? | Z26: =TRIM(SUBSTITUTE(SUBSTITUTE(OFFSET($Q26,0,COLUMN()-COLUMN($AL$1)),CHAR(160)," "),_xludf.UNICHAR(8239)," ")) -> #NAME? | AA26: =TRIM(SUBSTITUTE(SUBSTITUTE(OFFSET($Q26,0,COLUMN()-COLUMN($AL$1)),CHAR(160)," "),_xludf.UNICHAR(8239)," ")) -> #NAME? | AB26: =TRIM(SUBSTITUTE(SUBSTITUTE(OFFSET($Q26,0,COLUMN()-COLUMN($AL$1)),CHAR(160)," "),_xludf.UNICHAR(8239)," ")) -> #NAME? | AC26: =TRIM(SUBSTITUTE(SUBSTITUTE(OFFSET($Q26,0,COLUMN()-COLUMN($AL$1)),CHAR(160)," "),_xludf.UNICHAR(8239)," ")) -> #NAME? | AD26: =IF($E26="",0,--(COUNTIFS($E:$E,$E26,$C:$C,">"&$C26)+COUNTIFS($E$8:E26,$E26,$C$8:C26,$C26)=1)) -> 1 | AE26: =IF($C26="","",TEXT($C26,"yyyy-mm")) -> 2026-04 | AF26: =IF(OR($E26="",$AE26=""),0,IF(COUNTIFS($E$8:E26,$E26,$AE$8:AE26,$AE26)=1,1,0)) -> 1 | AG26: =IF($E26="",0,IF(COUNTIF($E$8:E26,$E26)=1,1,0)) -> 1
A27: 20 | B27: سيدرا سامي شفيق النواجحة | C27: 2026-04-26 | E27: 456702083 | F27: 2003-04-26 | G27: 23 | H27: 19-60 | I27: Female | J27: female | K27: 598194042 | L27: Alnussirat | M27: Married | N27: No | P27: Displaced | S27: Follow-up Dressing | X27: =IF(E27="","",UPPER(LEFT($C$3,1)&"-"&LEFT($C$4,1)&"-"&TEXT(ROW(B20),"000")&"-"&TEXT(C27,"dd-mm"))) -> --020-26-04 | Y27: =TRIM(SUBSTITUTE(SUBSTITUTE(OFFSET($Q27,0,COLUMN()-COLUMN($AL$1)),CHAR(160)," "),_xludf.UNICHAR(8239)," ")) -> #NAME? | Z27: =TRIM(SUBSTITUTE(SUBSTITUTE(OFFSET($Q27,0,COLUMN()-COLUMN($AL$1)),CHAR(160)," "),_xludf.UNICHAR(8239)," ")) -> #NAME? | AA27: =TRIM(SUBSTITUTE(SUBSTITUTE(OFFSET($Q27,0,COLUMN()-COLUMN($AL$1)),CHAR(160)," "),_xludf.UNICHAR(8239)," ")) -> #NAME? | AB27: =TRIM(SUBSTITUTE(SUBSTITUTE(OFFSET($Q27,0,COLUMN()-COLUMN($AL$1)),CHAR(160)," "),_xludf.UNICHAR(8239)," ")) -> #NAME? | AC27: =TRIM(SUBSTITUTE(SUBSTITUTE(OFFSET($Q27,0,COLUMN()-COLUMN($AL$1)),CHAR(160)," "),_xludf.UNICHAR(8239)," ")) -> #NAME? | AD27: =IF($E27="",0,--(COUNTIFS($E:$E,$E27,$C:$C,">"&$C27)+COUNTIFS($E$8:E27,$E27,$C$8:C27,$C27)=1)) -> 1 | AE27: =IF($C27="","",TEXT($C27,"yyyy-mm")) -> 2026-04 | AF27: =IF(OR($E27="",$AE27=""),0,IF(COUNTIFS($E$8:E27,$E27,$AE$8:AE27,$AE27)=1,1,0)) -> 1 | AG27: =IF($E27="",0,IF(COUNTIF($E$8:E27,$E27)=1,1,0)) -> 1
A28: 21 | B28: ريتاج رامي محمود الحواجري | C28: 2026-04-26 | E28: 445166929 | F28: 2024-01-23 | G28: 2 | H28: 0-5 | I28: Female | J28: female | K28: 597413610 | L28: Alnussirat | M28: N/A | N28: No | P28: Displaced | Q28: FM- CD | X28: =IF(E28="","",UPPER(LEFT($C$3,1)&"-"&LEFT($C$4,1)&"-"&TEXT(ROW(B21),"000")&"-"&TEXT(C28,"dd-mm"))) -> --021-26-04 | Y28: =TRIM(SUBSTITUTE(SUBSTITUTE(OFFSET($Q28,0,COLUMN()-COLUMN($AL$1)),CHAR(160)," "),_xludf.UNICHAR(8239)," ")) -> #NAME? | Z28: =TRIM(SUBSTITUTE(SUBSTITUTE(OFFSET($Q28,0,COLUMN()-COLUMN($AL$1)),CHAR(160)," "),_xludf.UNICHAR(8239)," ")) -> #NAME? | AA28: =TRIM(SUBSTITUTE(SUBSTITUTE(OFFSET($Q28,0,COLUMN()-COLUMN($AL$1)),CHAR(160)," "),_xludf.UNICHAR(8239)," ")) -> #NAME? | AB28: =TRIM(SUBSTITUTE(SUBSTITUTE(OFFSET($Q28,0,COLUMN()-COLUMN($AL$1)),CHAR(160)," "),_xludf.UNICHAR(8239)," ")) -> #NAME? | AC28: =TRIM(SUBSTITUTE(SUBSTITUTE(OFFSET($Q28,0,COLUMN()-COLUMN($AL$1)),CHAR(160)," "),_xludf.UNICHAR(8239)," ")) -> #NAME? | AD28: =IF($E28="",0,--(COUNTIFS($E:$E,$E28,$C:$C,">"&$C28)+COUNTIFS($E$8:E28,$E28,$C$8:C28,$C28)=1)) -> 1 | AE28: =IF($C28="","",TEXT($C28,"yyyy-mm")) -> 2026-04 | AF28: =IF(OR($E28="",$AE28=""),0,IF(COUNTIFS($E$8:E28,$E28,$AE$8:AE28,$AE28)=1,1,0)) -> 1 | AG28: =IF($E28="",0,IF(COUNTIF($E$8:E28,$E28)=1,1,0)) -> 1
A29: 22 | B29: ايلاف خليل رشيد القاضي | C29: 2026-04-26 | E29: 438470148 | F29: 2017-10-25 | G29: 8 | H29: 6-18 | I29: Female | J29: female | K29: 597337087 | L29: Alnussirat | M29: N/A | N29: No | P29: Displaced | Q29: FM- NCD | X29: =IF(E29="","",UPPER(LEFT($C$3,1)&"-"&LEFT($C$4,1)&"-"&TEXT(ROW(B22),"000")&"-"&TEXT(C29,"dd-mm"))) -> --022-26-04 | Y29: =TRIM(SUBSTITUTE(SUBSTITUTE(OFFSET($Q29,0,COLUMN()-COLUMN($AL$1)),CHAR(160)," "),_xludf.UNICHAR(8239)," ")) -> #NAME? | Z29: =TRIM(SUBSTITUTE(SUBSTITUTE(OFFSET($Q29,0,COLUMN()-COLUMN($AL$1)),CHAR(160)," "),_xludf.UNICHAR(8239)," ")) -> #NAME? | AA29: =TRIM(SUBSTITUTE(SUBSTITUTE(OFFSET($Q29,0,COLUMN()-COLUMN($AL$1)),CHAR(160)," "),_xludf.UNICHAR(8239)," ")) -> #NAME? | AB29: =TRIM(SUBSTITUTE(SUBSTITUTE(OFFSET($Q29,0,COLUMN()-COLUMN($AL$1)),CHAR(160)," "),_xludf.UNICHAR(8239)," ")) -> #NAME? | AC29: =TRIM(SUBSTITUTE(SUBSTITUTE(OFFSET($Q29,0,COLUMN()-COLUMN($AL$1)),CHAR(160)," "),_xludf.UNICHAR(8239)," ")) -> #NAME? | AD29: =IF($E29="",0,--(COUNTIFS($E:$E,$E29,$C:$C,">"&$C29)+COUNTIFS($E$8:E29,$E29,$C$8:C29,$C29)=1)) -> 1 | AE29: =IF($C29="","",TEXT($C29,"yyyy-mm")) -> 2026-04 | AF29: =IF(OR($E29="",$AE29=""),0,IF(COUNTIFS($E$8:E29,$E29,$AE$8:AE29,$AE29)=1,1,0)) -> 1 | AG29: =IF($E29="",0,IF(COUNTIF($E$8:E29,$E29)=1,1,0)) -> 1
A30: 23 | B30: سحر خضر محمود المجدلاوي | C30: 2026-04-26 | E30: 803459551 | F30: 1994-02-02 | G30: 32 | H30: 19-60 | I30: Female | J30: female | K30: 599619239 | L30: Alnussirat | M30: Married | N30: No | P30: Displaced | R30: ANC | U30: Screening | X30: =IF(E30="","",UPPER(LEFT($C$3,1)&"-"&LEFT($C$4,1)&"-"&TEXT(ROW(B23),"000")&"-"&TEXT(C30,"dd-mm"))) -> --023-26-04 | Y30: =TRIM(SUBSTITUTE(SUBSTITUTE(OFFSET($Q30,0,COLUMN()-COLUMN($AL$1)),CHAR(160)," "),_xludf.UNICHAR(8239)," ")) -> #NAME? | Z30: =TRIM(SUBSTITUTE(SUBSTITUTE(OFFSET($Q30,0,COLUMN()-COLUMN($AL$1)),CHAR(160)," "),_xludf.UNICHAR(8239)," ")) -> #NAME? | AA30: =TRIM(SUBSTITUTE(SUBSTITUTE(OFFSET($Q30,0,COLUMN()-COLUMN($AL$1)),CHAR(160)," "),_xludf.UNICHAR(8239)," ")) -> #NAME? | AB30: =TRIM(SUBSTITUTE(SUBSTITUTE(OFFSET($Q30,0,COLUMN()-COLUMN($AL$1)),CHAR(160)," "),_xludf.UNICHAR(8239)," ")) -> #NAME? | AC30: =TRIM(SUBSTITUTE(SUBSTITUTE(OFFSET($Q30,0,COLUMN()-COLUMN($AL$1)),CHAR(160)," "),_xludf.UNICHAR(8239)," ")) -> #NAME? | AD30: =IF($E30="",0,--(COUNTIFS($E:$E,$E30,$C:$C,">"&$C30)+COUNTIFS($E$8:E30,$E30,$C$8:C30,$C30)=1)) -> 1 | AE30: =IF($C30="","",TEXT($C30,"yyyy-mm")) -> 2026-04 | AF30: =IF(OR($E30="",$AE30=""),0,IF(COUNTIFS($E$8:E30,$E30,$AE$8:AE30,$AE30)=1,1,0)) -> 1 | AG30: =IF($E30="",0,IF(COUNTIF($E$8:E30,$E30)=1,1,0)) -> 1
A31: 24 | B31: منى هشام عبد القادر عبد القادر | C31: 2026-04-26 | E31: 400947206 | F31: 1996-08-02 | G31: 29 | H31: 19-60 | I31: Female | J31: female | K31: 592123364 | L31: Alnussirat | M31: N/A | N31: No | P31: Displaced | R31: ANC | U31: Screening | X31: =IF(E31="","",UPPER(LEFT($C$3,1)&"-"&LEFT($C$4,1)&"-"&TEXT(ROW(B24),"000")&"-"&TEXT(C31,"dd-mm"))) -> --024-26-04 | Y31: =TRIM(SUBSTITUTE(SUBSTITUTE(OFFSET($Q31,0,COLUMN()-COLUMN($AL$1)),CHAR(160)," "),_xludf.UNICHAR(8239)," ")) -> #NAME? | Z31: =TRIM(SUBSTITUTE(SUBSTITUTE(OFFSET($Q31,0,COLUMN()-COLUMN($AL$1)),CHAR(160)," "),_xludf.UNICHAR(8239)," ")) -> #NAME? | AA31: =TRIM(SUBSTITUTE(SUBSTITUTE(OFFSET($Q31,0,COLUMN()-COLUMN($AL$1)),CHAR(160)," "),_xludf.UNICHAR(8239)," ")) -> #NAME? | AB31: =TRIM(SUBSTITUTE(SUBSTITUTE(OFFSET($Q31,0,COLUMN()-COLUMN($AL$1)),CHAR(160)," "),_xludf.UNICHAR(8239)," ")) -> #NAME? | AC31: =TRIM(SUBSTITUTE(SUBSTITUTE(OFFSET($Q31,0,COLUMN()-COLUMN($AL$1)),CHAR(160)," "),_xludf.UNICHAR(8239)," ")) -> #NAME? | AD31: =IF($E31="",0,--(COUNTIFS($E:$E,$E31,$C:$C,">"&$C31)+COUNTIFS($E$8:E31,$E31,$C$8:C31,$C31)=1)) -> 1 | AE31: =IF($C31="","",TEXT($C31,"yyyy-mm")) -> 2026-04 | AF31: =IF(OR($E31="",$AE31=""),0,IF(COUNTIFS($E$8:E31,$E31,$AE$8:AE31,$AE31)=1,1,0)) -> 1 | AG31: =IF($E31="",0,IF(COUNTIF($E$8:E31,$E31)=1,1,0)) -> 1
A32: 25 | B32: محمد نضال ناهض عطالله | C32: 2026-04-26 | E32: 470291717 | F32: 2024-07-24 | G32: 1 | H32: 0-5 | I32: Male | J32: male | K32: 597825458 | L32: Alnussirat | M32: N/A | N32: No | P32: Displaced | Q32: FM- CD | X32: =IF(E32="","",UPPER(LEFT($C$3,1)&"-"&LEFT($C$4,1)&"-"&TEXT(ROW(B25),"000")&"-"&TEXT(C32,"dd-mm"))) -> --025-26-04 | Y32: =TRIM(SUBSTITUTE(SUBSTITUTE(OFFSET($Q32,0,COLUMN()-COLUMN($AL$1)),CHAR(160)," "),_xludf.UNICHAR(8239)," ")) -> #NAME? | Z32: =TRIM(SUBSTITUTE(SUBSTITUTE(OFFSET($Q32,0,COLUMN()-COLUMN($AL$1)),CHAR(160)," "),_xludf.UNICHAR(8239)," ")) -> #NAME? | AA32: =TRIM(SUBSTITUTE(SUBSTITUTE(OFFSET($Q32,0,COLUMN()-COLUMN($AL$1)),CHAR(160)," "),_xludf.UNICHAR(8239)," ")) -> #NAME? | AB32: =TRIM(SUBSTITUTE(SUBSTITUTE(OFFSET($Q32,0,COLUMN()-COLUMN($AL$1)),CHAR(160)," "),_xludf.UNICHAR(8239)," ")) -> #NAME? | AC32: =TRIM(SUBSTITUTE(SUBSTITUTE(OFFSET($Q32,0,COLUMN()-COLUMN($AL$1)),CHAR(160)," "),_xludf.UNICHAR(8239)," ")) -> #NAME? | AD32: =IF($E32="",0,--(COUNTIFS($E:$E,$E32,$C:$C,">"&$C32)+COUNTIFS($E$8:E32,$E32,$C$8:C32,$C32)=1)) -> 1 | AE32: =IF($C32="","",TEXT($C32,"yyyy-mm")) -> 2026-04 | AF32: =IF(OR($E32="",$AE32=""),0,IF(COUNTIFS($E$8:E32,$E32,$AE$8:AE32,$AE32)=1,1,0)) -> 1 | AG32: =IF($E32="",0,IF(COUNTIF($E$8:E32,$E32)=1,1,0)) -> 1
A33: 26 | B33: انور نضال ناهض عطالله | C33: 2026-04-26 | E33: 470598533 | F33: 2025-10-13 | G33: 1 | H33: 0-5 | I33: Male | J33: male | K33: 597825458 | L33: Alnussirat | M33: N/A | N33: No | P33: Displaced | Q33: FM- CD | X33: =IF(E33="","",UPPER(LEFT($C$3,1)&"-"&LEFT($C$4,1)&"-"&TEXT(ROW(B26),"000")&"-"&TEXT(C33,"dd-mm"))) -> --026-26-04 | Y33: =TRIM(SUBSTITUTE(SUBSTITUTE(OFFSET($Q33,0,COLUMN()-COLUMN($AL$1)),CHAR(160)," "),_xludf.UNICHAR(8239)," ")) -> #NAME? | Z33: =TRIM(SUBSTITUTE(SUBSTITUTE(OFFSET($Q33,0,COLUMN()-COLUMN($AL$1)),CHAR(160)," "),_xludf.UNICHAR(8239)," ")) -> #NAME? | AA33: =TRIM(SUBSTITUTE(SUBSTITUTE(OFFSET($Q33,0,COLUMN()-COLUMN($AL$1)),CHAR(160)," "),_xludf.UNICHAR(8239)," ")) -> #NAME? | AB33: =TRIM(SUBSTITUTE(SUBSTITUTE(OFFSET($Q33,0,COLUMN()-COLUMN($AL$1)),CHAR(160)," "),_xludf.UNICHAR(8239)," ")) -> #NAME? | AC33: =TRIM(SUBSTITUTE(SUBSTITUTE(OFFSET($Q33,0,COLUMN()-COLUMN($AL$1)),CHAR(160)," "),_xludf.UNICHAR(8239)," ")) -> #NAME? | AD33: =IF($E33="",0,--(COUNTIFS($E:$E,$E33,$C:$C,">"&$C33)+COUNTIFS($E$8:E33,$E33,$C$8:C33,$C33)=1)) -> 1 | AE33: =IF($C33="","",TEXT($C33,"yyyy-mm")) -> 2026-04 | AF33: =IF(OR($E33="",$AE33=""),0,IF(COUNTIFS($E$8:E33,$E33,$AE$8:AE33,$AE33)=1,1,0)) -> 1 | AG33: =IF($E33="",0,IF(COUNTIF($E$8:E33,$E33)=1,1,0)) -> 1
A34: 27 | B34: اسراء شوقي عايش ابو عطالله | C34: 2026-04-26 | E34: 406160846 | F34: 2001-07-12 | G34: 24 | H34: 19-60 | I34: Female | J34: female | K34: 592236933 | L34: Alnussirat | M34: Married | N34: No | P34: Displaced | R34: ANC | U34: Screening | X34: =IF(E34="","",UPPER(LEFT($C$3,1)&"-"&LEFT($C$4,1)&"-"&TEXT(ROW(B27),"000")&"-"&TEXT(C34,"dd-mm"))) -> --027-26-04 | Y34: =TRIM(SUBSTITUTE(SUBSTITUTE(OFFSET($Q34,0,COLUMN()-COLUMN($AL$1)),CHAR(160)," "),_xludf.UNICHAR(8239)," ")) -> #NAME? | Z34: =TRIM(SUBSTITUTE(SUBSTITUTE(OFFSET($Q34,0,COLUMN()-COLUMN($AL$1)),CHAR(160)," "),_xludf.UNICHAR(8239)," ")) -> #NAME? | AA34: =TRIM(SUBSTITUTE(SUBSTITUTE(OFFSET($Q34,0,COLUMN()-COLUMN($AL$1)),CHAR(160)," "),_xludf.UNICHAR(8239)," ")) -> #NAME? | AB34: =TRIM(SUBSTITUTE(SUBSTITUTE(OFFSET($Q34,0,COLUMN()-COLUMN($AL$1)),CHAR(160)," "),_xludf.UNICHAR(8239)," ")) -> #NAME? | AC34: =TRIM(SUBSTITUTE(SUBSTITUTE(OFFSET($Q34,0,COLUMN()-COLUMN($AL$1)),CHAR(160)," "),_xludf.UNICHAR(8239)," ")) -> #NAME? | AD34: =IF($E34="",0,--(COUNTIFS($E:$E,$E34,$C:$C,">"&$C34)+COUNTIFS($E$8:E34,$E34,$C$8:C34,$C34)=1)) -> 1 | AE34: =IF($C34="","",TEXT($C34,"yyyy-mm")) -> 2026-04 | AF34: =IF(OR($E34="",$AE34=""),0,IF(COUNTIFS($E$8:E34,$E34,$AE$8:AE34,$AE34)=1,1,0)) -> 1 | AG34: =IF($E34="",0,IF(COUNTIF($E$8:E34,$E34)=1,1,0)) -> 1
A35: 28 | B35: هداية رمزي نصر عطالله | C35: 2026-04-26 | E35: 445916141 | F35: 2024-03-18 | G35: 2 | H35: 0-5 | I35: Female | J35: female | K35: 592236933 | L35: Alnussirat | M35: N/A | N35: No | P35: Displaced | Q35: FM- CD | X35: =IF(E35="","",UPPER(LEFT($C$3,1)&"-"&LEFT($C$4,1)&"-"&TEXT(ROW(B28),"000")&"-"&TEXT(C35,"dd-mm"))) -> --028-26-04 | Y35: =TRIM(SUBSTITUTE(SUBSTITUTE(OFFSET($Q35,0,COLUMN()-COLUMN($AL$1)),CHAR(160)," "),_xludf.UNICHAR(8239)," ")) -> #NAME? | Z35: =TRIM(SUBSTITUTE(SUBSTITUTE(OFFSET($Q35,0,COLUMN()-COLUMN($AL$1)),CHAR(160)," "),_xludf.UNICHAR(8239)," ")) -> #NAME? | AA35: =TRIM(SUBSTITUTE(SUBSTITUTE(OFFSET($Q35,0,COLUMN()-COLUMN($AL$1)),CHAR(160)," "),_xludf.UNICHAR(8239)," ")) -> #NAME? | AB35: =TRIM(SUBSTITUTE(SUBSTITUTE(OFFSET($Q35,0,COLUMN()-COLUMN($AL$1)),CHAR(160)," "),_xludf.UNICHAR(8239)," ")) -> #NAME? | AC35: =TRIM(SUBSTITUTE(SUBSTITUTE(OFFSET($Q35,0,COLUMN()-COLUMN($AL$1)),CHAR(160)," "),_xludf.UNICHAR(8239)," ")) -> #NAME? | AD35: =IF($E35="",0,--(COUNTIFS($E:$E,$E35,$C:$C,">"&$C35)+COUNTIFS($E$8:E35,$E35,$C$8:C35,$C35)=1)) -> 1 | AE35: =IF($C35="","",TEXT($C35,"yyyy-mm")) -> 2026-04 | AF35: =IF(OR($E35="",$AE35=""),0,IF(COUNTIFS($E$8:E35,$E35,$AE$8:AE35,$AE35)=1,1,0)) -> 1 | AG35: =IF($E35="",0,IF(COUNTIF($E$8:E35,$E35)=1,1,0)) -> 1
A36: 29 | B36: ريم خليل ابراهيم حسين | C36: 2026-04-26 | E36: 905451522 | F36: 1980-01-13 | G36: 46 | H36: 19-60 | I36: Female | J36: female | K36: 598728701 | L36: Alnussirat | M36: N/A | N36: No | P36: Displaced | Q36: FM- CD | X36: =IF(E36="","",UPPER(LEFT($C$3,1)&"-"&LEFT($C$4,1)&"-"&TEXT(ROW(B29),"000")&"-"&TEXT(C36,"dd-mm"))) -> --029-26-04 | Y36: =TRIM(SUBSTITUTE(SUBSTITUTE(OFFSET($Q36,0,COLUMN()-COLUMN($AL$1)),CHAR(160)," "),_xludf.UNICHAR(8239)," ")) -> #NAME? | Z36: =TRIM(SUBSTITUTE(SUBSTITUTE(OFFSET($Q36,0,COLUMN()-COLUMN($AL$1)),CHAR(160)," "),_xludf.UNICHAR(8239)," ")) -> #NAME? | AA36: =TRIM(SUBSTITUTE(SUBSTITUTE(OFFSET($Q36,0,COLUMN()-COLUMN($AL$1)),CHAR(160)," "),_xludf.UNICHAR(8239)," ")) -> #NAME? | AB36: =TRIM(SUBSTITUTE(SUBSTITUTE(OFFSET($Q36,0,COLUMN()-COLUMN($AL$1)),CHAR(160)," "),_xludf.UNICHAR(8239)," ")) -> #NAME? | AC36: =TRIM(SUBSTITUTE(SUBSTITUTE(OFFSET($Q36,0,COLUMN()-COLUMN($AL$1)),CHAR(160)," "),_xludf.UNICHAR(8239)," ")) -> #NAME? | AD36: =IF($E36="",0,--(COUNTIFS($E:$E,$E36,$C:$C,">"&$C36)+COUNTIFS($E$8:E36,$E36,$C$8:C36,$C36)=1)) -> 1 | AE36: =IF($C36="","",TEXT($C36,"yyyy-mm")) -> 2026-04 | AF36: =IF(OR($E36="",$AE36=""),0,IF(COUNTIFS($E$8:E36,$E36,$AE$8:AE36,$AE36)=1,1,0)) -> 1 | AG36: =IF($E36="",0,IF(COUNTIF($E$8:E36,$E36)=1,1,0)) -> 1
A37: 30 | B37: نعمة حسني محمد الخالدي | C37: 2026-04-26 | E37: 400905691 | F37: 1996-02-21 | G37: 30 | H37: 19-60 | I37: Female | J37: female | K37: 598184056 | L37: Alnussirat | M37: Married | N37: No | P37: Displaced | R37: FP | X37: =IF(E37="","",UPPER(LEFT($C$3,1)&"-"&LEFT($C$4,1)&"-"&TEXT(ROW(B30),"000")&"-"&TEXT(C37,"dd-mm"))) -> --030-26-04 | Y37: =TRIM(SUBSTITUTE(SUBSTITUTE(OFFSET($Q37,0,COLUMN()-COLUMN($AL$1)),CHAR(160)," "),_xludf.UNICHAR(8239)," ")) -> #NAME? | Z37: =TRIM(SUBSTITUTE(SUBSTITUTE(OFFSET($Q37,0,COLUMN()-COLUMN($AL$1)),CHAR(160)," "),_xludf.UNICHAR(8239)," ")) -> #NAME? | AA37: =TRIM(SUBSTITUTE(SUBSTITUTE(OFFSET($Q37,0,COLUMN()-COLUMN($AL$1)),CHAR(160)," "),_xludf.UNICHAR(8239)," ")) -> #NAME? | AB37: =TRIM(SUBSTITUTE(SUBSTITUTE(OFFSET($Q37,0,COLUMN()-COLUMN($AL$1)),CHAR(160)," "),_xludf.UNICHAR(8239)," ")) -> #NAME? | AC37: =TRIM(SUBSTITUTE(SUBSTITUTE(OFFSET($Q37,0,COLUMN()-COLUMN($AL$1)),CHAR(160)," "),_xludf.UNICHAR(8239)," ")) -> #NAME? | AD37: =IF($E37="",0,--(COUNTIFS($E:$E,$E37,$C:$C,">"&$C37)+COUNTIFS($E$8:E37,$E37,$C$8:C37,$C37)=1)) -> 1 | AE37: =IF($C37="","",TEXT($C37,"yyyy-mm")) -> 2026-04 | AF37: =IF(OR($E37="",$AE37=""),0,IF(COUNTIFS($E$8:E37,$E37,$AE$8:AE37,$AE37)=1,1,0)) -> 1 | AG37: =IF($E37="",0,IF(COUNTIF($E$8:E37,$E37)=1,1,0)) -> 1
A38: 31 | B38: اسماعيل محمد احمد الخالدي | C38: 2026-04-26 | E38: 445137664 | F38: 2022-03-07 | G38: 4 | H38: 0-5 | I38: Male | J38: male | K38: 598184056 | L38: Alnussirat | M38: N/A | N38: No | P38: Displaced | Q38: FM- CD | X38: =IF(E38="","",UPPER(LEFT($C$3,1)&"-"&LEFT($C$4,1)&"-"&TEXT(ROW(B31),"000")&"-"&TEXT(C38,"dd-mm"))) -> --031-26-04 | Y38: =TRIM(SUBSTITUTE(SUBSTITUTE(OFFSET($Q38,0,COLUMN()-COLUMN($AL$1)),CHAR(160)," "),_xludf.UNICHAR(8239)," ")) -> #NAME? | Z38: =TRIM(SUBSTITUTE(SUBSTITUTE(OFFSET($Q38,0,COLUMN()-COLUMN($AL$1)),CHAR(160)," "),_xludf.UNICHAR(8239)," ")) -> #NAME? | AA38: =TRIM(SUBSTITUTE(SUBSTITUTE(OFFSET($Q38,0,COLUMN()-COLUMN($AL$1)),CHAR(160)," "),_xludf.UNICHAR(8239)," ")) -> #NAME? | AB38: =TRIM(SUBSTITUTE(SUBSTITUTE(OFFSET($Q38,0,COLUMN()-COLUMN($AL$1)),CHAR(160)," "),_xludf.UNICHAR(8239)," ")) -> #NAME? | AC38: =TRIM(SUBSTITUTE(SUBSTITUTE(OFFSET($Q38,0,COLUMN()-COLUMN($AL$1)),CHAR(160)," "),_xludf.UNICHAR(8239)," ")) -> #NAME? | AD38: =IF($E38="",0,--(COUNTIFS($E:$E,$E38,$C:$C,">"&$C38)+COUNTIFS($E$8:E38,$E38,$C$8:C38,$C38)=1)) -> 1 | AE38: =IF($C38="","",TEXT($C38,"yyyy-mm")) -> 2026-04 | AF38: =IF(OR($E38="",$AE38=""),0,IF(COUNTIFS($E$8:E38,$E38,$AE$8:AE38,$AE38)=1,1,0)) -> 1 | AG38: =IF($E38="",0,IF(COUNTIF($E$8:E38,$E38)=1,1,0)) -> 1
A39: 32 | B39: محمدمحمد منير دويك | C39: 2026-04-26 | E39: 429836406 | F39: 2010-03-31 | G39: 16 | H39: 6-18 | I39: Female | J39: female | K39: 599860312 | L39: Alnussirat | M39: Single | N39: No | P39: Displaced | Q39: FM- CD | X39: =IF(E39="","",UPPER(LEFT($C$3,1)&"-"&LEFT($C$4,1)&"-"&TEXT(ROW(B32),"000")&"-"&TEXT(C39,"dd-mm"))) -> --032-26-04 | Y39: =TRIM(SUBSTITUTE(SUBSTITUTE(OFFSET($Q39,0,COLUMN()-COLUMN($AL$1)),CHAR(160)," "),_xludf.UNICHAR(8239)," ")) -> #NAME? | Z39: =TRIM(SUBSTITUTE(SUBSTITUTE(OFFSET($Q39,0,COLUMN()-COLUMN($AL$1)),CHAR(160)," "),_xludf.UNICHAR(8239)," ")) -> #NAME? | AA39: =TRIM(SUBSTITUTE(SUBSTITUTE(OFFSET($Q39,0,COLUMN()-COLUMN($AL$1)),CHAR(160)," "),_xludf.UNICHAR(8239)," ")) -> #NAME? | AB39: =TRIM(SUBSTITUTE(SUBSTITUTE(OFFSET($Q39,0,COLUMN()-COLUMN($AL$1)),CHAR(160)," "),_xludf.UNICHAR(8239)," ")) -> #NAME? | AC39: =TRIM(SUBSTITUTE(SUBSTITUTE(OFFSET($Q39,0,COLUMN()-COLUMN($AL$1)),CHAR(160)," "),_xludf.UNICHAR(8239)," ")) -> #NAME? | AD39: =IF($E39="",0,--(COUNTIFS($E:$E,$E39,$C:$C,">"&$C39)+COUNTIFS($E$8:E39,$E39,$C$8:C39,$C39)=1)) -> 1 | AE39: =IF($C39="","",TEXT($C39,"yyyy-mm")) -> 2026-04 | AF39: =IF(OR($E39="",$AE39=""),0,IF(COUNTIFS($E$8:E39,$E39,$AE$8:AE39,$AE39)=1,1,0)) -> 1 | AG39: =IF($E39="",0,IF(COUNTIF($E$8:E39,$E39)=1,1,0)) -> 1
A40: 33 | B40: ريم جميل احمد الزعانين | C40: 2026-04-26 | E40: 400650644 | F40: 1996-04-17 | G40: 30 | H40: 19-60 | I40: Female | J40: female | K40: 595901415 | M40: Married | N40: No | P40: Displaced | R40: ANC | U40: Screening | X40: =IF(E40="","",UPPER(LEFT($C$3,1)&"-"&LEFT($C$4,1)&"-"&TEXT(ROW(B33),"000")&"-"&TEXT(C40,"dd-mm"))) -> --033-26-04 | Y40: =TRIM(SUBSTITUTE(SUBSTITUTE(OFFSET($Q40,0,COLUMN()-COLUMN($AL$1)),CHAR(160)," "),_xludf.UNICHAR(8239)," ")) -> #NAME? | Z40: =TRIM(SUBSTITUTE(SUBSTITUTE(OFFSET($Q40,0,COLUMN()-COLUMN($AL$1)),CHAR(160)," "),_xludf.UNICHAR(8239)," ")) -> #NAME? | AA40: =TRIM(SUBSTITUTE(SUBSTITUTE(OFFSET($Q40,0,COLUMN()-COLUMN($AL$1)),CHAR(160)," "),_xludf.UNICHAR(8239)," ")) -> #NAME? | AB40: =TRIM(SUBSTITUTE(SUBSTITUTE(OFFSET($Q40,0,COLUMN()-COLUMN($AL$1)),CHAR(160)," "),_xludf.UNICHAR(8239)," ")) -> #NAME? | AC40: =TRIM(SUBSTITUTE(SUBSTITUTE(OFFSET($Q40,0,COLUMN()-COLUMN($AL$1)),CHAR(160)," "),_xludf.UNICHAR(8239)," ")) -> #NAME? | AD40: =IF($E40="",0,--(COUNTIFS($E:$E,$E40,$C:$C,">"&$C40)+COUNTIFS($E$8:E40,$E40,$C$8:C40,$C40)=1)) -> 1 | AE40: =IF($C40="","",TEXT($C40,"yyyy-mm")) -> 2026-04 | AF40: =IF(OR($E40="",$AE40=""),0,IF(COUNTIFS($E$8:E40,$E40,$AE$8:AE40,$AE40)=1,1,0)) -> 1 | AG40: =IF($E40="",0,IF(COUNTIF($E$8:E40,$E40)=1,1,0)) -> 1
A41: 34 | B41: ايمان فريح خليل ياسين | C41: 2026-04-26 | E41: 802083105 | F41: 1988-11-02 | G41: 37 | H41: 19-60 | I41: Female | J41: female | K41: 597576802 | L41: Alnussirat | M41: Married | N41: No | P41: Displaced | R41: GYN | X41: =IF(E41="","",UPPER(LEFT($C$3,1)&"-"&LEFT($C$4,1)&"-"&TEXT(ROW(B34),"000")&"-"&TEXT(C41,"dd-mm"))) -> --034-26-04 | Y41: =TRIM(SUBSTITUTE(SUBSTITUTE(OFFSET($Q41,0,COLUMN()-COLUMN($AL$1)),CHAR(160)," "),_xludf.UNICHAR(8239)," ")) -> #NAME? | Z41: =TRIM(SUBSTITUTE(SUBSTITUTE(OFFSET($Q41,0,COLUMN()-COLUMN($AL$1)),CHAR(160)," "),_xludf.UNICHAR(8239)," ")) -> #NAME? | AA41: =TRIM(SUBSTITUTE(SUBSTITUTE(OFFSET($Q41,0,COLUMN()-COLUMN($AL$1)),CHAR(160)," "),_xludf.UNICHAR(8239)," ")) -> #NAME? | AB41: =TRIM(SUBSTITUTE(SUBSTITUTE(OFFSET($Q41,0,COLUMN()-COLUMN($AL$1)),CHAR(160)," "),_xludf.UNICHAR(8239)," ")) -> #NAME? | AC41: =TRIM(SUBSTITUTE(SUBSTITUTE(OFFSET($Q41,0,COLUMN()-COLUMN($AL$1)),CHAR(160)," "),_xludf.UNICHAR(8239)," ")) -> #NAME? | AD41: =IF($E41="",0,--(COUNTIFS($E:$E,$E41,$C:$C,">"&$C41)+COUNTIFS($E$8:E41,$E41,$C$8:C41,$C41)=1)) -> 1 | AE41: =IF($C41="","",TEXT($C41,"yyyy-mm")) -> 2026-04 | AF41: =IF(OR($E41="",$AE41=""),0,IF(COUNTIFS($E$8:E41,$E41,$AE$8:AE41,$AE41)=1,1,0)) -> 1 | AG41: =IF($E41="",0,IF(COUNTIF($E$8:E41,$E41)=1,1,0)) -> 1
A42: 35 | B42: اسماء جمال محمود سمرة | C42: 2026-04-26 | E42: 802701193 | F42: 1990-05-18 | G42: 35 | H42: 19-60 | I42: Female | J42: female | K42: 592530173 | L42: Alnussirat | M42: N/A | N42: No | P42: Displaced | R42: ANC | U42: Screening | X42: =IF(E42="","",UPPER(LEFT($C$3,1)&"-"&LEFT($C$4,1)&"-"&TEXT(ROW(B35),"000")&"-"&TEXT(C42,"dd-mm"))) -> --035-26-04 | Y42: =TRIM(SUBSTITUTE(SUBSTITUTE(OFFSET($Q42,0,COLUMN()-COLUMN($AL$1)),CHAR(160)," "),_xludf.UNICHAR(8239)," ")) -> #NAME? | Z42: =TRIM(SUBSTITUTE(SUBSTITUTE(OFFSET($Q42,0,COLUMN()-COLUMN($AL$1)),CHAR(160)," "),_xludf.UNICHAR(8239)," ")) -> #NAME? | AA42: =TRIM(SUBSTITUTE(SUBSTITUTE(OFFSET($Q42,0,COLUMN()-COLUMN($AL$1)),CHAR(160)," "),_xludf.UNICHAR(8239)," ")) -> #NAME? | AB42: =TRIM(SUBSTITUTE(SUBSTITUTE(OFFSET($Q42,0,COLUMN()-COLUMN($AL$1)),CHAR(160)," "),_xludf.UNICHAR(8239)," ")) -> #NAME? | AC42: =TRIM(SUBSTITUTE(SUBSTITUTE(OFFSET($Q42,0,COLUMN()-COLUMN($AL$1)),CHAR(160)," "),_xludf.UNICHAR(8239)," ")) -> #NAME? | AD42: =IF($E42="",0,--(COUNTIFS($E:$E,$E42,$C:$C,">"&$C42)+COUNTIFS($E$8:E42,$E42,$C$8:C42,$C42)=1)) -> 1 | AE42: =IF($C42="","",TEXT($C42,"yyyy-mm")) -> 2026-04 | AF42: =IF(OR($E42="",$AE42=""),0,IF(COUNTIFS($E$8:E42,$E42,$AE$8:AE42,$AE42)=1,1,0)) -> 1 | AG42: =IF($E42="",0,IF(COUNTIF($E$8:E42,$E42)=1,1,0)) -> 1
A43: 36 | B43: دنيا عماد عمر الديري | C43: 2026-04-26 | E43: 429619190 | F43: 2010-11-14 | G43: 15 | H43: 6-18 | I43: Female | J43: female | K43: 599706870 | L43: Alnussirat | M43: Single | N43: No | P43: Displaced | Q43: FM- CD | X43: =IF(E43="","",UPPER(LEFT($C$3,1)&"-"&LEFT($C$4,1)&"-"&TEXT(ROW(B36),"000")&"-"&TEXT(C43,"dd-mm"))) -> --036-26-04 | Y43: =TRIM(SUBSTITUTE(SUBSTITUTE(OFFSET($Q43,0,COLUMN()-COLUMN($AL$1)),CHAR(160)," "),_xludf.UNICHAR(8239)," ")) -> #NAME? | Z43: =TRIM(SUBSTITUTE(SUBSTITUTE(OFFSET($Q43,0,COLUMN()-COLUMN($AL$1)),CHAR(160)," "),_xludf.UNICHAR(8239)," ")) -> #NAME? | AA43: =TRIM(SUBSTITUTE(SUBSTITUTE(OFFSET($Q43,0,COLUMN()-COLUMN($AL$1)),CHAR(160)," "),_xludf.UNICHAR(8239)," ")) -> #NAME? | AB43: =TRIM(SUBSTITUTE(SUBSTITUTE(OFFSET($Q43,0,COLUMN()-COLUMN($AL$1)),CHAR(160)," "),_xludf.UNICHAR(8239)," ")) -> #NAME? | AC43: =TRIM(SUBSTITUTE(SUBSTITUTE(OFFSET($Q43,0,COLUMN()-COLUMN($AL$1)),CHAR(160)," "),_xludf.UNICHAR(8239)," ")) -> #NAME? | AD43: =IF($E43="",0,--(COUNTIFS($E:$E,$E43,$C:$C,">"&$C43)+COUNTIFS($E$8:E43,$E43,$C$8:C43,$C43)=1)) -> 1 | AE43: =IF($C43="","",TEXT($C43,"yyyy-mm")) -> 2026-04 | AF43: =IF(OR($E43="",$AE43=""),0,IF(COUNTIFS($E$8:E43,$E43,$AE$8:AE43,$AE43)=1,1,0)) -> 1 | AG43: =IF($E43="",0,IF(COUNTIF($E$8:E43,$E43)=1,1,0)) -> 1
A44: 37 | B44: وردة عبد العزيز احمد ابو عطيوي | C44: 2026-04-26 | E44: 802133116 | F44: 1990-08-27 | G44: 35 | H44: 19-60 | I44: Female | J44: female | K44: 592401719 | L44: Alnussirat | M44: Married | N44: No | P44: Displaced | R44: ANC | U44: Screening | X44: =IF(E44="","",UPPER(LEFT($C$3,1)&"-"&LEFT($C$4,1)&"-"&TEXT(ROW(B37),"000")&"-"&TEXT(C44,"dd-mm"))) -> --037-26-04 | Y44: =TRIM(SUBSTITUTE(SUBSTITUTE(OFFSET($Q44,0,COLUMN()-COLUMN($AL$1)),CHAR(160)," "),_xludf.UNICHAR(8239)," ")) -> #NAME? | Z44: =TRIM(SUBSTITUTE(SUBSTITUTE(OFFSET($Q44,0,COLUMN()-COLUMN($AL$1)),CHAR(160)," "),_xludf.UNICHAR(8239)," ")) -> #NAME? | AA44: =TRIM(SUBSTITUTE(SUBSTITUTE(OFFSET($Q44,0,COLUMN()-COLUMN($AL$1)),CHAR(160)," "),_xludf.UNICHAR(8239)," ")) -> #NAME? | AB44: =TRIM(SUBSTITUTE(SUBSTITUTE(OFFSET($Q44,0,COLUMN()-COLUMN($AL$1)),CHAR(160)," "),_xludf.UNICHAR(8239)," ")) -> #NAME? | AC44: =TRIM(SUBSTITUTE(SUBSTITUTE(OFFSET($Q44,0,COLUMN()-COLUMN($AL$1)),CHAR(160)," "),_xludf.UNICHAR(8239)," ")) -> #NAME? | AD44: =IF($E44="",0,--(COUNTIFS($E:$E,$E44,$C:$C,">"&$C44)+COUNTIFS($E$8:E44,$E44,$C$8:C44,$C44)=1)) -> 1 | AE44: =IF($C44="","",TEXT($C44,"yyyy-mm")) -> 2026-04 | AF44: =IF(OR($E44="",$AE44=""),0,IF(COUNTIFS($E$8:E44,$E44,$AE$8:AE44,$AE44)=1,1,0)) -> 1 | AG44: =IF($E44="",0,IF(COUNTIF($E$8:E44,$E44)=1,1,0)) -> 1
A45: 38 | B45: هيام محمود محمد الجمال | C45: 2026-04-26 | E45: 925724130 | F45: 1971-05-10 | G45: 54 | H45: 19-60 | I45: Female | J45: female | K45: 599682503 | M45: Married | N45: No | P45: Displaced | Q45: FM- CD | X45: =IF(E45="","",UPPER(LEFT($C$3,1)&"-"&LEFT($C$4,1)&"-"&TEXT(ROW(B38),"000")&"-"&TEXT(C45,"dd-mm"))) -> --038-26-04 | Y45: =TRIM(SUBSTITUTE(SUBSTITUTE(OFFSET($Q45,0,COLUMN()-COLUMN($AL$1)),CHAR(160)," "),_xludf.UNICHAR(8239)," ")) -> #NAME? | Z45: =TRIM(SUBSTITUTE(SUBSTITUTE(OFFSET($Q45,0,COLUMN()-COLUMN($AL$1)),CHAR(160)," "),_xludf.UNICHAR(8239)," ")) -> #NAME? | AA45: =TRIM(SUBSTITUTE(SUBSTITUTE(OFFSET($Q45,0,COLUMN()-COLUMN($AL$1)),CHAR(160)," "),_xludf.UNICHAR(8239)," ")) -> #NAME? | AB45: =TRIM(SUBSTITUTE(SUBSTITUTE(OFFSET($Q45,0,COLUMN()-COLUMN($AL$1)),CHAR(160)," "),_xludf.UNICHAR(8239)," ")) -> #NAME? | AC45: =TRIM(SUBSTITUTE(SUBSTITUTE(OFFSET($Q45,0,COLUMN()-COLUMN($AL$1)),CHAR(160)," "),_xludf.UNICHAR(8239)," ")) -> #NAME? | AD45: =IF($E45="",0,--(COUNTIFS($E:$E,$E45,$C:$C,">"&$C45)+COUNTIFS($E$8:E45,$E45,$C$8:C45,$C45)=1)) -> 1 | AE45: =IF($C45="","",TEXT($C45,"yyyy-mm")) -> 2026-04 | AF45: =IF(OR($E45="",$AE45=""),0,IF(COUNTIFS($E$8:E45,$E45,$AE$8:AE45,$AE45)=1,1,0)) -> 1 | AG45: =IF($E45="",0,IF(COUNTIF($E$8:E45,$E45)=1,1,0)) -> 1
A46: 39 | B46: ولاء رمضان عيسى صبح | C46: 2026-04-26 | E46: 402907794 | F46: 1997-03-27 | G46: 29 | H46: 19-60 | I46: Female | J46: female | K46: 592498473 | L46: Alnussirat | M46: Married | N46: No | P46: Displaced | R46: ANC | U46: Screening | X46: =IF(E46="","",UPPER(LEFT($C$3,1)&"-"&LEFT($C$4,1)&"-"&TEXT(ROW(B39),"000")&"-"&TEXT(C46,"dd-mm"))) -> --039-26-04 | Y46: =TRIM(SUBSTITUTE(SUBSTITUTE(OFFSET($Q46,0,COLUMN()-COLUMN($AL$1)),CHAR(160)," "),_xludf.UNICHAR(8239)," ")) -> #NAME? | Z46: =TRIM(SUBSTITUTE(SUBSTITUTE(OFFSET($Q46,0,COLUMN()-COLUMN($AL$1)),CHAR(160)," "),_xludf.UNICHAR(8239)," ")) -> #NAME? | AA46: =TRIM(SUBSTITUTE(SUBSTITUTE(OFFSET($Q46,0,COLUMN()-COLUMN($AL$1)),CHAR(160)," "),_xludf.UNICHAR(8239)," ")) -> #NAME? | AB46: =TRIM(SUBSTITUTE(SUBSTITUTE(OFFSET($Q46,0,COLUMN()-COLUMN($AL$1)),CHAR(160)," "),_xludf.UNICHAR(8239)," ")) -> #NAME? | AC46: =TRIM(SUBSTITUTE(SUBSTITUTE(OFFSET($Q46,0,COLUMN()-COLUMN($AL$1)),CHAR(160)," "),_xludf.UNICHAR(8239)," ")) -> #NAME? | AD46: =IF($E46="",0,--(COUNTIFS($E:$E,$E46,$C:$C,">"&$C46)+COUNTIFS($E$8:E46,$E46,$C$8:C46,$C46)=1)) -> 1 | AE46: =IF($C46="","",TEXT($C46,"yyyy-mm")) -> 2026-04 | AF46: =IF(OR($E46="",$AE46=""),0,IF(COUNTIFS($E$8:E46,$E46,$AE$8:AE46,$AE46)=1,1,0)) -> 1 | AG46: =IF($E46="",0,IF(COUNTIF($E$8:E46,$E46)=1,1,0)) -> 1
A47: 40 | B47: رواء رامز محمد مهنا | C47: 2026-04-26 | E47: 803678598 | F47: 1992-03-20 | G47: 34 | H47: 19-60 | I47: Female | J47: female | K47: 598190191 | L47: Alnussirat | M47: Married | N47: No | P47: Displaced | R47: FP | X47: =IF(E47="","",UPPER(LEFT($C$3,1)&"-"&LEFT($C$4,1)&"-"&TEXT(ROW(B40),"000")&"-"&TEXT(C47,"dd-mm"))) -> --040-26-04 | Y47: =TRIM(SUBSTITUTE(SUBSTITUTE(OFFSET($Q47,0,COLUMN()-COLUMN($AL$1)),CHAR(160)," "),_xludf.UNICHAR(8239)," ")) -> #NAME? | Z47: =TRIM(SUBSTITUTE(SUBSTITUTE(OFFSET($Q47,0,COLUMN()-COLUMN($AL$1)),CHAR(160)," "),_xludf.UNICHAR(8239)," ")) -> #NAME? | AA47: =TRIM(SUBSTITUTE(SUBSTITUTE(OFFSET($Q47,0,COLUMN()-COLUMN($AL$1)),CHAR(160)," "),_xludf.UNICHAR(8239)," ")) -> #NAME? | AB47: =TRIM(SUBSTITUTE(SUBSTITUTE(OFFSET($Q47,0,COLUMN()-COLUMN($AL$1)),CHAR(160)," "),_xludf.UNICHAR(8239)," ")) -> #NAME? | AC47: =TRIM(SUBSTITUTE(SUBSTITUTE(OFFSET($Q47,0,COLUMN()-COLUMN($AL$1)),CHAR(160)," "),_xludf.UNICHAR(8239)," ")) -> #NAME? | AD47: =IF($E47="",0,--(COUNTIFS($E:$E,$E47,$C:$C,">"&$C47)+COUNTIFS($E$8:E47,$E47,$C$8:C47,$C47)=1)) -> 1 | AE47: =IF($C47="","",TEXT($C47,"yyyy-mm")) -> 2026-04 | AF47: =IF(OR($E47="",$AE47=""),0,IF(COUNTIFS($E$8:E47,$E47,$AE$8:AE47,$AE47)=1,1,0)) -> 1 | AG47: =IF($E47="",0,IF(COUNTIF($E$8:E47,$E47)=1,1,0)) -> 1
A48: 41 | B48: زهير عمر عمر اسليم | C48: 2026-04-26 | E48: 407931153 | F48: 2002-03-01 | G48: 24 | H48: 19-60 | I48: Female | J48: female | K48: 598419352 | L48: Alnussirat | M48: N/A | N48: No | P48: Displaced | Q48: FM- CD | S48: Dressing | X48: =IF(E48="","",UPPER(LEFT($C$3,1)&"-"&LEFT($C$4,1)&"-"&TEXT(ROW(B41),"000")&"-"&TEXT(C48,"dd-mm"))) -> --041-26-04 | Y48: =TRIM(SUBSTITUTE(SUBSTITUTE(OFFSET($Q48,0,COLUMN()-COLUMN($AL$1)),CHAR(160)," "),_xludf.UNICHAR(8239)," ")) -> #NAME? | Z48: =TRIM(SUBSTITUTE(SUBSTITUTE(OFFSET($Q48,0,COLUMN()-COLUMN($AL$1)),CHAR(160)," "),_xludf.UNICHAR(8239)," ")) -> #NAME? | AA48: =TRIM(SUBSTITUTE(SUBSTITUTE(OFFSET($Q48,0,COLUMN()-COLUMN($AL$1)),CHAR(160)," "),_xludf.UNICHAR(8239)," ")) -> #NAME? | AB48: =TRIM(SUBSTITUTE(SUBSTITUTE(OFFSET($Q48,0,COLUMN()-COLUMN($AL$1)),CHAR(160)," "),_xludf.UNICHAR(8239)," ")) -> #NAME? | AC48: =TRIM(SUBSTITUTE(SUBSTITUTE(OFFSET($Q48,0,COLUMN()-COLUMN($AL$1)),CHAR(160)," "),_xludf.UNICHAR(8239)," ")) -> #NAME? | AD48: =IF($E48="",0,--(COUNTIFS($E:$E,$E48,$C:$C,">"&$C48)+COUNTIFS($E$8:E48,$E48,$C$8:C48,$C48)=1)) -> 1 | AE48: =IF($C48="","",TEXT($C48,"yyyy-mm")) -> 2026-04 | AF48: =IF(OR($E48="",$AE48=""),0,IF(COUNTIFS($E$8:E48,$E48,$AE$8:AE48,$AE48)=1,1,0)) -> 1 | AG48: =IF($E48="",0,IF(COUNTIF($E$8:E48,$E48)=1,1,0)) -> 1
A49: 42 | B49: محمد نوفل بدوي الشويخ | C49: 2026-04-26 | E49: 800033565 | F49: 1983-04-02 | G49: 43 | H49: 19-60 | I49: Male | J49: male | K49: 598282842 | L49: Alnussirat | M49: Married | N49: No | P49: Displaced | Q49: FM- CD | X49: =IF(E49="","",UPPER(LEFT($C$3,1)&"-"&LEFT($C$4,1)&"-"&TEXT(ROW(B42),"000")&"-"&TEXT(C49,"dd-mm"))) -> --042-26-04 | Y49: =TRIM(SUBSTITUTE(SUBSTITUTE(OFFSET($Q49,0,COLUMN()-COLUMN($AL$1)),CHAR(160)," "),_xludf.UNICHAR(8239)," ")) -> #NAME? | Z49: =TRIM(SUBSTITUTE(SUBSTITUTE(OFFSET($Q49,0,COLUMN()-COLUMN($AL$1)),CHAR(160)," "),_xludf.UNICHAR(8239)," ")) -> #NAME? | AA49: =TRIM(SUBSTITUTE(SUBSTITUTE(OFFSET($Q49,0,COLUMN()-COLUMN($AL$1)),CHAR(160)," "),_xludf.UNICHAR(8239)," ")) -> #NAME? | AB49: =TRIM(SUBSTITUTE(SUBSTITUTE(OFFSET($Q49,0,COLUMN()-COLUMN($AL$1)),CHAR(160)," "),_xludf.UNICHAR(8239)," ")) -> #NAME? | AC49: =TRIM(SUBSTITUTE(SUBSTITUTE(OFFSET($Q49,0,COLUMN()-COLUMN($AL$1)),CHAR(160)," "),_xludf.UNICHAR(8239)," ")) -> #NAME? | AD49: =IF($E49="",0,--(COUNTIFS($E:$E,$E49,$C:$C,">"&$C49)+COUNTIFS($E$8:E49,$E49,$C$8:C49,$C49)=1)) -> 1 | AE49: =IF($C49="","",TEXT($C49,"yyyy-mm")) -> 2026-04 | AF49: =IF(OR($E49="",$AE49=""),0,IF(COUNTIFS($E$8:E49,$E49,$AE$8:AE49,$AE49)=1,1,0)) -> 1 | AG49: =IF($E49="",0,IF(COUNTIF($E$8:E49,$E49)=1,1,0)) -> 1
A50: 43 | B50: مجدي فضل اسماعيل ظاهر | C50: 2026-04-26 | E50: 945876381 | F50: 1963-06-02 | G50: 62 | H50: +60 | I50: Male | J50: male | K50: 59288876 | L50: Alnussirat | M50: Married | N50: No | P50: Displaced | Q50: FM- CD | X50: =IF(E50="","",UPPER(LEFT($C$3,1)&"-"&LEFT($C$4,1)&"-"&TEXT(ROW(B43),"000")&"-"&TEXT(C50,"dd-mm"))) -> --043-26-04 | Y50: =TRIM(SUBSTITUTE(SUBSTITUTE(OFFSET($Q50,0,COLUMN()-COLUMN($AL$1)),CHAR(160)," "),_xludf.UNICHAR(8239)," ")) -> #NAME? | Z50: =TRIM(SUBSTITUTE(SUBSTITUTE(OFFSET($Q50,0,COLUMN()-COLUMN($AL$1)),CHAR(160)," "),_xludf.UNICHAR(8239)," ")) -> #NAME? | AA50: =TRIM(SUBSTITUTE(SUBSTITUTE(OFFSET($Q50,0,COLUMN()-COLUMN($AL$1)),CHAR(160)," "),_xludf.UNICHAR(8239)," ")) -> #NAME? | AB50: =TRIM(SUBSTITUTE(SUBSTITUTE(OFFSET($Q50,0,COLUMN()-COLUMN($AL$1)),CHAR(160)," "),_xludf.UNICHAR(8239)," ")) -> #NAME? | AC50: =TRIM(SUBSTITUTE(SUBSTITUTE(OFFSET($Q50,0,COLUMN()-COLUMN($AL$1)),CHAR(160)," "),_xludf.UNICHAR(8239)," ")) -> #NAME? | AD50: =IF($E50="",0,--(COUNTIFS($E:$E,$E50,$C:$C,">"&$C50)+COUNTIFS($E$8:E50,$E50,$C$8:C50,$C50)=1)) -> 1 | AE50: =IF($C50="","",TEXT($C50,"yyyy-mm")) -> 2026-04 | AF50: =IF(OR($E50="",$AE50=""),0,IF(COUNTIFS($E$8:E50,$E50,$AE$8:AE50,$AE50)=1,1,0)) -> 1 | AG50: =IF($E50="",0,IF(COUNTIF($E$8:E50,$E50)=1,1,0)) -> 1
A51: 44 | B51: هنا سامي دياب عياد | C51: 2026-04-26 | E51: 402219216 | F51: 1997-12-24 | G51: 29 | H51: 19-60 | I51: Female | J51: female | K51: 599989611 | L51: Alnussirat | M51: Married | N51: No | P51: Displaced | Q51: FM- CD | X51: =IF(E51="","",UPPER(LEFT($C$3,1)&"-"&LEFT($C$4,1)&"-"&TEXT(ROW(B44),"000")&"-"&TEXT(C51,"dd-mm"))) -> --044-26-04 | Y51: =TRIM(SUBSTITUTE(SUBSTITUTE(OFFSET($Q51,0,COLUMN()-COLUMN($AL$1)),CHAR(160)," "),_xludf.UNICHAR(8239)," ")) -> #NAME? | Z51: =TRIM(SUBSTITUTE(SUBSTITUTE(OFFSET($Q51,0,COLUMN()-COLUMN($AL$1)),CHAR(160)," "),_xludf.UNICHAR(8239)," ")) -> #NAME? | AA51: =TRIM(SUBSTITUTE(SUBSTITUTE(OFFSET($Q51,0,COLUMN()-COLUMN($AL$1)),CHAR(160)," "),_xludf.UNICHAR(8239)," ")) -> #NAME? | AB51: =TRIM(SUBSTITUTE(SUBSTITUTE(OFFSET($Q51,0,COLUMN()-COLUMN($AL$1)),CHAR(160)," "),_xludf.UNICHAR(8239)," ")) -> #NAME? | AC51: =TRIM(SUBSTITUTE(SUBSTITUTE(OFFSET($Q51,0,COLUMN()-COLUMN($AL$1)),CHAR(160)," "),_xludf.UNICHAR(8239)," ")) -> #NAME? | AD51: =IF($E51="",0,--(COUNTIFS($E:$E,$E51,$C:$C,">"&$C51)+COUNTIFS($E$8:E51,$E51,$C$8:C51,$C51)=1)) -> 1 | AE51: =IF($C51="","",TEXT($C51,"yyyy-mm")) -> 2026-04 | AF51: =IF(OR($E51="",$AE51=""),0,IF(COUNTIFS($E$8:E51,$E51,$AE$8:AE51,$AE51)=1,1,0)) -> 1 | AG51: =IF($E51="",0,IF(COUNTIF($E$8:E51,$E51)=1,1,0)) -> 1
A52: 45 | B52: موسى محمد البيرسك | C52: 2026-04-26 | E52: 951571694 | F52: 1961-03-18 | G52: 65 | H52: +60 | I52: Male | J52: male | K52: 592574954 | L52: Alnussirat | M52: Married | N52: No | P52: Displaced | Q52: FM- NCD | X52: =IF(E52="","",UPPER(LEFT($C$3,1)&"-"&LEFT($C$4,1)&"-"&TEXT(ROW(B45),"000")&"-"&TEXT(C52,"dd-mm"))) -> --045-26-04 | Y52: =TRIM(SUBSTITUTE(SUBSTITUTE(OFFSET($Q52,0,COLUMN()-COLUMN($AL$1)),CHAR(160)," "),_xludf.UNICHAR(8239)," ")) -> #NAME? | Z52: =TRIM(SUBSTITUTE(SUBSTITUTE(OFFSET($Q52,0,COLUMN()-COLUMN($AL$1)),CHAR(160)," "),_xludf.UNICHAR(8239)," ")) -> #NAME? | AA52: =TRIM(SUBSTITUTE(SUBSTITUTE(OFFSET($Q52,0,COLUMN()-COLUMN($AL$1)),CHAR(160)," "),_xludf.UNICHAR(8239)," ")) -> #NAME? | AB52: =TRIM(SUBSTITUTE(SUBSTITUTE(OFFSET($Q52,0,COLUMN()-COLUMN($AL$1)),CHAR(160)," "),_xludf.UNICHAR(8239)," ")) -> #NAME? | AC52: =TRIM(SUBSTITUTE(SUBSTITUTE(OFFSET($Q52,0,COLUMN()-COLUMN($AL$1)),CHAR(160)," "),_xludf.UNICHAR(8239)," ")) -> #NAME? | AD52: =IF($E52="",0,--(COUNTIFS($E:$E,$E52,$C:$C,">"&$C52)+COUNTIFS($E$8:E52,$E52,$C$8:C52,$C52)=1)) -> 1 | AE52: =IF($C52="","",TEXT($C52,"yyyy-mm")) -> 2026-04 | AF52: =IF(OR($E52="",$AE52=""),0,IF(COUNTIFS($E$8:E52,$E52,$AE$8:AE52,$AE52)=1,1,0)) -> 1 | AG52: =IF($E52="",0,IF(COUNTIF($E$8:E52,$E52)=1,1,0)) -> 1
A53: 46 | B53: اماني عطا محمد أبو راشد | C53: 2026-04-26 | E53: 803549559 | F53: 1992-11-01 | G53: 33 | H53: 19-60 | I53: Female | J53: female | K53: 597103861 | L53: Alnussirat | M53: Married | N53: No | P53: Displaced | R53: ANC | U53: Screening | X53: =IF(E53="","",UPPER(LEFT($C$3,1)&"-"&LEFT($C$4,1)&"-"&TEXT(ROW(B46),"000")&"-"&TEXT(C53,"dd-mm"))) -> --046-26-04 | Y53: =TRIM(SUBSTITUTE(SUBSTITUTE(OFFSET($Q53,0,COLUMN()-COLUMN($AL$1)),CHAR(160)," "),_xludf.UNICHAR(8239)," ")) -> #NAME? | Z53: =TRIM(SUBSTITUTE(SUBSTITUTE(OFFSET($Q53,0,COLUMN()-COLUMN($AL$1)),CHAR(160)," "),_xludf.UNICHAR(8239)," ")) -> #NAME? | AA53: =TRIM(SUBSTITUTE(SUBSTITUTE(OFFSET($Q53,0,COLUMN()-COLUMN($AL$1)),CHAR(160)," "),_xludf.UNICHAR(8239)," ")) -> #NAME? | AB53: =TRIM(SUBSTITUTE(SUBSTITUTE(OFFSET($Q53,0,COLUMN()-COLUMN($AL$1)),CHAR(160)," "),_xludf.UNICHAR(8239)," ")) -> #NAME? | AC53: =TRIM(SUBSTITUTE(SUBSTITUTE(OFFSET($Q53,0,COLUMN()-COLUMN($AL$1)),CHAR(160)," "),_xludf.UNICHAR(8239)," ")) -> #NAME? | AD53: =IF($E53="",0,--(COUNTIFS($E:$E,$E53,$C:$C,">"&$C53)+COUNTIFS($E$8:E53,$E53,$C$8:C53,$C53)=1)) -> 1 | AE53: =IF($C53="","",TEXT($C53,"yyyy-mm")) -> 2026-04 | AF53: =IF(OR($E53="",$AE53=""),0,IF(COUNTIFS($E$8:E53,$E53,$AE$8:AE53,$AE53)=1,1,0)) -> 1 | AG53: =IF($E53="",0,IF(COUNTIF($E$8:E53,$E53)=1,1,0)) -> 1
A54: 47 | B54: ديما ياسر حسن عاشور | C54: 2026-04-26 | E54: 424058295 | F54: 2025-08-07 | G54: 1 | H54: 0-5 | I54: Female | J54: female | K54: 592230218 | L54: Alnussirat | M54: Married | N54: No | P54: Displaced | Q54: FM- NCD | X54: =IF(E54="","",UPPER(LEFT($C$3,1)&"-"&LEFT($C$4,1)&"-"&TEXT(ROW(B47),"000")&"-"&TEXT(C54,"dd-mm"))) -> --047-26-04 | Y54: =TRIM(SUBSTITUTE(SUBSTITUTE(OFFSET($Q54,0,COLUMN()-COLUMN($AL$1)),CHAR(160)," "),_xludf.UNICHAR(8239)," ")) -> #NAME? | Z54: =TRIM(SUBSTITUTE(SUBSTITUTE(OFFSET($Q54,0,COLUMN()-COLUMN($AL$1)),CHAR(160)," "),_xludf.UNICHAR(8239)," ")) -> #NAME? | AA54: =TRIM(SUBSTITUTE(SUBSTITUTE(OFFSET($Q54,0,COLUMN()-COLUMN($AL$1)),CHAR(160)," "),_xludf.UNICHAR(8239)," ")) -> #NAME? | AB54: =TRIM(SUBSTITUTE(SUBSTITUTE(OFFSET($Q54,0,COLUMN()-COLUMN($AL$1)),CHAR(160)," "),_xludf.UNICHAR(8239)," ")) -> #NAME? | AC54: =TRIM(SUBSTITUTE(SUBSTITUTE(OFFSET($Q54,0,COLUMN()-COLUMN($AL$1)),CHAR(160)," "),_xludf.UNICHAR(8239)," ")) -> #NAME? | AD54: =IF($E54="",0,--(COUNTIFS($E:$E,$E54,$C:$C,">"&$C54)+COUNTIFS($E$8:E54,$E54,$C$8:C54,$C54)=1)) -> 1 | AE54: =IF($C54="","",TEXT($C54,"yyyy-mm")) -> 2026-04 | AF54: =IF(OR($E54="",$AE54=""),0,IF(COUNTIFS($E$8:E54,$E54,$AE$8:AE54,$AE54)=1,1,0)) -> 1 | AG54: =IF($E54="",0,IF(COUNTIF($E$8:E54,$E54)=1,1,0)) -> 1
A55: 48 | B55: اسلام ماهر عبد حسنين | C55: 2026-04-26 | E55: 803605088 | F55: 1993-07-12 | G55: 32 | H55: 19-60 | I55: Female | J55: female | K55: 599530633 | L55: Alnussirat | M55: Married | N55: No | P55: Displaced | R55: ANC | U55: Screening | X55: =IF(E55="","",UPPER(LEFT($C$3,1)&"-"&LEFT($C$4,1)&"-"&TEXT(ROW(B48),"000")&"-"&TEXT(C55,"dd-mm"))) -> --048-26-04 | Y55: =TRIM(SUBSTITUTE(SUBSTITUTE(OFFSET($Q55,0,COLUMN()-COLUMN($AL$1)),CHAR(160)," "),_xludf.UNICHAR(8239)," ")) -> #NAME? | Z55: =TRIM(SUBSTITUTE(SUBSTITUTE(OFFSET($Q55,0,COLUMN()-COLUMN($AL$1)),CHAR(160)," "),_xludf.UNICHAR(8239)," ")) -> #NAME? | AA55: =TRIM(SUBSTITUTE(SUBSTITUTE(OFFSET($Q55,0,COLUMN()-COLUMN($AL$1)),CHAR(160)," "),_xludf.UNICHAR(8239)," ")) -> #NAME? | AB55: =TRIM(SUBSTITUTE(SUBSTITUTE(OFFSET($Q55,0,COLUMN()-COLUMN($AL$1)),CHAR(160)," "),_xludf.UNICHAR(8239)," ")) -> #NAME? | AC55: =TRIM(SUBSTITUTE(SUBSTITUTE(OFFSET($Q55,0,COLUMN()-COLUMN($AL$1)),CHAR(160)," "),_xludf.UNICHAR(8239)," ")) -> #NAME? | AD55: =IF($E55="",0,--(COUNTIFS($E:$E,$E55,$C:$C,">"&$C55)+COUNTIFS($E$8:E55,$E55,$C$8:C55,$C55)=1)) -> 1 | AE55: =IF($C55="","",TEXT($C55,"yyyy-mm")) -> 2026-04 | AF55: =IF(OR($E55="",$AE55=""),0,IF(COUNTIFS($E$8:E55,$E55,$AE$8:AE55,$AE55)=1,1,0)) -> 1 | AG55: =IF($E55="",0,IF(COUNTIF($E$8:E55,$E55)=1,1,0)) -> 1
A56: 49 | B56: نواف علي عميرة ابو عوض | C56: 2026-04-26 | E56: 939337754 | F56: 1959-10-31 | G56: 66 | H56: +60 | I56: Male | J56: male | K56: 598681353 | L56: Alnussirat | M56: Married | N56: No | P56: Displaced | Q56: FM- NCD | X56: =IF(E56="","",UPPER(LEFT($C$3,1)&"-"&LEFT($C$4,1)&"-"&TEXT(ROW(B49),"000")&"-"&TEXT(C56,"dd-mm"))) -> --049-26-04 | Y56: =TRIM(SUBSTITUTE(SUBSTITUTE(OFFSET($Q56,0,COLUMN()-COLUMN($AL$1)),CHAR(160)," "),_xludf.UNICHAR(8239)," ")) -> #NAME? | Z56: =TRIM(SUBSTITUTE(SUBSTITUTE(OFFSET($Q56,0,COLUMN()-COLUMN($AL$1)),CHAR(160)," "),_xludf.UNICHAR(8239)," ")) -> #NAME? | AA56: =TRIM(SUBSTITUTE(SUBSTITUTE(OFFSET($Q56,0,COLUMN()-COLUMN($AL$1)),CHAR(160)," "),_xludf.UNICHAR(8239)," ")) -> #NAME? | AB56: =TRIM(SUBSTITUTE(SUBSTITUTE(OFFSET($Q56,0,COLUMN()-COLUMN($AL$1)),CHAR(160)," "),_xludf.UNICHAR(8239)," ")) -> #NAME? | AC56: =TRIM(SUBSTITUTE(SUBSTITUTE(OFFSET($Q56,0,COLUMN()-COLUMN($AL$1)),CHAR(160)," "),_xludf.UNICHAR(8239)," ")) -> #NAME? | AD56: =IF($E56="",0,--(COUNTIFS($E:$E,$E56,$C:$C,">"&$C56)+COUNTIFS($E$8:E56,$E56,$C$8:C56,$C56)=1)) -> 1 | AE56: =IF($C56="","",TEXT($C56,"yyyy-mm")) -> 2026-04 | AF56: =IF(OR($E56="",$AE56=""),0,IF(COUNTIFS($E$8:E56,$E56,$AE$8:AE56,$AE56)=1,1,0)) -> 1 | AG56: =IF($E56="",0,IF(COUNTIF($E$8:E56,$E56)=1,1,0)) -> 1
A57: 50 | B57: ناهد نواف عبد الرحمان السيد | C57: 2026-04-26 | E57: 906611397 | F57: 1982-09-13 | G57: 43 | H57: 19-60 | I57: Female | J57: female | K57: 599744984 | L57: Alnussirat | M57: Married | N57: No | P57: Displaced | Q57: FM- CD | X57: =IF(E57="","",UPPER(LEFT($C$3,1)&"-"&LEFT($C$4,1)&"-"&TEXT(ROW(B50),"000")&"-"&TEXT(C57,"dd-mm"))) -> --050-26-04 | Y57: =TRIM(SUBSTITUTE(SUBSTITUTE(OFFSET($Q57,0,COLUMN()-COLUMN($AL$1)),CHAR(160)," "),_xludf.UNICHAR(8239)," ")) -> #NAME? | Z57: =TRIM(SUBSTITUTE(SUBSTITUTE(OFFSET($Q57,0,COLUMN()-COLUMN($AL$1)),CHAR(160)," "),_xludf.UNICHAR(8239)," ")) -> #NAME? | AA57: =TRIM(SUBSTITUTE(SUBSTITUTE(OFFSET($Q57,0,COLUMN()-COLUMN($AL$1)),CHAR(160)," "),_xludf.UNICHAR(8239)," ")) -> #NAME? | AB57: =TRIM(SUBSTITUTE(SUBSTITUTE(OFFSET($Q57,0,COLUMN()-COLUMN($AL$1)),CHAR(160)," "),_xludf.UNICHAR(8239)," ")) -> #NAME? | AC57: =TRIM(SUBSTITUTE(SUBSTITUTE(OFFSET($Q57,0,COLUMN()-COLUMN($AL$1)),CHAR(160)," "),_xludf.UNICHAR(8239)," ")) -> #NAME? | AD57: =IF($E57="",0,--(COUNTIFS($E:$E,$E57,$C:$C,">"&$C57)+COUNTIFS($E$8:E57,$E57,$C$8:C57,$C57)=1)) -> 1 | AE57: =IF($C57="","",TEXT($C57,"yyyy-mm")) -> 2026-04 | AF57: =IF(OR($E57="",$AE57=""),0,IF(COUNTIFS($E$8:E57,$E57,$AE$8:AE57,$AE57)=1,1,0)) -> 1 | AG57: =IF($E57="",0,IF(COUNTIF($E$8:E57,$E57)=1,1,0)) -> 1
A58: 51 | B58: سماح حسن المدهون | C58: 2026-04-26 | E58: 901680348 | F58: 1978-06-11 | G58: 47 | H58: 19-60 | I58: Female | J58: female | K58: 599930680 | L58: Alnussirat | M58: Married | N58: No | P58: Displaced | Q58: FM- NCD | X58: =IF(E58="","",UPPER(LEFT($C$3,1)&"-"&LEFT($C$4,1)&"-"&TEXT(ROW(B51),"000")&"-"&TEXT(C58,"dd-mm"))) -> --051-26-04 | Y58: =TRIM(SUBSTITUTE(SUBSTITUTE(OFFSET($Q58,0,COLUMN()-COLUMN($AL$1)),CHAR(160)," "),_xludf.UNICHAR(8239)," ")) -> #NAME? | Z58: =TRIM(SUBSTITUTE(SUBSTITUTE(OFFSET($Q58,0,COLUMN()-COLUMN($AL$1)),CHAR(160)," "),_xludf.UNICHAR(8239)," ")) -> #NAME? | AA58: =TRIM(SUBSTITUTE(SUBSTITUTE(OFFSET($Q58,0,COLUMN()-COLUMN($AL$1)),CHAR(160)," "),_xludf.UNICHAR(8239)," ")) -> #NAME? | AB58: =TRIM(SUBSTITUTE(SUBSTITUTE(OFFSET($Q58,0,COLUMN()-COLUMN($AL$1)),CHAR(160)," "),_xludf.UNICHAR(8239)," ")) -> #NAME? | AC58: =TRIM(SUBSTITUTE(SUBSTITUTE(OFFSET($Q58,0,COLUMN()-COLUMN($AL$1)),CHAR(160)," "),_xludf.UNICHAR(8239)," ")) -> #NAME? | AD58: =IF($E58="",0,--(COUNTIFS($E:$E,$E58,$C:$C,">"&$C58)+COUNTIFS($E$8:E58,$E58,$C$8:C58,$C58)=1)) -> 1 | AE58: =IF($C58="","",TEXT($C58,"yyyy-mm")) -> 2026-04 | AF58: =IF(OR($E58="",$AE58=""),0,IF(COUNTIFS($E$8:E58,$E58,$AE$8:AE58,$AE58)=1,1,0)) -> 1 | AG58: =IF($E58="",0,IF(COUNTIF($E$8:E58,$E58)=1,1,0)) -> 1
A59: 52 | B59: ايمان علي سلمان دردس | C59: 2026-04-26 | E59: 901474882 | F59: 1978-07-14 | G59: 47 | H59: 19-60 | I59: Female | J59: female | K59: 593660450 | L59: Alnussirat | M59: Married | N59: No | P59: Displaced | Q59: FM- NCD | X59: =IF(E59="","",UPPER(LEFT($C$3,1)&"-"&LEFT($C$4,1)&"-"&TEXT(ROW(B52),"000")&"-"&TEXT(C59,"dd-mm"))) -> --052-26-04 | Y59: =TRIM(SUBSTITUTE(SUBSTITUTE(OFFSET($Q59,0,COLUMN()-COLUMN($AL$1)),CHAR(160)," "),_xludf.UNICHAR(8239)," ")) -> #NAME? | Z59: =TRIM(SUBSTITUTE(SUBSTITUTE(OFFSET($Q59,0,COLUMN()-COLUMN($AL$1)),CHAR(160)," "),_xludf.UNICHAR(8239)," ")) -> #NAME? | AA59: =TRIM(SUBSTITUTE(SUBSTITUTE(OFFSET($Q59,0,COLUMN()-COLUMN($AL$1)),CHAR(160)," "),_xludf.UNICHAR(8239)," ")) -> #NAME? | AB59: =TRIM(SUBSTITUTE(SUBSTITUTE(OFFSET($Q59,0,COLUMN()-COLUMN($AL$1)),CHAR(160)," "),_xludf.UNICHAR(8239)," ")) -> #NAME? | AC59: =TRIM(SUBSTITUTE(SUBSTITUTE(OFFSET($Q59,0,COLUMN()-COLUMN($AL$1)),CHAR(160)," "),_xludf.UNICHAR(8239)," ")) -> #NAME? | AD59: =IF($E59="",0,--(COUNTIFS($E:$E,$E59,$C:$C,">"&$C59)+COUNTIFS($E$8:E59,$E59,$C$8:C59,$C59)=1)) -> 1 | AE59: =IF($C59="","",TEXT($C59,"yyyy-mm")) -> 2026-04 | AF59: =IF(OR($E59="",$AE59=""),0,IF(COUNTIFS($E$8:E59,$E59,$AE$8:AE59,$AE59)=1,1,0)) -> 1 | AG59: =IF($E59="",0,IF(COUNTIF($E$8:E59,$E59)=1,1,0)) -> 1
A60: 53 | B60: غادة بلال ناهض ابو عمشة | C60: 2026-04-26 | E60: 444061238 | F60: 2022-07-11 | G60: 3 | H60: 0-5 | I60: Female | J60: female | K60: 593660450 | L60: Alnussirat | M60: N/A | N60: No | P60: Displaced | Q60: FM- NCD | X60: =IF(E60="","",UPPER(LEFT($C$3,1)&"-"&LEFT($C$4,1)&"-"&TEXT(ROW(B53),"000")&"-"&TEXT(C60,"dd-mm"))) -> --053-26-04 | Y60: =TRIM(SUBSTITUTE(SUBSTITUTE(OFFSET($Q60,0,COLUMN()-COLUMN($AL$1)),CHAR(160)," "),_xludf.UNICHAR(8239)," ")) -> #NAME? | Z60: =TRIM(SUBSTITUTE(SUBSTITUTE(OFFSET($Q60,0,COLUMN()-COLUMN($AL$1)),CHAR(160)," "),_xludf.UNICHAR(8239)," ")) -> #NAME? | AA60: =TRIM(SUBSTITUTE(SUBSTITUTE(OFFSET($Q60,0,COLUMN()-COLUMN($AL$1)),CHAR(160)," "),_xludf.UNICHAR(8239)," ")) -> #NAME? | AB60: =TRIM(SUBSTITUTE(SUBSTITUTE(OFFSET($Q60,0,COLUMN()-COLUMN($AL$1)),CHAR(160)," "),_xludf.UNICHAR(8239)," ")) -> #NAME? | AC60: =TRIM(SUBSTITUTE(SUBSTITUTE(OFFSET($Q60,0,COLUMN()-COLUMN($AL$1)),CHAR(160)," "),_xludf.UNICHAR(8239)," ")) -> #NAME? | AD60: =IF($E60="",0,--(COUNTIFS($E:$E,$E60,$C:$C,">"&$C60)+COUNTIFS($E$8:E60,$E60,$C$8:C60,$C60)=1)) -> 1 | AE60: =IF($C60="","",TEXT($C60,"yyyy-mm")) -> 2026-04 | AF60: =IF(OR($E60="",$AE60=""),0,IF(COUNTIFS($E$8:E60,$E60,$AE$8:AE60,$AE60)=1,1,0)) -> 1 | AG60: =IF($E60="",0,IF(COUNTIF($E$8:E60,$E60)=1,1,0)) -> 1
A61: 54 | B61: ميادة سامي محمد حسان | C61: 2026-04-26 | E61: 407857861 | F61: 2002-04-02 | G61: 24 | H61: 19-60 | I61: Female | J61: female | K61: 592144268 | L61: Alnussirat | M61: Married | N61: No | P61: Displaced | R61: GYN | X61: =IF(E61="","",UPPER(LEFT($C$3,1)&"-"&LEFT($C$4,1)&"-"&TEXT(ROW(B54),"000")&"-"&TEXT(C61,"dd-mm"))) -> --054-26-04 | Y61: =TRIM(SUBSTITUTE(SUBSTITUTE(OFFSET($Q61,0,COLUMN()-COLUMN($AL$1)),CHAR(160)," "),_xludf.UNICHAR(8239)," ")) -> #NAME? | Z61: =TRIM(SUBSTITUTE(SUBSTITUTE(OFFSET($Q61,0,COLUMN()-COLUMN($AL$1)),CHAR(160)," "),_xludf.UNICHAR(8239)," ")) -> #NAME? | AA61: =TRIM(SUBSTITUTE(SUBSTITUTE(OFFSET($Q61,0,COLUMN()-COLUMN($AL$1)),CHAR(160)," "),_xludf.UNICHAR(8239)," ")) -> #NAME? | AB61: =TRIM(SUBSTITUTE(SUBSTITUTE(OFFSET($Q61,0,COLUMN()-COLUMN($AL$1)),CHAR(160)," "),_xludf.UNICHAR(8239)," ")) -> #NAME? | AC61: =TRIM(SUBSTITUTE(SUBSTITUTE(OFFSET($Q61,0,COLUMN()-COLUMN($AL$1)),CHAR(160)," "),_xludf.UNICHAR(8239)," ")) -> #NAME? | AD61: =IF($E61="",0,--(COUNTIFS($E:$E,$E61,$C:$C,">"&$C61)+COUNTIFS($E$8:E61,$E61,$C$8:C61,$C61)=1)) -> 1 | AE61: =IF($C61="","",TEXT($C61,"yyyy-mm")) -> 2026-04 | AF61: =IF(OR($E61="",$AE61=""),0,IF(COUNTIFS($E$8:E61,$E61,$AE$8:AE61,$AE61)=1,1,0)) -> 1 | AG61: =IF($E61="",0,IF(COUNTIF($E$8:E61,$E61)=1,1,0)) -> 1
A62: 55 | B62: ندى سامي محمد حسان | C62: 2026-04-26 | E62: 421407628 | F62: 2006-04-07 | G62: 20 | H62: 19-60 | I62: Female | J62: female | K62: 592144208 | M62: Single | N62: No | P62: Displaced | Q62: FM- CD | X62: =IF(E62="","",UPPER(LEFT($C$3,1)&"-"&LEFT($C$4,1)&"-"&TEXT(ROW(B55),"000")&"-"&TEXT(C62,"dd-mm"))) -> --055-26-04 | Y62: =TRIM(SUBSTITUTE(SUBSTITUTE(OFFSET($Q62,0,COLUMN()-COLUMN($AL$1)),CHAR(160)," "),_xludf.UNICHAR(8239)," ")) -> #NAME? | Z62: =TRIM(SUBSTITUTE(SUBSTITUTE(OFFSET($Q62,0,COLUMN()-COLUMN($AL$1)),CHAR(160)," "),_xludf.UNICHAR(8239)," ")) -> #NAME? | AA62: =TRIM(SUBSTITUTE(SUBSTITUTE(OFFSET($Q62,0,COLUMN()-COLUMN($AL$1)),CHAR(160)," "),_xludf.UNICHAR(8239)," ")) -> #NAME? | AB62: =TRIM(SUBSTITUTE(SUBSTITUTE(OFFSET($Q62,0,COLUMN()-COLUMN($AL$1)),CHAR(160)," "),_xludf.UNICHAR(8239)," ")) -> #NAME? | AC62: =TRIM(SUBSTITUTE(SUBSTITUTE(OFFSET($Q62,0,COLUMN()-COLUMN($AL$1)),CHAR(160)," "),_xludf.UNICHAR(8239)," ")) -> #NAME? | AD62: =IF($E62="",0,--(COUNTIFS($E:$E,$E62,$C:$C,">"&$C62)+COUNTIFS($E$8:E62,$E62,$C$8:C62,$C62)=1)) -> 1 | AE62: =IF($C62="","",TEXT($C62,"yyyy-mm")) -> 2026-04 | AF62: =IF(OR($E62="",$AE62=""),0,IF(COUNTIFS($E$8:E62,$E62,$AE$8:AE62,$AE62)=1,1,0)) -> 1 | AG62: =IF($E62="",0,IF(COUNTIF($E$8:E62,$E62)=1,1,0)) -> 1
A63: 56 | B63: موسى حسام محمد ابو حسني | C63: 2026-04-26 | E63: 444153647 | F63: 2024-05-07 | G63: 1 | H63: 0-5 | I63: Female | J63: female | K63: 592629418 | L63: Alnussirat | M63: N/A | N63: No | P63: Displaced | Q63: FM- CD | X63: =IF(E63="","",UPPER(LEFT($C$3,1)&"-"&LEFT($C$4,1)&"-"&TEXT(ROW(B56),"000")&"-"&TEXT(C63,"dd-mm"))) -> --056-26-04 | Y63: =TRIM(SUBSTITUTE(SUBSTITUTE(OFFSET($Q63,0,COLUMN()-COLUMN($AL$1)),CHAR(160)," "),_xludf.UNICHAR(8239)," ")) -> #NAME? | Z63: =TRIM(SUBSTITUTE(SUBSTITUTE(OFFSET($Q63,0,COLUMN()-COLUMN($AL$1)),CHAR(160)," "),_xludf.UNICHAR(8239)," ")) -> #NAME? | AA63: =TRIM(SUBSTITUTE(SUBSTITUTE(OFFSET($Q63,0,COLUMN()-COLUMN($AL$1)),CHAR(160)," "),_xludf.UNICHAR(8239)," ")) -> #NAME? | AB63: =TRIM(SUBSTITUTE(SUBSTITUTE(OFFSET($Q63,0,COLUMN()-COLUMN($AL$1)),CHAR(160)," "),_xludf.UNICHAR(8239)," ")) -> #NAME? | AC63: =TRIM(SUBSTITUTE(SUBSTITUTE(OFFSET($Q63,0,COLUMN()-COLUMN($AL$1)),CHAR(160)," "),_xludf.UNICHAR(8239)," ")) -> #NAME? | AD63: =IF($E63="",0,--(COUNTIFS($E:$E,$E63,$C:$C,">"&$C63)+COUNTIFS($E$8:E63,$E63,$C$8:C63,$C63)=1)) -> 1 | AE63: =IF($C63="","",TEXT($C63,"yyyy-mm")) -> 2026-04 | AF63: =IF(OR($E63="",$AE63=""),0,IF(COUNTIFS($E$8:E63,$E63,$AE$8:AE63,$AE63)=1,1,0)) -> 1 | AG63: =IF($E63="",0,IF(COUNTIF($E$8:E63,$E63)=1,1,0)) -> 1
A64: 57 | B64: تحرير خالد حمد ابو صليح | C64: 2026-04-26 | E64: 802348490 | F64: 1991-12-03 | G64: 34 | H64: 19-60 | I64: Female | J64: female | K64: 599218426 | L64: Alnussirat | M64: Married | N64: No | P64: Displaced | R64: FP | X64: =IF(E64="","",UPPER(LEFT($C$3,1)&"-"&LEFT($C$4,1)&"-"&TEXT(ROW(B57),"000")&"-"&TEXT(C64,"dd-mm"))) -> --057-26-04 | Y64: =TRIM(SUBSTITUTE(SUBSTITUTE(OFFSET($Q64,0,COLUMN()-COLUMN($AL$1)),CHAR(160)," "),_xludf.UNICHAR(8239)," ")) -> #NAME? | Z64: =TRIM(SUBSTITUTE(SUBSTITUTE(OFFSET($Q64,0,COLUMN()-COLUMN($AL$1)),CHAR(160)," "),_xludf.UNICHAR(8239)," ")) -> #NAME? | AA64: =TRIM(SUBSTITUTE(SUBSTITUTE(OFFSET($Q64,0,COLUMN()-COLUMN($AL$1)),CHAR(160)," "),_xludf.UNICHAR(8239)," ")) -> #NAME? | AB64: =TRIM(SUBSTITUTE(SUBSTITUTE(OFFSET($Q64,0,COLUMN()-COLUMN($AL$1)),CHAR(160)," "),_xludf.UNICHAR(8239)," ")) -> #NAME? | AC64: =TRIM(SUBSTITUTE(SUBSTITUTE(OFFSET($Q64,0,COLUMN()-COLUMN($AL$1)),CHAR(160)," "),_xludf.UNICHAR(8239)," ")) -> #NAME? | AD64: =IF($E64="",0,--(COUNTIFS($E:$E,$E64,$C:$C,">"&$C64)+COUNTIFS($E$8:E64,$E64,$C$8:C64,$C64)=1)) -> 1 | AE64: =IF($C64="","",TEXT($C64,"yyyy-mm")) -> 2026-04 | AF64: =IF(OR($E64="",$AE64=""),0,IF(COUNTIFS($E$8:E64,$E64,$AE$8:AE64,$AE64)=1,1,0)) -> 1 | AG64: =IF($E64="",0,IF(COUNTIF($E$8:E64,$E64)=1,1,0)) -> 1
A65: 58 | B65: اسراء عوني عيد الحويحي | C65: 2026-04-26 | E65: 802752725 | F65: 1993-12-25 | G65: 32 | H65: 19-60 | I65: Female | J65: female | K65: 597822459 | L65: Alnussirat | M65: Married | N65: No | P65: Displaced | R65: FP | X65: =IF(E65="","",UPPER(LEFT($C$3,1)&"-"&LEFT($C$4,1)&"-"&TEXT(ROW(B58),"000")&"-"&TEXT(C65,"dd-mm"))) -> --058-26-04 | Y65: =TRIM(SUBSTITUTE(SUBSTITUTE(OFFSET($Q65,0,COLUMN()-COLUMN($AL$1)),CHAR(160)," "),_xludf.UNICHAR(8239)," ")) -> #NAME? | Z65: =TRIM(SUBSTITUTE(SUBSTITUTE(OFFSET($Q65,0,COLUMN()-COLUMN($AL$1)),CHAR(160)," "),_xludf.UNICHAR(8239)," ")) -> #NAME? | AA65: =TRIM(SUBSTITUTE(SUBSTITUTE(OFFSET($Q65,0,COLUMN()-COLUMN($AL$1)),CHAR(160)," "),_xludf.UNICHAR(8239)," ")) -> #NAME? | AB65: =TRIM(SUBSTITUTE(SUBSTITUTE(OFFSET($Q65,0,COLUMN()-COLUMN($AL$1)),CHAR(160)," "),_xludf.UNICHAR(8239)," ")) -> #NAME? | AC65: =TRIM(SUBSTITUTE(SUBSTITUTE(OFFSET($Q65,0,COLUMN()-COLUMN($AL$1)),CHAR(160)," "),_xludf.UNICHAR(8239)," ")) -> #NAME? | AD65: =IF($E65="",0,--(COUNTIFS($E:$E,$E65,$C:$C,">"&$C65)+COUNTIFS($E$8:E65,$E65,$C$8:C65,$C65)=1)) -> 1 | AE65: =IF($C65="","",TEXT($C65,"yyyy-mm")) -> 2026-04 | AF65: =IF(OR($E65="",$AE65=""),0,IF(COUNTIFS($E$8:E65,$E65,$AE$8:AE65,$AE65)=1,1,0)) -> 1 | AG65: =IF($E65="",0,IF(COUNTIF($E$8:E65,$E65)=1,1,0)) -> 1
A66: 59 | B66: حنين حاتم فتحي الحواجري | C66: 2026-04-26 | E66: 404134512 | F66: 1998-07-20 | G66: 27 | H66: 19-60 | I66: Female | J66: female | K66: 592213928 | L66: Alnussirat | M66: Married | N66: No | P66: Displaced | R66: GYN | X66: =IF(E66="","",UPPER(LEFT($C$3,1)&"-"&LEFT($C$4,1)&"-"&TEXT(ROW(B59),"000")&"-"&TEXT(C66,"dd-mm"))) -> --059-26-04 | Y66: =TRIM(SUBSTITUTE(SUBSTITUTE(OFFSET($Q66,0,COLUMN()-COLUMN($AL$1)),CHAR(160)," "),_xludf.UNICHAR(8239)," ")) -> #NAME? | Z66: =TRIM(SUBSTITUTE(SUBSTITUTE(OFFSET($Q66,0,COLUMN()-COLUMN($AL$1)),CHAR(160)," "),_xludf.UNICHAR(8239)," ")) -> #NAME? | AA66: =TRIM(SUBSTITUTE(SUBSTITUTE(OFFSET($Q66,0,COLUMN()-COLUMN($AL$1)),CHAR(160)," "),_xludf.UNICHAR(8239)," ")) -> #NAME? | AB66: =TRIM(SUBSTITUTE(SUBSTITUTE(OFFSET($Q66,0,COLUMN()-COLUMN($AL$1)),CHAR(160)," "),_xludf.UNICHAR(8239)," ")) -> #NAME? | AC66: =TRIM(SUBSTITUTE(SUBSTITUTE(OFFSET($Q66,0,COLUMN()-COLUMN($AL$1)),CHAR(160)," "),_xludf.UNICHAR(8239)," ")) -> #NAME? | AD66: =IF($E66="",0,--(COUNTIFS($E:$E,$E66,$C:$C,">"&$C66)+COUNTIFS($E$8:E66,$E66,$C$8:C66,$C66)=1)) -> 1 | AE66: =IF($C66="","",TEXT($C66,"yyyy-mm")) -> 2026-04 | AF66: =IF(OR($E66="",$AE66=""),0,IF(COUNTIFS($E$8:E66,$E66,$AE$8:AE66,$AE66)=1,1,0)) -> 1 | AG66: =IF($E66="",0,IF(COUNTIF($E$8:E66,$E66)=1,1,0)) -> 1
A67: 60 | B67: خالد عاطف خالد ابو شغيبة | C67: 2026-04-26 | E67: 470582297 | F67: 2025-05-07 | G67: 1 | H67: 0-5 | I67: Male | J67: male | K67: 059 | L67: Alnussirat | M67: N/A | N67: No | P67: Displaced | Q67: FM- CD | X67: =IF(E67="","",UPPER(LEFT($C$3,1)&"-"&LEFT($C$4,1)&"-"&TEXT(ROW(B60),"000")&"-"&TEXT(C67,"dd-mm"))) -> --060-26-04 | Y67: =TRIM(SUBSTITUTE(SUBSTITUTE(OFFSET($Q67,0,COLUMN()-COLUMN($AL$1)),CHAR(160)," "),_xludf.UNICHAR(8239)," ")) -> #NAME? | Z67: =TRIM(SUBSTITUTE(SUBSTITUTE(OFFSET($Q67,0,COLUMN()-COLUMN($AL$1)),CHAR(160)," "),_xludf.UNICHAR(8239)," ")) -> #NAME? | AA67: =TRIM(SUBSTITUTE(SUBSTITUTE(OFFSET($Q67,0,COLUMN()-COLUMN($AL$1)),CHAR(160)," "),_xludf.UNICHAR(8239)," ")) -> #NAME? | AB67: =TRIM(SUBSTITUTE(SUBSTITUTE(OFFSET($Q67,0,COLUMN()-COLUMN($AL$1)),CHAR(160)," "),_xludf.UNICHAR(8239)," ")) -> #NAME? | AC67: =TRIM(SUBSTITUTE(SUBSTITUTE(OFFSET($Q67,0,COLUMN()-COLUMN($AL$1)),CHAR(160)," "),_xludf.UNICHAR(8239)," ")) -> #NAME? | AD67: =IF($E67="",0,--(COUNTIFS($E:$E,$E67,$C:$C,">"&$C67)+COUNTIFS($E$8:E67,$E67,$C$8:C67,$C67)=1)) -> 1 | AE67: =IF($C67="","",TEXT($C67,"yyyy-mm")) -> 2026-04 | AF67: =IF(OR($E67="",$AE67=""),0,IF(COUNTIFS($E$8:E67,$E67,$AE$8:AE67,$AE67)=1,1,0)) -> 1 | AG67: =IF($E67="",0,IF(COUNTIF($E$8:E67,$E67)=1,1,0)) -> 1
A68: 61 | B68: رغد حاتم فتحي الحواجري | C68: 2026-04-26 | E68: 429089527 | F68: 2010-05-03 | G68: 15 | H68: 6-18 | I68: Female | J68: female | K68: 599332450 | L68: Alnussirat | M68: Single | N68: No | P68: Displaced | Q68: FM- CD | X68: =IF(E68="","",UPPER(LEFT($C$3,1)&"-"&LEFT($C$4,1)&"-"&TEXT(ROW(B61),"000")&"-"&TEXT(C68,"dd-mm"))) -> --061-26-04 | Y68: =TRIM(SUBSTITUTE(SUBSTITUTE(OFFSET($Q68,0,COLUMN()-COLUMN($AL$1)),CHAR(160)," "),_xludf.UNICHAR(8239)," ")) -> #NAME? | Z68: =TRIM(SUBSTITUTE(SUBSTITUTE(OFFSET($Q68,0,COLUMN()-COLUMN($AL$1)),CHAR(160)," "),_xludf.UNICHAR(8239)," ")) -> #NAME? | AA68: =TRIM(SUBSTITUTE(SUBSTITUTE(OFFSET($Q68,0,COLUMN()-COLUMN($AL$1)),CHAR(160)," "),_xludf.UNICHAR(8239)," ")) -> #NAME? | AB68: =TRIM(SUBSTITUTE(SUBSTITUTE(OFFSET($Q68,0,COLUMN()-COLUMN($AL$1)),CHAR(160)," "),_xludf.UNICHAR(8239)," ")) -> #NAME? | AC68: =TRIM(SUBSTITUTE(SUBSTITUTE(OFFSET($Q68,0,COLUMN()-COLUMN($AL$1)),CHAR(160)," "),_xludf.UNICHAR(8239)," ")) -> #NAME? | AD68: =IF($E68="",0,--(COUNTIFS($E:$E,$E68,$C:$C,">"&$C68)+COUNTIFS($E$8:E68,$E68,$C$8:C68,$C68)=1)) -> 1 | AE68: =IF($C68="","",TEXT($C68,"yyyy-mm")) -> 2026-04 | AF68: =IF(OR($E68="",$AE68=""),0,IF(COUNTIFS($E$8:E68,$E68,$AE$8:AE68,$AE68)=1,1,0)) -> 1 | AG68: =IF($E68="",0,IF(COUNTIF($E$8:E68,$E68)=1,1,0)) -> 1
A69: 62 | B69: فايزة عبدالمجيد محمد الكرد | C69: 2026-04-26 | E69: 901253799 | F69: 1976-01-11 | G69: 50 | H69: 19-60 | I69: Female | J69: female | K69: 598680386 | L69: Alnussirat | M69: Married | N69: No | P69: Displaced | Q69: FM- NCD | X69: =IF(E69="","",UPPER(LEFT($C$3,1)&"-"&LEFT($C$4,1)&"-"&TEXT(ROW(B62),"000")&"-"&TEXT(C69,"dd-mm"))) -> --062-26-04 | Y69: =TRIM(SUBSTITUTE(SUBSTITUTE(OFFSET($Q69,0,COLUMN()-COLUMN($AL$1)),CHAR(160)," "),_xludf.UNICHAR(8239)," ")) -> #NAME? | Z69: =TRIM(SUBSTITUTE(SUBSTITUTE(OFFSET($Q69,0,COLUMN()-COLUMN($AL$1)),CHAR(160)," "),_xludf.UNICHAR(8239)," ")) -> #NAME? | AA69: =TRIM(SUBSTITUTE(SUBSTITUTE(OFFSET($Q69,0,COLUMN()-COLUMN($AL$1)),CHAR(160)," "),_xludf.UNICHAR(8239)," ")) -> #NAME? | AB69: =TRIM(SUBSTITUTE(SUBSTITUTE(OFFSET($Q69,0,COLUMN()-COLUMN($AL$1)),CHAR(160)," "),_xludf.UNICHAR(8239)," ")) -> #NAME? | AC69: =TRIM(SUBSTITUTE(SUBSTITUTE(OFFSET($Q69,0,COLUMN()-COLUMN($AL$1)),CHAR(160)," "),_xludf.UNICHAR(8239)," ")) -> #NAME? | AD69: =IF($E69="",0,--(COUNTIFS($E:$E,$E69,$C:$C,">"&$C69)+COUNTIFS($E$8:E69,$E69,$C$8:C69,$C69)=1)) -> 1 | AE69: =IF($C69="","",TEXT($C69,"yyyy-mm")) -> 2026-04 | AF69: =IF(OR($E69="",$AE69=""),0,IF(COUNTIFS($E$8:E69,$E69,$AE$8:AE69,$AE69)=1,1,0)) -> 1 | AG69: =IF($E69="",0,IF(COUNTIF($E$8:E69,$E69)=1,1,0)) -> 1
A70: 63 | B70: نائل يوسف ابراهيم نويجع | C70: 2026-04-26 | E70: 801313610 | F70: 1987-07-19 | G70: 38 | H70: 19-60 | I70: Female | J70: female | K70: 592033522 | L70: Alnussirat | M70: Married | N70: No | P70: Displaced | Q70: FM- NCD | X70: =IF(E70="","",UPPER(LEFT($C$3,1)&"-"&LEFT($C$4,1)&"-"&TEXT(ROW(B63),"000")&"-"&TEXT(C70,"dd-mm"))) -> --063-26-04 | Y70: =TRIM(SUBSTITUTE(SUBSTITUTE(OFFSET($Q70,0,COLUMN()-COLUMN($AL$1)),CHAR(160)," "),_xludf.UNICHAR(8239)," ")) -> #NAME? | Z70: =TRIM(SUBSTITUTE(SUBSTITUTE(OFFSET($Q70,0,COLUMN()-COLUMN($AL$1)),CHAR(160)," "),_xludf.UNICHAR(8239)," ")) -> #NAME? | AA70: =TRIM(SUBSTITUTE(SUBSTITUTE(OFFSET($Q70,0,COLUMN()-COLUMN($AL$1)),CHAR(160)," "),_xludf.UNICHAR(8239)," ")) -> #NAME? | AB70: =TRIM(SUBSTITUTE(SUBSTITUTE(OFFSET($Q70,0,COLUMN()-COLUMN($AL$1)),CHAR(160)," "),_xludf.UNICHAR(8239)," ")) -> #NAME? | AC70: =TRIM(SUBSTITUTE(SUBSTITUTE(OFFSET($Q70,0,COLUMN()-COLUMN($AL$1)),CHAR(160)," "),_xludf.UNICHAR(8239)," ")) -> #NAME? | AD70: =IF($E70="",0,--(COUNTIFS($E:$E,$E70,$C:$C,">"&$C70)+COUNTIFS($E$8:E70,$E70,$C$8:C70,$C70)=1)) -> 1 | AE70: =IF($C70="","",TEXT($C70,"yyyy-mm")) -> 2026-04 | AF70: =IF(OR($E70="",$AE70=""),0,IF(COUNTIFS($E$8:E70,$E70,$AE$8:AE70,$AE70)=1,1,0)) -> 1 | AG70: =IF($E70="",0,IF(COUNTIF($E$8:E70,$E70)=1,1,0)) -> 1
A71: 64 | B71: امل يوسف ربحي الكفارنة | C71: 2026-04-26 | E71: 412142651 | F71: 2012-11-15 | G71: 13 | H71: 6-18 | I71: Female | J71: female | K71: 599683611 | L71: Alnussirat | M71: Single | N71: No | P71: Displaced | Q71: FM- CD | X71: =IF(E71="","",UPPER(LEFT($C$3,1)&"-"&LEFT($C$4,1)&"-"&TEXT(ROW(B64),"000")&"-"&TEXT(C71,"dd-mm"))) -> --064-26-04 | Y71: =TRIM(SUBSTITUTE(SUBSTITUTE(OFFSET($Q71,0,COLUMN()-COLUMN($AL$1)),CHAR(160)," "),_xludf.UNICHAR(8239)," ")) -> #NAME? | Z71: =TRIM(SUBSTITUTE(SUBSTITUTE(OFFSET($Q71,0,COLUMN()-COLUMN($AL$1)),CHAR(160)," "),_xludf.UNICHAR(8239)," ")) -> #NAME? | AA71: =TRIM(SUBSTITUTE(SUBSTITUTE(OFFSET($Q71,0,COLUMN()-COLUMN($AL$1)),CHAR(160)," "),_xludf.UNICHAR(8239)," ")) -> #NAME? | AB71: =TRIM(SUBSTITUTE(SUBSTITUTE(OFFSET($Q71,0,COLUMN()-COLUMN($AL$1)),CHAR(160)," "),_xludf.UNICHAR(8239)," ")) -> #NAME? | AC71: =TRIM(SUBSTITUTE(SUBSTITUTE(OFFSET($Q71,0,COLUMN()-COLUMN($AL$1)),CHAR(160)," "),_xludf.UNICHAR(8239)," ")) -> #NAME? | AD71: =IF($E71="",0,--(COUNTIFS($E:$E,$E71,$C:$C,">"&$C71)+COUNTIFS($E$8:E71,$E71,$C$8:C71,$C71)=1)) -> 1 | AE71: =IF($C71="","",TEXT($C71,"yyyy-mm")) -> 2026-04 | AF71: =IF(OR($E71="",$AE71=""),0,IF(COUNTIFS($E$8:E71,$E71,$AE$8:AE71,$AE71)=1,1,0)) -> 1 | AG71: =IF($E71="",0,IF(COUNTIF($E$8:E71,$E71)=1,1,0)) -> 1
A72: 65 | B72: بسام فتحي عوض الحواجري | C72: 2026-04-26 | E72: 908960883 | F72: 1983-04-11 | G72: 43 | H72: 19-60 | I72: Male | J72: male | K72: 599697395 | L72: Alnussirat | M72: Married | N72: No | P72: Displaced | Q72: FM- CD | X72: =IF(E72="","",UPPER(LEFT($C$3,1)&"-"&LEFT($C$4,1)&"-"&TEXT(ROW(B65),"000")&"-"&TEXT(C72,"dd-mm"))) -> --065-26-04 | Y72: =TRIM(SUBSTITUTE(SUBSTITUTE(OFFSET($Q72,0,COLUMN()-COLUMN($AL$1)),CHAR(160)," "),_xludf.UNICHAR(8239)," ")) -> #NAME? | Z72: =TRIM(SUBSTITUTE(SUBSTITUTE(OFFSET($Q72,0,COLUMN()-COLUMN($AL$1)),CHAR(160)," "),_xludf.UNICHAR(8239)," ")) -> #NAME? | AA72: =TRIM(SUBSTITUTE(SUBSTITUTE(OFFSET($Q72,0,COLUMN()-COLUMN($AL$1)),CHAR(160)," "),_xludf.UNICHAR(8239)," ")) -> #NAME? | AB72: =TRIM(SUBSTITUTE(SUBSTITUTE(OFFSET($Q72,0,COLUMN()-COLUMN($AL$1)),CHAR(160)," "),_xludf.UNICHAR(8239)," ")) -> #NAME? | AC72: =TRIM(SUBSTITUTE(SUBSTITUTE(OFFSET($Q72,0,COLUMN()-COLUMN($AL$1)),CHAR(160)," "),_xludf.UNICHAR(8239)," ")) -> #NAME? | AD72: =IF($E72="",0,--(COUNTIFS($E:$E,$E72,$C:$C,">"&$C72)+COUNTIFS($E$8:E72,$E72,$C$8:C72,$C72)=1)) -> 1 | AE72: =IF($C72="","",TEXT($C72,"yyyy-mm")) -> 2026-04 | AF72: =IF(OR($E72="",$AE72=""),0,IF(COUNTIFS($E$8:E72,$E72,$AE$8:AE72,$AE72)=1,1,0)) -> 1 | AG72: =IF($E72="",0,IF(COUNTIF($E$8:E72,$E72)=1,1,0)) -> 1
A73: 66 | B73: حنان محمد سليم الرملاوي | C73: 2026-04-26 | E73: 803460104 | F73: 1992-10-10 | G73: 33 | H73: 19-60 | I73: Female | J73: female | K73: 597200382 | L73: Alnussirat | M73: Married | N73: No | P73: Displaced | Q73: FM- NCD | S73: Dressing | X73: =IF(E73="","",UPPER(LEFT($C$3,1)&"-"&LEFT($C$4,1)&"-"&TEXT(ROW(B66),"000")&"-"&TEXT(C73,"dd-mm"))) -> --066-26-04 | Y73: =TRIM(SUBSTITUTE(SUBSTITUTE(OFFSET($Q73,0,COLUMN()-COLUMN($AL$1)),CHAR(160)," "),_xludf.UNICHAR(8239)," ")) -> #NAME? | Z73: =TRIM(SUBSTITUTE(SUBSTITUTE(OFFSET($Q73,0,COLUMN()-COLUMN($AL$1)),CHAR(160)," "),_xludf.UNICHAR(8239)," ")) -> #NAME? | AA73: =TRIM(SUBSTITUTE(SUBSTITUTE(OFFSET($Q73,0,COLUMN()-COLUMN($AL$1)),CHAR(160)," "),_xludf.UNICHAR(8239)," ")) -> #NAME? | AB73: =TRIM(SUBSTITUTE(SUBSTITUTE(OFFSET($Q73,0,COLUMN()-COLUMN($AL$1)),CHAR(160)," "),_xludf.UNICHAR(8239)," ")) -> #NAME? | AC73: =TRIM(SUBSTITUTE(SUBSTITUTE(OFFSET($Q73,0,COLUMN()-COLUMN($AL$1)),CHAR(160)," "),_xludf.UNICHAR(8239)," ")) -> #NAME? | AD73: =IF($E73="",0,--(COUNTIFS($E:$E,$E73,$C:$C,">"&$C73)+COUNTIFS($E$8:E73,$E73,$C$8:C73,$C73)=1)) -> 1 | AE73: =IF($C73="","",TEXT($C73,"yyyy-mm")) -> 2026-04 | AF73: =IF(OR($E73="",$AE73=""),0,IF(COUNTIFS($E$8:E73,$E73,$AE$8:AE73,$AE73)=1,1,0)) -> 1 | AG73: =IF($E73="",0,IF(COUNTIF($E$8:E73,$E73)=1,1,0)) -> 1
A74: 67 | B74: حسام فتحي عوض الحواجري | C74: 2026-04-26 | E74: 900544248 | F74: 1978-03-20 | G74: 48 | H74: 19-60 | I74: Male | J74: male | K74: 599245832 | L74: Alnussirat | M74: Married | N74: No | P74: Displaced | Q74: FM- CD | X74: =IF(E74="","",UPPER(LEFT($C$3,1)&"-"&LEFT($C$4,1)&"-"&TEXT(ROW(B67),"000")&"-"&TEXT(C74,"dd-mm"))) -> --067-26-04 | Y74: =TRIM(SUBSTITUTE(SUBSTITUTE(OFFSET($Q74,0,COLUMN()-COLUMN($AL$1)),CHAR(160)," "),_xludf.UNICHAR(8239)," ")) -> #NAME? | Z74: =TRIM(SUBSTITUTE(SUBSTITUTE(OFFSET($Q74,0,COLUMN()-COLUMN($AL$1)),CHAR(160)," "),_xludf.UNICHAR(8239)," ")) -> #NAME? | AA74: =TRIM(SUBSTITUTE(SUBSTITUTE(OFFSET($Q74,0,COLUMN()-COLUMN($AL$1)),CHAR(160)," "),_xludf.UNICHAR(8239)," ")) -> #NAME? | AB74: =TRIM(SUBSTITUTE(SUBSTITUTE(OFFSET($Q74,0,COLUMN()-COLUMN($AL$1)),CHAR(160)," "),_xludf.UNICHAR(8239)," ")) -> #NAME? | AC74: =TRIM(SUBSTITUTE(SUBSTITUTE(OFFSET($Q74,0,COLUMN()-COLUMN($AL$1)),CHAR(160)," "),_xludf.UNICHAR(8239)," ")) -> #NAME? | AD74: =IF($E74="",0,--(COUNTIFS($E:$E,$E74,$C:$C,">"&$C74)+COUNTIFS($E$8:E74,$E74,$C$8:C74,$C74)=1)) -> 1 | AE74: =IF($C74="","",TEXT($C74,"yyyy-mm")) -> 2026-04 | AF74: =IF(OR($E74="",$AE74=""),0,IF(COUNTIFS($E$8:E74,$E74,$AE$8:AE74,$AE74)=1,1,0)) -> 1 | AG74: =IF($E74="",0,IF(COUNTIF($E$8:E74,$E74)=1,1,0)) -> 1
A75: 68 | B75: نور محمد منصور شحادة | C75: 2026-04-26 | E75: 404638082 | F75: 2000-10-15 | G75: 25 | H75: 19-60 | I75: Female | J75: female | K75: 595619234 | L75: Alnussirat | M75: Married | N75: No | P75: Displaced | Q75: FM- CD | X75: =IF(E75="","",UPPER(LEFT($C$3,1)&"-"&LEFT($C$4,1)&"-"&TEXT(ROW(B68),"000")&"-"&TEXT(C75,"dd-mm"))) -> --068-26-04 | Y75: =TRIM(SUBSTITUTE(SUBSTITUTE(OFFSET($Q75,0,COLUMN()-COLUMN($AL$1)),CHAR(160)," "),_xludf.UNICHAR(8239)," ")) -> #NAME? | Z75: =TRIM(SUBSTITUTE(SUBSTITUTE(OFFSET($Q75,0,COLUMN()-COLUMN($AL$1)),CHAR(160)," "),_xludf.UNICHAR(8239)," ")) -> #NAME? | AA75: =TRIM(SUBSTITUTE(SUBSTITUTE(OFFSET($Q75,0,COLUMN()-COLUMN($AL$1)),CHAR(160)," "),_xludf.UNICHAR(8239)," ")) -> #NAME? | AB75: =TRIM(SUBSTITUTE(SUBSTITUTE(OFFSET($Q75,0,COLUMN()-COLUMN($AL$1)),CHAR(160)," "),_xludf.UNICHAR(8239)," ")) -> #NAME? | AC75: =TRIM(SUBSTITUTE(SUBSTITUTE(OFFSET($Q75,0,COLUMN()-COLUMN($AL$1)),CHAR(160)," "),_xludf.UNICHAR(8239)," ")) -> #NAME? | AD75: =IF($E75="",0,--(COUNTIFS($E:$E,$E75,$C:$C,">"&$C75)+COUNTIFS($E$8:E75,$E75,$C$8:C75,$C75)=1)) -> 1 | AE75: =IF($C75="","",TEXT($C75,"yyyy-mm")) -> 2026-04 | AF75: =IF(OR($E75="",$AE75=""),0,IF(COUNTIFS($E$8:E75,$E75,$AE$8:AE75,$AE75)=1,1,0)) -> 1 | AG75: =IF($E75="",0,IF(COUNTIF($E$8:E75,$E75)=1,1,0)) -> 1
A76: 69 | B76: هدى محمود يونس الثوابتة | C76: 2026-04-26 | E76: 440517746 | F76: 2018-12-05 | G76: 8 | H76: 6-18 | I76: Female | J76: female | K76: 595619234 | L76: Alnussirat | M76: N/A | N76: No | P76: Displaced | Q76: FM- CD | X76: =IF(E76="","",UPPER(LEFT($C$3,1)&"-"&LEFT($C$4,1)&"-"&TEXT(ROW(B69),"000")&"-"&TEXT(C76,"dd-mm"))) -> --069-26-04 | Y76: =TRIM(SUBSTITUTE(SUBSTITUTE(OFFSET($Q76,0,COLUMN()-COLUMN($AL$1)),CHAR(160)," "),_xludf.UNICHAR(8239)," ")) -> #NAME? | Z76: =TRIM(SUBSTITUTE(SUBSTITUTE(OFFSET($Q76,0,COLUMN()-COLUMN($AL$1)),CHAR(160)," "),_xludf.UNICHAR(8239)," ")) -> #NAME? | AA76: =TRIM(SUBSTITUTE(SUBSTITUTE(OFFSET($Q76,0,COLUMN()-COLUMN($AL$1)),CHAR(160)," "),_xludf.UNICHAR(8239)," ")) -> #NAME? | AB76: =TRIM(SUBSTITUTE(SUBSTITUTE(OFFSET($Q76,0,COLUMN()-COLUMN($AL$1)),CHAR(160)," "),_xludf.UNICHAR(8239)," ")) -> #NAME? | AC76: =TRIM(SUBSTITUTE(SUBSTITUTE(OFFSET($Q76,0,COLUMN()-COLUMN($AL$1)),CHAR(160)," "),_xludf.UNICHAR(8239)," ")) -> #NAME? | AD76: =IF($E76="",0,--(COUNTIFS($E:$E,$E76,$C:$C,">"&$C76)+COUNTIFS($E$8:E76,$E76,$C$8:C76,$C76)=1)) -> 1 | AE76: =IF($C76="","",TEXT($C76,"yyyy-mm")) -> 2026-04 | AF76: =IF(OR($E76="",$AE76=""),0,IF(COUNTIFS($E$8:E76,$E76,$AE$8:AE76,$AE76)=1,1,0)) -> 1 | AG76: =IF($E76="",0,IF(COUNTIF($E$8:E76,$E76)=1,1,0)) -> 1
A77: 70 | B77: عزية عبدالكريم أبو عمشة | C77: 2026-04-26 | E77: 940205297 | F77: 1970-03-13 | G77: 56 | H77: 19-60 | I77: Female | J77: female | K77: 59561297 | L77: Alnussirat | M77: Married | N77: No | P77: Displaced | Q77: FM- NCD | X77: =IF(E77="","",UPPER(LEFT($C$3,1)&"-"&LEFT($C$4,1)&"-"&TEXT(ROW(B70),"000")&"-"&TEXT(C77,"dd-mm"))) -> --070-26-04 | Y77: =TRIM(SUBSTITUTE(SUBSTITUTE(OFFSET($Q77,0,COLUMN()-COLUMN($AL$1)),CHAR(160)," "),_xludf.UNICHAR(8239)," ")) -> #NAME? | Z77: =TRIM(SUBSTITUTE(SUBSTITUTE(OFFSET($Q77,0,COLUMN()-COLUMN($AL$1)),CHAR(160)," "),_xludf.UNICHAR(8239)," ")) -> #NAME? | AA77: =TRIM(SUBSTITUTE(SUBSTITUTE(OFFSET($Q77,0,COLUMN()-COLUMN($AL$1)),CHAR(160)," "),_xludf.UNICHAR(8239)," ")) -> #NAME? | AB77: =TRIM(SUBSTITUTE(SUBSTITUTE(OFFSET($Q77,0,COLUMN()-COLUMN($AL$1)),CHAR(160)," "),_xludf.UNICHAR(8239)," ")) -> #NAME? | AC77: =TRIM(SUBSTITUTE(SUBSTITUTE(OFFSET($Q77,0,COLUMN()-COLUMN($AL$1)),CHAR(160)," "),_xludf.UNICHAR(8239)," ")) -> #NAME? | AD77: =IF($E77="",0,--(COUNTIFS($E:$E,$E77,$C:$C,">"&$C77)+COUNTIFS($E$8:E77,$E77,$C$8:C77,$C77)=1)) -> 1 | AE77: =IF($C77="","",TEXT($C77,"yyyy-mm")) -> 2026-04 | AF77: =IF(OR($E77="",$AE77=""),0,IF(COUNTIFS($E$8:E77,$E77,$AE$8:AE77,$AE77)=1,1,0)) -> 1 | AG77: =IF($E77="",0,IF(COUNTIF($E$8:E77,$E77)=1,1,0)) -> 1
A78: 71 | B78: دعاء رامي عبد العزيز سمور | C78: 2026-04-26 | E78: 421697319 | F78: 2008-01-16 | G78: 18 | H78: 6-18 | I78: Female | J78: female | K78: 599919444 | L78: Alnussirat | M78: Married | N78: No | P78: Displaced | R78: ANC | U78: Screening | X78: =IF(E78="","",UPPER(LEFT($C$3,1)&"-"&LEFT($C$4,1)&"-"&TEXT(ROW(B71),"000")&"-"&TEXT(C78,"dd-mm"))) -> --071-26-04 | Y78: =TRIM(SUBSTITUTE(SUBSTITUTE(OFFSET($Q78,0,COLUMN()-COLUMN($AL$1)),CHAR(160)," "),_xludf.UNICHAR(8239)," ")) -> #NAME? | Z78: =TRIM(SUBSTITUTE(SUBSTITUTE(OFFSET($Q78,0,COLUMN()-COLUMN($AL$1)),CHAR(160)," "),_xludf.UNICHAR(8239)," ")) -> #NAME? | AA78: =TRIM(SUBSTITUTE(SUBSTITUTE(OFFSET($Q78,0,COLUMN()-COLUMN($AL$1)),CHAR(160)," "),_xludf.UNICHAR(8239)," ")) -> #NAME? | AB78: =TRIM(SUBSTITUTE(SUBSTITUTE(OFFSET($Q78,0,COLUMN()-COLUMN($AL$1)),CHAR(160)," "),_xludf.UNICHAR(8239)," ")) -> #NAME? | AC78: =TRIM(SUBSTITUTE(SUBSTITUTE(OFFSET($Q78,0,COLUMN()-COLUMN($AL$1)),CHAR(160)," "),_xludf.UNICHAR(8239)," ")) -> #NAME? | AD78: =IF($E78="",0,--(COUNTIFS($E:$E,$E78,$C:$C,">"&$C78)+COUNTIFS($E$8:E78,$E78,$C$8:C78,$C78)=1)) -> 1 | AE78: =IF($C78="","",TEXT($C78,"yyyy-mm")) -> 2026-04 | AF78: =IF(OR($E78="",$AE78=""),0,IF(COUNTIFS($E$8:E78,$E78,$AE$8:AE78,$AE78)=1,1,0)) -> 1 | AG78: =IF($E78="",0,IF(COUNTIF($E$8:E78,$E78)=1,1,0)) -> 1
A79: 72 | B79: ملاك موفق كامل النادي | C79: 2026-04-26 | E79: 421145566 | F79: 2005-02-08 | G79: 21 | H79: 19-60 | I79: Female | J79: female | K79: 592151855 | L79: Alnussirat | M79: Single | N79: No | P79: Displaced | R79: GYN | X79: =IF(E79="","",UPPER(LEFT($C$3,1)&"-"&LEFT($C$4,1)&"-"&TEXT(ROW(B72),"000")&"-"&TEXT(C79,"dd-mm"))) -> --072-26-04 | Y79: =TRIM(SUBSTITUTE(SUBSTITUTE(OFFSET($Q79,0,COLUMN()-COLUMN($AL$1)),CHAR(160)," "),_xludf.UNICHAR(8239)," ")) -> #NAME? | Z79: =TRIM(SUBSTITUTE(SUBSTITUTE(OFFSET($Q79,0,COLUMN()-COLUMN($AL$1)),CHAR(160)," "),_xludf.UNICHAR(8239)," ")) -> #NAME? | AA79: =TRIM(SUBSTITUTE(SUBSTITUTE(OFFSET($Q79,0,COLUMN()-COLUMN($AL$1)),CHAR(160)," "),_xludf.UNICHAR(8239)," ")) -> #NAME? | AB79: =TRIM(SUBSTITUTE(SUBSTITUTE(OFFSET($Q79,0,COLUMN()-COLUMN($AL$1)),CHAR(160)," "),_xludf.UNICHAR(8239)," ")) -> #NAME? | AC79: =TRIM(SUBSTITUTE(SUBSTITUTE(OFFSET($Q79,0,COLUMN()-COLUMN($AL$1)),CHAR(160)," "),_xludf.UNICHAR(8239)," ")) -> #NAME? | AD79: =IF($E79="",0,--(COUNTIFS($E:$E,$E79,$C:$C,">"&$C79)+COUNTIFS($E$8:E79,$E79,$C$8:C79,$C79)=1)) -> 1 | AE79: =IF($C79="","",TEXT($C79,"yyyy-mm")) -> 2026-04 | AF79: =IF(OR($E79="",$AE79=""),0,IF(COUNTIFS($E$8:E79,$E79,$AE$8:AE79,$AE79)=1,1,0)) -> 1 | AG79: =IF($E79="",0,IF(COUNTIF($E$8:E79,$E79)=1,1,0)) -> 1
A80: 73 | B80: ركان سمير محمود الصيفي | C80: 2026-04-26 | E80: 444892111 | F80: 2021-11-24 | G80: 4 | H80: 0-5 | I80: Male | J80: male | K80: 594350160 | L80: Alnussirat | M80: N/A | N80: No | P80: Displaced | Q80: FM- CD | X80: =IF(E80="","",UPPER(LEFT($C$3,1)&"-"&LEFT($C$4,1)&"-"&TEXT(ROW(B73),"000")&"-"&TEXT(C80,"dd-mm"))) -> --073-26-04 | Y80: =TRIM(SUBSTITUTE(SUBSTITUTE(OFFSET($Q80,0,COLUMN()-COLUMN($AL$1)),CHAR(160)," "),_xludf.UNICHAR(8239)," ")) -> #NAME? | Z80: =TRIM(SUBSTITUTE(SUBSTITUTE(OFFSET($Q80,0,COLUMN()-COLUMN($AL$1)),CHAR(160)," "),_xludf.UNICHAR(8239)," ")) -> #NAME? | AA80: =TRIM(SUBSTITUTE(SUBSTITUTE(OFFSET($Q80,0,COLUMN()-COLUMN($AL$1)),CHAR(160)," "),_xludf.UNICHAR(8239)," ")) -> #NAME? | AB80: =TRIM(SUBSTITUTE(SUBSTITUTE(OFFSET($Q80,0,COLUMN()-COLUMN($AL$1)),CHAR(160)," "),_xludf.UNICHAR(8239)," ")) -> #NAME? | AC80: =TRIM(SUBSTITUTE(SUBSTITUTE(OFFSET($Q80,0,COLUMN()-COLUMN($AL$1)),CHAR(160)," "),_xludf.UNICHAR(8239)," ")) -> #NAME? | AD80: =IF($E80="",0,--(COUNTIFS($E:$E,$E80,$C:$C,">"&$C80)+COUNTIFS($E$8:E80,$E80,$C$8:C80,$C80)=1)) -> 1 | AE80: =IF($C80="","",TEXT($C80,"yyyy-mm")) -> 2026-04 | AF80: =IF(OR($E80="",$AE80=""),0,IF(COUNTIFS($E$8:E80,$E80,$AE$8:AE80,$AE80)=1,1,0)) -> 1 | AG80: =IF($E80="",0,IF(COUNTIF($E$8:E80,$E80)=1,1,0)) -> 1
A81: 74 | B81: غزل معتز محمد ابو ظاهر | C81: 2026-04-26 | E81: 470475740 | F81: 2024-09-30 | G81: 1 | H81: 0-5 | I81: Female | J81: female | K81: 592678006 | L81: Alnussirat | M81: N/A | N81: No | P81: Displaced | Q81: FM- CD | X81: =IF(E81="","",UPPER(LEFT($C$3,1)&"-"&LEFT($C$4,1)&"-"&TEXT(ROW(B74),"000")&"-"&TEXT(C81,"dd-mm"))) -> --074-26-04 | Y81: =TRIM(SUBSTITUTE(SUBSTITUTE(OFFSET($Q81,0,COLUMN()-COLUMN($AL$1)),CHAR(160)," "),_xludf.UNICHAR(8239)," ")) -> #NAME? | Z81: =TRIM(SUBSTITUTE(SUBSTITUTE(OFFSET($Q81,0,COLUMN()-COLUMN($AL$1)),CHAR(160)," "),_xludf.UNICHAR(8239)," ")) -> #NAME? | AA81: =TRIM(SUBSTITUTE(SUBSTITUTE(OFFSET($Q81,0,COLUMN()-COLUMN($AL$1)),CHAR(160)," "),_xludf.UNICHAR(8239)," ")) -> #NAME? | AB81: =TRIM(SUBSTITUTE(SUBSTITUTE(OFFSET($Q81,0,COLUMN()-COLUMN($AL$1)),CHAR(160)," "),_xludf.UNICHAR(8239)," ")) -> #NAME? | AC81: =TRIM(SUBSTITUTE(SUBSTITUTE(OFFSET($Q81,0,COLUMN()-COLUMN($AL$1)),CHAR(160)," "),_xludf.UNICHAR(8239)," ")) -> #NAME? | AD81: =IF($E81="",0,--(COUNTIFS($E:$E,$E81,$C:$C,">"&$C81)+COUNTIFS($E$8:E81,$E81,$C$8:C81,$C81)=1)) -> 1 | AE81: =IF($C81="","",TEXT($C81,"yyyy-mm")) -> 2026-04 | AF81: =IF(OR($E81="",$AE81=""),0,IF(COUNTIFS($E$8:E81,$E81,$AE$8:AE81,$AE81)=1,1,0)) -> 1 | AG81: =IF($E81="",0,IF(COUNTIF($E$8:E81,$E81)=1,1,0)) -> 1
A82: 75 | B82: زينة معتز محمد ابو ظاهر | C82: 2026-04-26 | E82: 444528160 | F82: 2024-11-15 | G82: 2 | H82: 0-5 | I82: Female | J82: female | K82: 592678006 | L82: Alnussirat | M82: N/A | N82: No | P82: Displaced | Q82: FM- CD | X82: =IF(E82="","",UPPER(LEFT($C$3,1)&"-"&LEFT($C$4,1)&"-"&TEXT(ROW(B75),"000")&"-"&TEXT(C82,"dd-mm"))) -> --075-26-04 | Y82: =TRIM(SUBSTITUTE(SUBSTITUTE(OFFSET($Q82,0,COLUMN()-COLUMN($AL$1)),CHAR(160)," "),_xludf.UNICHAR(8239)," ")) -> #NAME? | Z82: =TRIM(SUBSTITUTE(SUBSTITUTE(OFFSET($Q82,0,COLUMN()-COLUMN($AL$1)),CHAR(160)," "),_xludf.UNICHAR(8239)," ")) -> #NAME? | AA82: =TRIM(SUBSTITUTE(SUBSTITUTE(OFFSET($Q82,0,COLUMN()-COLUMN($AL$1)),CHAR(160)," "),_xludf.UNICHAR(8239)," ")) -> #NAME? | AB82: =TRIM(SUBSTITUTE(SUBSTITUTE(OFFSET($Q82,0,COLUMN()-COLUMN($AL$1)),CHAR(160)," "),_xludf.UNICHAR(8239)," ")) -> #NAME? | AC82: =TRIM(SUBSTITUTE(SUBSTITUTE(OFFSET($Q82,0,COLUMN()-COLUMN($AL$1)),CHAR(160)," "),_xludf.UNICHAR(8239)," ")) -> #NAME? | AD82: =IF($E82="",0,--(COUNTIFS($E:$E,$E82,$C:$C,">"&$C82)+COUNTIFS($E$8:E82,$E82,$C$8:C82,$C82)=1)) -> 1 | AE82: =IF($C82="","",TEXT($C82,"yyyy-mm")) -> 2026-04 | AF82: =IF(OR($E82="",$AE82=""),0,IF(COUNTIFS($E$8:E82,$E82,$AE$8:AE82,$AE82)=1,1,0)) -> 1 | AG82: =IF($E82="",0,IF(COUNTIF($E$8:E82,$E82)=1,1,0)) -> 1
A83: 76 | B83: بدر البدور محمود سعيد بنات | C83: 2026-04-26 | E83: 801518077 | F83: 1987-02-22 | G83: 39 | H83: 19-60 | I83: Female | J83: female | K83: 597107218 | L83: Alnussirat | M83: Married | N83: No | P83: Displaced | R83: ANC | U83: Screening | X83: =IF(E83="","",UPPER(LEFT($C$3,1)&"-"&LEFT($C$4,1)&"-"&TEXT(ROW(B76),"000")&"-"&TEXT(C83,"dd-mm"))) -> --076-26-04 | Y83: =TRIM(SUBSTITUTE(SUBSTITUTE(OFFSET($Q83,0,COLUMN()-COLUMN($AL$1)),CHAR(160)," "),_xludf.UNICHAR(8239)," ")) -> #NAME? | Z83: =TRIM(SUBSTITUTE(SUBSTITUTE(OFFSET($Q83,0,COLUMN()-COLUMN($AL$1)),CHAR(160)," "),_xludf.UNICHAR(8239)," ")) -> #NAME? | AA83: =TRIM(SUBSTITUTE(SUBSTITUTE(OFFSET($Q83,0,COLUMN()-COLUMN($AL$1)),CHAR(160)," "),_xludf.UNICHAR(8239)," ")) -> #NAME? | AB83: =TRIM(SUBSTITUTE(SUBSTITUTE(OFFSET($Q83,0,COLUMN()-COLUMN($AL$1)),CHAR(160)," "),_xludf.UNICHAR(8239)," ")) -> #NAME? | AC83: =TRIM(SUBSTITUTE(SUBSTITUTE(OFFSET($Q83,0,COLUMN()-COLUMN($AL$1)),CHAR(160)," "),_xludf.UNICHAR(8239)," ")) -> #NAME? | AD83: =IF($E83="",0,--(COUNTIFS($E:$E,$E83,$C:$C,">"&$C83)+COUNTIFS($E$8:E83,$E83,$C$8:C83,$C83)=1)) -> 1 | AE83: =IF($C83="","",TEXT($C83,"yyyy-mm")) -> 2026-04 | AF83: =IF(OR($E83="",$AE83=""),0,IF(COUNTIFS($E$8:E83,$E83,$AE$8:AE83,$AE83)=1,1,0)) -> 1 | AG83: =IF($E83="",0,IF(COUNTIF($E$8:E83,$E83)=1,1,0)) -> 1
A84: 77 | B84: سالم كامل سالم العفش | C84: 2026-04-26 | E84: 804601854 | I84: Male | J84: male | K84: 592554771 | L84: Alnussirat | M84: Married | N84: No | P84: Displaced | Q84: FM- CD | X84: =IF(E84="","",UPPER(LEFT($C$3,1)&"-"&LEFT($C$4,1)&"-"&TEXT(ROW(B77),"000")&"-"&TEXT(C84,"dd-mm"))) -> --077-26-04 | Y84: =TRIM(SUBSTITUTE(SUBSTITUTE(OFFSET($Q84,0,COLUMN()-COLUMN($AL$1)),CHAR(160)," "),_xludf.UNICHAR(8239)," ")) -> #NAME? | Z84: =TRIM(SUBSTITUTE(SUBSTITUTE(OFFSET($Q84,0,COLUMN()-COLUMN($AL$1)),CHAR(160)," "),_xludf.UNICHAR(8239)," ")) -> #NAME? | AA84: =TRIM(SUBSTITUTE(SUBSTITUTE(OFFSET($Q84,0,COLUMN()-COLUMN($AL$1)),CHAR(160)," "),_xludf.UNICHAR(8239)," ")) -> #NAME? | AB84: =TRIM(SUBSTITUTE(SUBSTITUTE(OFFSET($Q84,0,COLUMN()-COLUMN($AL$1)),CHAR(160)," "),_xludf.UNICHAR(8239)," ")) -> #NAME? | AC84: =TRIM(SUBSTITUTE(SUBSTITUTE(OFFSET($Q84,0,COLUMN()-COLUMN($AL$1)),CHAR(160)," "),_xludf.UNICHAR(8239)," ")) -> #NAME? | AD84: =IF($E84="",0,--(COUNTIFS($E:$E,$E84,$C:$C,">"&$C84)+COUNTIFS($E$8:E84,$E84,$C$8:C84,$C84)=1)) -> 1 | AE84: =IF($C84="","",TEXT($C84,"yyyy-mm")) -> 2026-04 | AF84: =IF(OR($E84="",$AE84=""),0,IF(COUNTIFS($E$8:E84,$E84,$AE$8:AE84,$AE84)=1,1,0)) -> 1 | AG84: =IF($E84="",0,IF(COUNTIF($E$8:E84,$E84)=1,1,0)) -> 1
A85: 78 | B85: ازهار زاهر احمد موسى | C85: 2026-04-26 | E85: 804423929 | F85: 1993-01-07 | G85: 33 | H85: 19-60 | I85: Female | J85: female | K85: 597911232 | L85: Alnussirat | M85: Divorced | N85: No | P85: Displaced | Q85: FM- CD | X85: =IF(E85="","",UPPER(LEFT($C$3,1)&"-"&LEFT($C$4,1)&"-"&TEXT(ROW(B78),"000")&"-"&TEXT(C85,"dd-mm"))) -> --078-26-04 | Y85: =TRIM(SUBSTITUTE(SUBSTITUTE(OFFSET($Q85,0,COLUMN()-COLUMN($AL$1)),CHAR(160)," "),_xludf.UNICHAR(8239)," ")) -> #NAME? | Z85: =TRIM(SUBSTITUTE(SUBSTITUTE(OFFSET($Q85,0,COLUMN()-COLUMN($AL$1)),CHAR(160)," "),_xludf.UNICHAR(8239)," ")) -> #NAME? | AA85: =TRIM(SUBSTITUTE(SUBSTITUTE(OFFSET($Q85,0,COLUMN()-COLUMN($AL$1)),CHAR(160)," "),_xludf.UNICHAR(8239)," ")) -> #NAME? | AB85: =TRIM(SUBSTITUTE(SUBSTITUTE(OFFSET($Q85,0,COLUMN()-COLUMN($AL$1)),CHAR(160)," "),_xludf.UNICHAR(8239)," ")) -> #NAME? | AC85: =TRIM(SUBSTITUTE(SUBSTITUTE(OFFSET($Q85,0,COLUMN()-COLUMN($AL$1)),CHAR(160)," "),_xludf.UNICHAR(8239)," ")) -> #NAME? | AD85: =IF($E85="",0,--(COUNTIFS($E:$E,$E85,$C:$C,">"&$C85)+COUNTIFS($E$8:E85,$E85,$C$8:C85,$C85)=1)) -> 1 | AE85: =IF($C85="","",TEXT($C85,"yyyy-mm")) -> 2026-04 | AF85: =IF(OR($E85="",$AE85=""),0,IF(COUNTIFS($E$8:E85,$E85,$AE$8:AE85,$AE85)=1,1,0)) -> 1 | AG85: =IF($E85="",0,IF(COUNTIF($E$8:E85,$E85)=1,1,0)) -> 1
A86: 79 | B86: ريهام بسام فتحي الحواجري | C86: 2026-04-26 | E86: 421392937 | F86: 2005-04-20 | G86: 21 | H86: 19-60 | I86: Female | J86: female | K86: 599697395 | L86: Alnussirat | M86: Single | N86: No | P86: Displaced | Q86: FM- NCD | X86: =IF(E86="","",UPPER(LEFT($C$3,1)&"-"&LEFT($C$4,1)&"-"&TEXT(ROW(B79),"000")&"-"&TEXT(C86,"dd-mm"))) -> --079-26-04 | Y86: =TRIM(SUBSTITUTE(SUBSTITUTE(OFFSET($Q86,0,COLUMN()-COLUMN($AL$1)),CHAR(160)," "),_xludf.UNICHAR(8239)," ")) -> #NAME? | Z86: =TRIM(SUBSTITUTE(SUBSTITUTE(OFFSET($Q86,0,COLUMN()-COLUMN($AL$1)),CHAR(160)," "),_xludf.UNICHAR(8239)," ")) -> #NAME? | AA86: =TRIM(SUBSTITUTE(SUBSTITUTE(OFFSET($Q86,0,COLUMN()-COLUMN($AL$1)),CHAR(160)," "),_xludf.UNICHAR(8239)," ")) -> #NAME? | AB86: =TRIM(SUBSTITUTE(SUBSTITUTE(OFFSET($Q86,0,COLUMN()-COLUMN($AL$1)),CHAR(160)," "),_xludf.UNICHAR(8239)," ")) -> #NAME? | AC86: =TRIM(SUBSTITUTE(SUBSTITUTE(OFFSET($Q86,0,COLUMN()-COLUMN($AL$1)),CHAR(160)," "),_xludf.UNICHAR(8239)," ")) -> #NAME? | AD86: =IF($E86="",0,--(COUNTIFS($E:$E,$E86,$C:$C,">"&$C86)+COUNTIFS($E$8:E86,$E86,$C$8:C86,$C86)=1)) -> 1 | AE86: =IF($C86="","",TEXT($C86,"yyyy-mm")) -> 2026-04 | AF86: =IF(OR($E86="",$AE86=""),0,IF(COUNTIFS($E$8:E86,$E86,$AE$8:AE86,$AE86)=1,1,0)) -> 1 | AG86: =IF($E86="",0,IF(COUNTIF($E$8:E86,$E86)=1,1,0)) -> 1
A87: 80 | B87: عماد طالب محمود يونس | C87: 2026-04-26 | E87: 921195848 | F87: 1968-11-17 | G87: 57 | H87: 19-60 | I87: Male | J87: male | K87: 598786975 | L87: Alnussirat | M87: Married | N87: No | P87: Displaced | Q87: FM- NCD | X87: =IF(E87="","",UPPER(LEFT($C$3,1)&"-"&LEFT($C$4,1)&"-"&TEXT(ROW(B80),"000")&"-"&TEXT(C87,"dd-mm"))) -> --080-26-04 | Y87: =TRIM(SUBSTITUTE(SUBSTITUTE(OFFSET($Q87,0,COLUMN()-COLUMN($AL$1)),CHAR(160)," "),_xludf.UNICHAR(8239)," ")) -> #NAME? | Z87: =TRIM(SUBSTITUTE(SUBSTITUTE(OFFSET($Q87,0,COLUMN()-COLUMN($AL$1)),CHAR(160)," "),_xludf.UNICHAR(8239)," ")) -> #NAME? | AA87: =TRIM(SUBSTITUTE(SUBSTITUTE(OFFSET($Q87,0,COLUMN()-COLUMN($AL$1)),CHAR(160)," "),_xludf.UNICHAR(8239)," ")) -> #NAME? | AB87: =TRIM(SUBSTITUTE(SUBSTITUTE(OFFSET($Q87,0,COLUMN()-COLUMN($AL$1)),CHAR(160)," "),_xludf.UNICHAR(8239)," ")) -> #NAME? | AC87: =TRIM(SUBSTITUTE(SUBSTITUTE(OFFSET($Q87,0,COLUMN()-COLUMN($AL$1)),CHAR(160)," "),_xludf.UNICHAR(8239)," ")) -> #NAME? | AD87: =IF($E87="",0,--(COUNTIFS($E:$E,$E87,$C:$C,">"&$C87)+COUNTIFS($E$8:E87,$E87,$C$8:C87,$C87)=1)) -> 1 | AE87: =IF($C87="","",TEXT($C87,"yyyy-mm")) -> 2026-04 | AF87: =IF(OR($E87="",$AE87=""),0,IF(COUNTIFS($E$8:E87,$E87,$AE$8:AE87,$AE87)=1,1,0)) -> 1 | AG87: =IF($E87="",0,IF(COUNTIF($E$8:E87,$E87)=1,1,0)) -> 1
A88: 81 | B88: مها عبدالواحد احمد السحار | C88: 2026-04-26 | E88: 800504573 | F88: 1986-11-15 | G88: 39 | H88: 19-60 | I88: Female | J88: female | K88: 568488710 | L88: Alnussirat | M88: N/A | N88: No | P88: Displaced | X88: =IF(E88="","",UPPER(LEFT($C$3,1)&"-"&LEFT($C$4,1)&"-"&TEXT(ROW(B81),"000")&"-"&TEXT(C88,"dd-mm"))) -> --081-26-04 | Y88: =TRIM(SUBSTITUTE(SUBSTITUTE(OFFSET($Q88,0,COLUMN()-COLUMN($AL$1)),CHAR(160)," "),_xludf.UNICHAR(8239)," ")) -> #NAME? | Z88: =TRIM(SUBSTITUTE(SUBSTITUTE(OFFSET($Q88,0,COLUMN()-COLUMN($AL$1)),CHAR(160)," "),_xludf.UNICHAR(8239)," ")) -> #NAME? | AA88: =TRIM(SUBSTITUTE(SUBSTITUTE(OFFSET($Q88,0,COLUMN()-COLUMN($AL$1)),CHAR(160)," "),_xludf.UNICHAR(8239)," ")) -> #NAME? | AB88: =TRIM(SUBSTITUTE(SUBSTITUTE(OFFSET($Q88,0,COLUMN()-COLUMN($AL$1)),CHAR(160)," "),_xludf.UNICHAR(8239)," ")) -> #NAME? | AC88: =TRIM(SUBSTITUTE(SUBSTITUTE(OFFSET($Q88,0,COLUMN()-COLUMN($AL$1)),CHAR(160)," "),_xludf.UNICHAR(8239)," ")) -> #NAME? | AD88: =IF($E88="",0,--(COUNTIFS($E:$E,$E88,$C:$C,">"&$C88)+COUNTIFS($E$8:E88,$E88,$C$8:C88,$C88)=1)) -> 1 | AE88: =IF($C88="","",TEXT($C88,"yyyy-mm")) -> 2026-04 | AF88: =IF(OR($E88="",$AE88=""),0,IF(COUNTIFS($E$8:E88,$E88,$AE$8:AE88,$AE88)=1,1,0)) -> 1 | AG88: =IF($E88="",0,IF(COUNTIF($E$8:E88,$E88)=1,1,0)) -> 1
A89: 82 | B89: ابراهيم رامز ابراهيم محجز | C89: 2026-04-26 | E89: 424106615 | F89: 2009-11-05 | G89: 16 | H89: 6-18 | I89: Male | J89: male | K89: 599079222 | L89: Alnussirat | M89: Single | N89: No | P89: Displaced | Q89: FM- CD | X89: =IF(E89="","",UPPER(LEFT($C$3,1)&"-"&LEFT($C$4,1)&"-"&TEXT(ROW(B82),"000")&"-"&TEXT(C89,"dd-mm"))) -> --082-26-04 | Y89: =TRIM(SUBSTITUTE(SUBSTITUTE(OFFSET($Q89,0,COLUMN()-COLUMN($AL$1)),CHAR(160)," "),_xludf.UNICHAR(8239)," ")) -> #NAME? | Z89: =TRIM(SUBSTITUTE(SUBSTITUTE(OFFSET($Q89,0,COLUMN()-COLUMN($AL$1)),CHAR(160)," "),_xludf.UNICHAR(8239)," ")) -> #NAME? | AA89: =TRIM(SUBSTITUTE(SUBSTITUTE(OFFSET($Q89,0,COLUMN()-COLUMN($AL$1)),CHAR(160)," "),_xludf.UNICHAR(8239)," ")) -> #NAME? | AB89: =TRIM(SUBSTITUTE(SUBSTITUTE(OFFSET($Q89,0,COLUMN()-COLUMN($AL$1)),CHAR(160)," "),_xludf.UNICHAR(8239)," ")) -> #NAME? | AC89: =TRIM(SUBSTITUTE(SUBSTITUTE(OFFSET($Q89,0,COLUMN()-COLUMN($AL$1)),CHAR(160)," "),_xludf.UNICHAR(8239)," ")) -> #NAME? | AD89: =IF($E89="",0,--(COUNTIFS($E:$E,$E89,$C:$C,">"&$C89)+COUNTIFS($E$8:E89,$E89,$C$8:C89,$C89)=1)) -> 1 | AE89: =IF($C89="","",TEXT($C89,"yyyy-mm")) -> 2026-04 | AF89: =IF(OR($E89="",$AE89=""),0,IF(COUNTIFS($E$8:E89,$E89,$AE$8:AE89,$AE89)=1,1,0)) -> 1 | AG89: =IF($E89="",0,IF(COUNTIF($E$8:E89,$E89)=1,1,0)) -> 1
A90: 83 | B90: زاهر رمضان عبد الرحمن عبد الباري | C90: 2026-04-26 | E90: 907902266 | F90: 1970-12-15 | G90: 55 | H90: 19-60 | I90: Male | J90: male | K90: 595355188 | L90: Alnussirat | M90: Married | N90: No | P90: Displaced | Q90: FM- NCD | X90: =IF(E90="","",UPPER(LEFT($C$3,1)&"-"&LEFT($C$4,1)&"-"&TEXT(ROW(B83),"000")&"-"&TEXT(C90,"dd-mm"))) -> --083-26-04 | Y90: =TRIM(SUBSTITUTE(SUBSTITUTE(OFFSET($Q90,0,COLUMN()-COLUMN($AL$1)),CHAR(160)," "),_xludf.UNICHAR(8239)," ")) -> #NAME? | Z90: =TRIM(SUBSTITUTE(SUBSTITUTE(OFFSET($Q90,0,COLUMN()-COLUMN($AL$1)),CHAR(160)," "),_xludf.UNICHAR(8239)," ")) -> #NAME? | AA90: =TRIM(SUBSTITUTE(SUBSTITUTE(OFFSET($Q90,0,COLUMN()-COLUMN($AL$1)),CHAR(160)," "),_xludf.UNICHAR(8239)," ")) -> #NAME? | AB90: =TRIM(SUBSTITUTE(SUBSTITUTE(OFFSET($Q90,0,COLUMN()-COLUMN($AL$1)),CHAR(160)," "),_xludf.UNICHAR(8239)," ")) -> #NAME? | AC90: =TRIM(SUBSTITUTE(SUBSTITUTE(OFFSET($Q90,0,COLUMN()-COLUMN($AL$1)),CHAR(160)," "),_xludf.UNICHAR(8239)," ")) -> #NAME? | AD90: =IF($E90="",0,--(COUNTIFS($E:$E,$E90,$C:$C,">"&$C90)+COUNTIFS($E$8:E90,$E90,$C$8:C90,$C90)=1)) -> 1 | AE90: =IF($C90="","",TEXT($C90,"yyyy-mm")) -> 2026-04 | AF90: =IF(OR($E90="",$AE90=""),0,IF(COUNTIFS($E$8:E90,$E90,$AE$8:AE90,$AE90)=1,1,0)) -> 1 | AG90: =IF($E90="",0,IF(COUNTIF($E$8:E90,$E90)=1,1,0)) -> 1
A91: 84 | B91: لينا عبد القادر سعيد الغرباوي | C91: 2026-04-26 | E91: 703840990 | F91: 1993-03-11 | G91: 33 | H91: 19-60 | I91: Female | J91: female | K91: 598723502 | L91: Alnussirat | M91: Married | N91: No | P91: Displaced | Q91: FM- CD | X91: =IF(E91="","",UPPER(LEFT($C$3,1)&"-"&LEFT($C$4,1)&"-"&TEXT(ROW(B84),"000")&"-"&TEXT(C91,"dd-mm"))) -> --084-26-04 | Y91: =TRIM(SUBSTITUTE(SUBSTITUTE(OFFSET($Q91,0,COLUMN()-COLUMN($AL$1)),CHAR(160)," "),_xludf.UNICHAR(8239)," ")) -> #NAME? | Z91: =TRIM(SUBSTITUTE(SUBSTITUTE(OFFSET($Q91,0,COLUMN()-COLUMN($AL$1)),CHAR(160)," "),_xludf.UNICHAR(8239)," ")) -> #NAME? | AA91: =TRIM(SUBSTITUTE(SUBSTITUTE(OFFSET($Q91,0,COLUMN()-COLUMN($AL$1)),CHAR(160)," "),_xludf.UNICHAR(8239)," ")) -> #NAME? | AB91: =TRIM(SUBSTITUTE(SUBSTITUTE(OFFSET($Q91,0,COLUMN()-COLUMN($AL$1)),CHAR(160)," "),_xludf.UNICHAR(8239)," ")) -> #NAME? | AC91: =TRIM(SUBSTITUTE(SUBSTITUTE(OFFSET($Q91,0,COLUMN()-COLUMN($AL$1)),CHAR(160)," "),_xludf.UNICHAR(8239)," ")) -> #NAME? | AD91: =IF($E91="",0,--(COUNTIFS($E:$E,$E91,$C:$C,">"&$C91)+COUNTIFS($E$8:E91,$E91,$C$8:C91,$C91)=1)) -> 1 | AE91: =IF($C91="","",TEXT($C91,"yyyy-mm")) -> 2026-04 | AF91: =IF(OR($E91="",$AE91=""),0,IF(COUNTIFS($E$8:E91,$E91,$AE$8:AE91,$AE91)=1,1,0)) -> 1 | AG91: =IF($E91="",0,IF(COUNTIF($E$8:E91,$E91)=1,1,0)) -> 1
A92: 85 | B92: يوسف فواز محمد ابو راشد | C92: 2026-04-26 | E92: 400220323 | F92: 1995-05-09 | G92: 30 | H92: 19-60 | I92: Male | J92: male | K92: 598567234 | L92: Alnussirat | M92: Married | N92: No | P92: Displaced | Q92: FM- CD | S92: Dressing | X92: =IF(E92="","",UPPER(LEFT($C$3,1)&"-"&LEFT($C$4,1)&"-"&TEXT(ROW(B85),"000")&"-"&TEXT(C92,"dd-mm"))) -> --085-26-04 | Y92: =TRIM(SUBSTITUTE(SUBSTITUTE(OFFSET($Q92,0,COLUMN()-COLUMN($AL$1)),CHAR(160)," "),_xludf.UNICHAR(8239)," ")) -> #NAME? | Z92: =TRIM(SUBSTITUTE(SUBSTITUTE(OFFSET($Q92,0,COLUMN()-COLUMN($AL$1)),CHAR(160)," "),_xludf.UNICHAR(8239)," ")) -> #NAME? | AA92: =TRIM(SUBSTITUTE(SUBSTITUTE(OFFSET($Q92,0,COLUMN()-COLUMN($AL$1)),CHAR(160)," "),_xludf.UNICHAR(8239)," ")) -> #NAME? | AB92: =TRIM(SUBSTITUTE(SUBSTITUTE(OFFSET($Q92,0,COLUMN()-COLUMN($AL$1)),CHAR(160)," "),_xludf.UNICHAR(8239)," ")) -> #NAME? | AC92: =TRIM(SUBSTITUTE(SUBSTITUTE(OFFSET($Q92,0,COLUMN()-COLUMN($AL$1)),CHAR(160)," "),_xludf.UNICHAR(8239)," ")) -> #NAME? | AD92: =IF($E92="",0,--(COUNTIFS($E:$E,$E92,$C:$C,">"&$C92)+COUNTIFS($E$8:E92,$E92,$C$8:C92,$C92)=1)) -> 1 | AE92: =IF($C92="","",TEXT($C92,"yyyy-mm")) -> 2026-04 | AF92: =IF(OR($E92="",$AE92=""),0,IF(COUNTIFS($E$8:E92,$E92,$AE$8:AE92,$AE92)=1,1,0)) -> 1 | AG92: =IF($E92="",0,IF(COUNTIF($E$8:E92,$E92)=1,1,0)) -> 1
A93: 86 | B93: ابراهيم عبد الرحيم محمد عيسى | C93: 2026-04-26 | E93: 420538332 | F93: 2004-01-19 | G93: 22 | H93: 19-60 | I93: Male | J93: male | K93: 595380477 | L93: Alnussirat | M93: Single | N93: No | P93: Displaced | Q93: FM- CD | X93: =IF(E93="","",UPPER(LEFT($C$3,1)&"-"&LEFT($C$4,1)&"-"&TEXT(ROW(B86),"000")&"-"&TEXT(C93,"dd-mm"))) -> --086-26-04 | Y93: =TRIM(SUBSTITUTE(SUBSTITUTE(OFFSET($Q93,0,COLUMN()-COLUMN($AL$1)),CHAR(160)," "),_xludf.UNICHAR(8239)," ")) -> #NAME? | Z93: =TRIM(SUBSTITUTE(SUBSTITUTE(OFFSET($Q93,0,COLUMN()-COLUMN($AL$1)),CHAR(160)," "),_xludf.UNICHAR(8239)," ")) -> #NAME? | AA93: =TRIM(SUBSTITUTE(SUBSTITUTE(OFFSET($Q93,0,COLUMN()-COLUMN($AL$1)),CHAR(160)," "),_xludf.UNICHAR(8239)," ")) -> #NAME? | AB93: =TRIM(SUBSTITUTE(SUBSTITUTE(OFFSET($Q93,0,COLUMN()-COLUMN($AL$1)),CHAR(160)," "),_xludf.UNICHAR(8239)," ")) -> #NAME? | AC93: =TRIM(SUBSTITUTE(SUBSTITUTE(OFFSET($Q93,0,COLUMN()-COLUMN($AL$1)),CHAR(160)," "),_xludf.UNICHAR(8239)," ")) -> #NAME? | AD93: =IF($E93="",0,--(COUNTIFS($E:$E,$E93,$C:$C,">"&$C93)+COUNTIFS($E$8:E93,$E93,$C$8:C93,$C93)=1)) -> 1 | AE93: =IF($C93="","",TEXT($C93,"yyyy-mm")) -> 2026-04 | AF93: =IF(OR($E93="",$AE93=""),0,IF(COUNTIFS($E$8:E93,$E93,$AE$8:AE93,$AE93)=1,1,0)) -> 1 | AG93: =IF($E93="",0,IF(COUNTIF($E$8:E93,$E93)=1,1,0)) -> 1
A94: 87 | B94: محمد ماهر أحمد الكفارنة | C94: 2026-04-26 | E94: 800715872 | F94: 1988-05-15 | G94: 38 | H94: 19-60 | I94: Male | J94: male | K94: 597523380 | L94: Alnussirat | M94: Married | N94: No | P94: Displaced | Q94: FM- CD | X94: =IF(E94="","",UPPER(LEFT($C$3,1)&"-"&LEFT($C$4,1)&"-"&TEXT(ROW(B87),"000")&"-"&TEXT(C94,"dd-mm"))) -> --087-26-04 | Y94: =TRIM(SUBSTITUTE(SUBSTITUTE(OFFSET($Q94,0,COLUMN()-COLUMN($AL$1)),CHAR(160)," "),_xludf.UNICHAR(8239)," ")) -> #NAME? | Z94: =TRIM(SUBSTITUTE(SUBSTITUTE(OFFSET($Q94,0,COLUMN()-COLUMN($AL$1)),CHAR(160)," "),_xludf.UNICHAR(8239)," ")) -> #NAME? | AA94: =TRIM(SUBSTITUTE(SUBSTITUTE(OFFSET($Q94,0,COLUMN()-COLUMN($AL$1)),CHAR(160)," "),_xludf.UNICHAR(8239)," ")) -> #NAME? | AB94: =TRIM(SUBSTITUTE(SUBSTITUTE(OFFSET($Q94,0,COLUMN()-COLUMN($AL$1)),CHAR(160)," "),_xludf.UNICHAR(8239)," ")) -> #NAME? | AC94: =TRIM(SUBSTITUTE(SUBSTITUTE(OFFSET($Q94,0,COLUMN()-COLUMN($AL$1)),CHAR(160)," "),_xludf.UNICHAR(8239)," ")) -> #NAME? | AD94: =IF($E94="",0,--(COUNTIFS($E:$E,$E94,$C:$C,">"&$C94)+COUNTIFS($E$8:E94,$E94,$C$8:C94,$C94)=1)) -> 1 | AE94: =IF($C94="","",TEXT($C94,"yyyy-mm")) -> 2026-04 | AF94: =IF(OR($E94="",$AE94=""),0,IF(COUNTIFS($E$8:E94,$E94,$AE$8:AE94,$AE94)=1,1,0)) -> 1 | AG94: =IF($E94="",0,IF(COUNTIF($E$8:E94,$E94)=1,1,0)) -> 1
A95: 88 | B95: محمد عاصم إسماعيل محمد زايد | C95: 2026-04-26 | E95: 960248698 | F95: 1978-05-19 | G95: 47 | H95: 19-60 | I95: Male | J95: male | K95: 567956250 | L95: Alnussirat | M95: Married | N95: No | P95: Displaced | Q95: FM- NCD | X95: =IF(E95="","",UPPER(LEFT($C$3,1)&"-"&LEFT($C$4,1)&"-"&TEXT(ROW(B88),"000")&"-"&TEXT(C95,"dd-mm"))) -> --088-26-04 | Y95: =TRIM(SUBSTITUTE(SUBSTITUTE(OFFSET($Q95,0,COLUMN()-COLUMN($AL$1)),CHAR(160)," "),_xludf.UNICHAR(8239)," ")) -> #NAME? | Z95: =TRIM(SUBSTITUTE(SUBSTITUTE(OFFSET($Q95,0,COLUMN()-COLUMN($AL$1)),CHAR(160)," "),_xludf.UNICHAR(8239)," ")) -> #NAME? | AA95: =TRIM(SUBSTITUTE(SUBSTITUTE(OFFSET($Q95,0,COLUMN()-COLUMN($AL$1)),CHAR(160)," "),_xludf.UNICHAR(8239)," ")) -> #NAME? | AB95: =TRIM(SUBSTITUTE(SUBSTITUTE(OFFSET($Q95,0,COLUMN()-COLUMN($AL$1)),CHAR(160)," "),_xludf.UNICHAR(8239)," ")) -> #NAME? | AC95: =TRIM(SUBSTITUTE(SUBSTITUTE(OFFSET($Q95,0,COLUMN()-COLUMN($AL$1)),CHAR(160)," "),_xludf.UNICHAR(8239)," ")) -> #NAME? | AD95: =IF($E95="",0,--(COUNTIFS($E:$E,$E95,$C:$C,">"&$C95)+COUNTIFS($E$8:E95,$E95,$C$8:C95,$C95)=1)) -> 1 | AE95: =IF($C95="","",TEXT($C95,"yyyy-mm")) -> 2026-04 | AF95: =IF(OR($E95="",$AE95=""),0,IF(COUNTIFS($E$8:E95,$E95,$AE$8:AE95,$AE95)=1,1,0)) -> 1 | AG95: =IF($E95="",0,IF(COUNTIF($E$8:E95,$E95)=1,1,0)) -> 1
A96: 89 | B96: فضل طلال فضل أبو ثريا | C96: 2026-04-26 | E96: 900954355 | F96: 1974-11-18 | G96: 51 | H96: 19-60 | I96: Male | J96: male | K96: 599239743 | L96: Alnussirat | M96: Married | N96: No | P96: Displaced | Q96: FM- CD | X96: =IF(E96="","",UPPER(LEFT($C$3,1)&"-"&LEFT($C$4,1)&"-"&TEXT(ROW(B89),"000")&"-"&TEXT(C96,"dd-mm"))) -> --089-26-04 | Y96: =TRIM(SUBSTITUTE(SUBSTITUTE(OFFSET($Q96,0,COLUMN()-COLUMN($AL$1)),CHAR(160)," "),_xludf.UNICHAR(8239)," ")) -> #NAME? | Z96: =TRIM(SUBSTITUTE(SUBSTITUTE(OFFSET($Q96,0,COLUMN()-COLUMN($AL$1)),CHAR(160)," "),_xludf.UNICHAR(8239)," ")) -> #NAME? | AA96: =TRIM(SUBSTITUTE(SUBSTITUTE(OFFSET($Q96,0,COLUMN()-COLUMN($AL$1)),CHAR(160)," "),_xludf.UNICHAR(8239)," ")) -> #NAME? | AB96: =TRIM(SUBSTITUTE(SUBSTITUTE(OFFSET($Q96,0,COLUMN()-COLUMN($AL$1)),CHAR(160)," "),_xludf.UNICHAR(8239)," ")) -> #NAME? | AC96: =TRIM(SUBSTITUTE(SUBSTITUTE(OFFSET($Q96,0,COLUMN()-COLUMN($AL$1)),CHAR(160)," "),_xludf.UNICHAR(8239)," ")) -> #NAME? | AD96: =IF($E96="",0,--(COUNTIFS($E:$E,$E96,$C:$C,">"&$C96)+COUNTIFS($E$8:E96,$E96,$C$8:C96,$C96)=1)) -> 1 | AE96: =IF($C96="","",TEXT($C96,"yyyy-mm")) -> 2026-04 | AF96: =IF(OR($E96="",$AE96=""),0,IF(COUNTIFS($E$8:E96,$E96,$AE$8:AE96,$AE96)=1,1,0)) -> 1 | AG96: =IF($E96="",0,IF(COUNTIF($E$8:E96,$E96)=1,1,0)) -> 1
A97: 90 | B97: نجوى إسماعيل حسن أبو ثريا | C97: 2026-04-26 | E97: 905300588 | F97: 1979-07-24 | G97: 46 | H97: 19-60 | I97: Female | J97: female | K97: 599239743 | L97: Alzawida | M97: Married | N97: No | P97: Displaced | Q97: FM- NCD | X97: =IF(E97="","",UPPER(LEFT($C$3,1)&"-"&LEFT($C$4,1)&"-"&TEXT(ROW(B90),"000")&"-"&TEXT(C97,"dd-mm"))) -> --090-26-04 | Y97: =TRIM(SUBSTITUTE(SUBSTITUTE(OFFSET($Q97,0,COLUMN()-COLUMN($AL$1)),CHAR(160)," "),_xludf.UNICHAR(8239)," ")) -> #NAME? | Z97: =TRIM(SUBSTITUTE(SUBSTITUTE(OFFSET($Q97,0,COLUMN()-COLUMN($AL$1)),CHAR(160)," "),_xludf.UNICHAR(8239)," ")) -> #NAME? | AA97: =TRIM(SUBSTITUTE(SUBSTITUTE(OFFSET($Q97,0,COLUMN()-COLUMN($AL$1)),CHAR(160)," "),_xludf.UNICHAR(8239)," ")) -> #NAME? | AB97: =TRIM(SUBSTITUTE(SUBSTITUTE(OFFSET($Q97,0,COLUMN()-COLUMN($AL$1)),CHAR(160)," "),_xludf.UNICHAR(8239)," ")) -> #NAME? | AC97: =TRIM(SUBSTITUTE(SUBSTITUTE(OFFSET($Q97,0,COLUMN()-COLUMN($AL$1)),CHAR(160)," "),_xludf.UNICHAR(8239)," ")) -> #NAME? | AD97: =IF($E97="",0,--(COUNTIFS($E:$E,$E97,$C:$C,">"&$C97)+COUNTIFS($E$8:E97,$E97,$C$8:C97,$C97)=1)) -> 1 | AE97: =IF($C97="","",TEXT($C97,"yyyy-mm")) -> 2026-04 | AF97: =IF(OR($E97="",$AE97=""),0,IF(COUNTIFS($E$8:E97,$E97,$AE$8:AE97,$AE97)=1,1,0)) -> 1 | AG97: =IF($E97="",0,IF(COUNTIF($E$8:E97,$E97)=1,1,0)) -> 1
A98: 91 | B98: عبد الرحمن ماهر ماجد القيشاوي | C98: 2026-04-26 | E98: 429388325 | F98: 2009-01-21 | G98: 17 | H98: 6-18 | I98: Male | J98: male | K98: 598785827 | L98: Alnussirat | M98: Single | N98: No | P98: Displaced | Q98: FM- CD | X98: =IF(E98="","",UPPER(LEFT($C$3,1)&"-"&LEFT($C$4,1)&"-"&TEXT(ROW(B91),"000")&"-"&TEXT(C98,"dd-mm"))) -> --091-26-04 | Y98: =TRIM(SUBSTITUTE(SUBSTITUTE(OFFSET($Q98,0,COLUMN()-COLUMN($AL$1)),CHAR(160)," "),_xludf.UNICHAR(8239)," ")) -> #NAME? | Z98: =TRIM(SUBSTITUTE(SUBSTITUTE(OFFSET($Q98,0,COLUMN()-COLUMN($AL$1)),CHAR(160)," "),_xludf.UNICHAR(8239)," ")) -> #NAME? | AA98: =TRIM(SUBSTITUTE(SUBSTITUTE(OFFSET($Q98,0,COLUMN()-COLUMN($AL$1)),CHAR(160)," "),_xludf.UNICHAR(8239)," ")) -> #NAME? | AB98: =TRIM(SUBSTITUTE(SUBSTITUTE(OFFSET($Q98,0,COLUMN()-COLUMN($AL$1)),CHAR(160)," "),_xludf.UNICHAR(8239)," ")) -> #NAME? | AC98: =TRIM(SUBSTITUTE(SUBSTITUTE(OFFSET($Q98,0,COLUMN()-COLUMN($AL$1)),CHAR(160)," "),_xludf.UNICHAR(8239)," ")) -> #NAME? | AD98: =IF($E98="",0,--(COUNTIFS($E:$E,$E98,$C:$C,">"&$C98)+COUNTIFS($E$8:E98,$E98,$C$8:C98,$C98)=1)) -> 1 | AE98: =IF($C98="","",TEXT($C98,"yyyy-mm")) -> 2026-04 | AF98: =IF(OR($E98="",$AE98=""),0,IF(COUNTIFS($E$8:E98,$E98,$AE$8:AE98,$AE98)=1,1,0)) -> 1 | AG98: =IF($E98="",0,IF(COUNTIF($E$8:E98,$E98)=1,1,0)) -> 1
A99: 92 | B99: ماهر ماجد يوسف القيشاوي | C99: 2026-04-26 | E99: 936707308 | F99: 1982-06-04 | G99: 43 | H99: 19-60 | I99: Male | J99: male | K99: 598785827 | L99: Alnussirat | M99: Married | N99: No | P99: Displaced | Q99: FM- NCD | X99: =IF(E99="","",UPPER(LEFT($C$3,1)&"-"&LEFT($C$4,1)&"-"&TEXT(ROW(B92),"000")&"-"&TEXT(C99,"dd-mm"))) -> --092-26-04 | Y99: =TRIM(SUBSTITUTE(SUBSTITUTE(OFFSET($Q99,0,COLUMN()-COLUMN($AL$1)),CHAR(160)," "),_xludf.UNICHAR(8239)," ")) -> #NAME? | Z99: =TRIM(SUBSTITUTE(SUBSTITUTE(OFFSET($Q99,0,COLUMN()-COLUMN($AL$1)),CHAR(160)," "),_xludf.UNICHAR(8239)," ")) -> #NAME? | AA99: =TRIM(SUBSTITUTE(SUBSTITUTE(OFFSET($Q99,0,COLUMN()-COLUMN($AL$1)),CHAR(160)," "),_xludf.UNICHAR(8239)," ")) -> #NAME? | AB99: =TRIM(SUBSTITUTE(SUBSTITUTE(OFFSET($Q99,0,COLUMN()-COLUMN($AL$1)),CHAR(160)," "),_xludf.UNICHAR(8239)," ")) -> #NAME? | AC99: =TRIM(SUBSTITUTE(SUBSTITUTE(OFFSET($Q99,0,COLUMN()-COLUMN($AL$1)),CHAR(160)," "),_xludf.UNICHAR(8239)," ")) -> #NAME? | AD99: =IF($E99="",0,--(COUNTIFS($E:$E,$E99,$C:$C,">"&$C99)+COUNTIFS($E$8:E99,$E99,$C$8:C99,$C99)=1)) -> 1 | AE99: =IF($C99="","",TEXT($C99,"yyyy-mm")) -> 2026-04 | AF99: =IF(OR($E99="",$AE99=""),0,IF(COUNTIFS($E$8:E99,$E99,$AE$8:AE99,$AE99)=1,1,0)) -> 1 | AG99: =IF($E99="",0,IF(COUNTIF($E$8:E99,$E99)=1,1,0)) -> 1
A100: 93 | B100: اسلام جمعة اعقيلان ابو نار | C100: 2026-04-26 | E100: 931540918 | F100: 1983-02-20 | G100: 43 | H100: 19-60 | I100: Female | J100: female | K100: 599455706 | L100: Alnussirat | M100: Married | N100: No | P100: Displaced | Q100: FM- NCD | X100: =IF(E100="","",UPPER(LEFT($C$3,1)&"-"&LEFT($C$4,1)&"-"&TEXT(ROW(B93),"000")&"-"&TEXT(C100,"dd-mm"))) -> --093-26-04 | Y100: =TRIM(SUBSTITUTE(SUBSTITUTE(OFFSET($Q100,0,COLUMN()-COLUMN($AL$1)),CHAR(160)," "),_xludf.UNICHAR(8239)," ")) -> #NAME? | Z100: =TRIM(SUBSTITUTE(SUBSTITUTE(OFFSET($Q100,0,COLUMN()-COLUMN($AL$1)),CHAR(160)," "),_xludf.UNICHAR(8239)," ")) -> #NAME? | AA100: =TRIM(SUBSTITUTE(SUBSTITUTE(OFFSET($Q100,0,COLUMN()-COLUMN($AL$1)),CHAR(160)," "),_xludf.UNICHAR(8239)," ")) -> #NAME? | AB100: =TRIM(SUBSTITUTE(SUBSTITUTE(OFFSET($Q100,0,COLUMN()-COLUMN($AL$1)),CHAR(160)," "),_xludf.UNICHAR(8239)," ")) -> #NAME? | AC100: =TRIM(SUBSTITUTE(SUBSTITUTE(OFFSET($Q100,0,COLUMN()-COLUMN($AL$1)),CHAR(160)," "),_xludf.UNICHAR(8239)," ")) -> #NAME? | AD100: =IF($E100="",0,--(COUNTIFS($E:$E,$E100,$C:$C,">"&$C100)+COUNTIFS($E$8:E100,$E100,$C$8:C100,$C100)=1)) -> 1 | AE100: =IF($C100="","",TEXT($C100,"yyyy-mm")) -> 2026-04 | AF100: =IF(OR($E100="",$AE100=""),0,IF(COUNTIFS($E$8:E100,$E100,$AE$8:AE100,$AE100)=1,1,0)) -> 1 | AG100: =IF($E100="",0,IF(COUNTIF($E$8:E100,$E100)=1,1,0)) -> 1
...

Sheet Info
A1: FM services | B1: SRH Services | C1: Wound Care | D1: Breast Cancer | E1: Mal-Nutirion | F1: {=_xlws.FILTER(Info!$A$2:$A$14,Info!$A$2:$A$14<>"")} -> #NAME? | G1: {=_xlws.FILTER(Info!$B$2:$B$14,Info!$B$2:$B$14<>"")} -> #NAME? | H1: {=_xlws.FILTER(Info!$C$2:$C$14,Info!$C$2:$C$14<>"")} -> #NAME? | I1: {=_xlws.FILTER(Info!$D$2:$D$14,Info!$D$2:$D$14<>"")} -> #NAME? | J1: {=_xlws.FILTER(Info!$E$2:$E$14,Info!$E$2:$E$14<>"")} -> #NAME? | L1: Gender | N1: {=_xlws.FILTER(Info!$L$2:$L$6,Info!$L$2:$L$6<>"")} -> #NAME? | P1: Governorate | R1: {=_xlws.FILTER(Info!$P$2:$P$21,Info!$P$2:$P$21<>"")} -> #NAME? | T1: Sites | V1: {=_xlws.FILTER(Info!$T$2:$T$14,Info!$T$2:$T$14<>"")} -> #NAME?
A2: FM- NCD | B2: ANC | C2: Dressing | D2: Screeining | E2: Screeining | L2: Male | P2: North Gaza | T2: Gaza Clinic
A3: FM- CD | B3: PNC | C3: Follow-up Dressing | D3: Screeining and Referral | E3: SAM referal | L3: Female | P3: Gaza City | T3: Nussirat Clinic
A4: ENT | B4: FP | C4: Wound Cleaning | E4: MAM referal | P4: Alzahra City | T4: Berka Clinic
A5: Derma | B5: GYN | C5: Suture Removal | P5: Alnussirat | T5: Hiker Clinic
P6: Alburaij | T6: Jameel Wadie Clinic
P7: Almaghazi | T7: Majidah Clinic
J8: ACHA | P8: Almusadar
J9: CFTA | P9: Alzawida
P10: Dier Albalah
P11: Khanyounis City
I12: Displaced | P12: Khanyouni- Almawasi
I13: Host Community | P13: Rafah

Sheet General Overview
A1: consulations
B2: Males | F2: Females | J2: Total
A3: Service | B3: (0-5) | C3: (6-18) | D3: (19-60) | E3: (+60) | F3: (0-5) | G3: (6-18) | H3: (19-60) | I3: (+60)
A4: FM- CD | B4: #REF! | C4: #REF! | D4: #REF! | E4: #REF! | F4: #REF! | G4: #REF! | H4: #REF! | I4: #REF! | J4: =SUM(B4:I4) -> #REF!
A5: FM-NCD | B5: #REF! | C5: #REF! | D5: #REF! | E5: #REF! | F5: #REF! | G5: #REF! | H5: #REF! | I5: #REF! | J5: =SUM(B5:I5) -> #REF!
A6: Derma | B6: #REF! | C6: #REF! | D6: #REF! | E6: #REF! | F6: #REF! | G6: #REF! | H6: #REF! | I6: #REF! | J6: =SUM(B6:I6) -> #REF!
A7: ENT | B7: #REF! | C7: #REF! | D7: #REF! | E7: #REF! | F7: #REF! | G7: #REF! | H7: #REF! | I7: #REF! | J7: =SUM(B7:I7) -> #REF!
A8: SRH-ANC | B8: #VALUE! | C8: #VALUE! | D8: #VALUE! | E8: #VALUE! | F8: #VALUE! | G8: #VALUE! | H8: #VALUE! | I8: #VALUE! | J8: =SUM(B8:I8) -> #VALUE!
A9: SRH-PNC | B9: #VALUE! | C9: #VALUE! | D9: #VALUE! | E9: #VALUE! | F9: #VALUE! | G9: #VALUE! | H9: #VALUE! | I9: #VALUE! | J9: =SUM(B9:I9) -> #VALUE!
A10: SRH-FP | B10: #VALUE! | C10: #VALUE! | D10: #VALUE! | E10: #VALUE! | F10: #VALUE! | G10: #VALUE! | H10: #VALUE! | I10: #VALUE! | J10: =SUM(B10:I10) -> #VALUE!
A11: SRH-Gynea Care | B11: #VALUE! | C11: #VALUE! | D11: #VALUE! | E11: #VALUE! | F11: #VALUE! | G11: #VALUE! | H11: #VALUE! | I11: #VALUE! | J11: =SUM(B11:I11) -> #VALUE!
A12: SRH- Other | B12: #VALUE! | C12: #VALUE! | D12: #VALUE! | E12: #VALUE! | F12: #VALUE! | G12: #VALUE! | H12: #VALUE! | I12: #VALUE! | J12: =SUM(B12:I12) -> #VALUE!
A13: Totals | B13: =SUM(B4:B12) -> #REF! | C13: =SUM(C4:C12) -> #REF! | D13: =SUM(D4:D12) -> #REF! | E13: =SUM(E4:E12) -> #REF! | F13: =SUM(F4:F12) -> #REF! | G13: =SUM(G4:G12) -> #REF! | H13: =SUM(H4:H12) -> #REF! | I13: =SUM(I4:I12) -> #REF! | J13: =SUM(B13:I13) -> #REF!

Sheet Dashboard
A1: Services | J1: Displacement tracker | K1: Count of Displacment Tracker
A2: FM service | C2: SRH Service | E2: Wound Care | G2: Breast Cancer | J2: Grand Total
A3: FM service | B3: Total Consulations | C3: SRH Service | D3: Total SRH Consulations | E3: Wound Care | F3: Total of Wound Care | G3: Breast Cancer | H3: Total of Breast Cancer
A4: Total Consulations | C4: Total Consulations | E4: Grand Total | G4: Grand Total
A9: Age Groups | B9: Total Consulations | C9: Agr Groups Vs SRH services | D9: Total SRH Consulations | E9: Row Labels | F9: Total of Wound Care | G9: Row Labels | H9: Total of Breast Cancer
A10: Total Patients | C10: Grand Total | E10: Grand Total | G10: Grand Total
A15: Gender | B15: Total Consulations | C15: Row Labels | D15: Total SRH Consulations | E15: Row Labels | F15: Total of Wound Care | G15: Row Labels | H15: Total of Breast Cancer
A16: Total Pateints | C16: Grand Total | E16: Grand Total | G16: Grand Total
A19: PWD | B19: Total Consulations | C19: Row Labels | D19: Total SRH Consulations | E19: Row Labels | F19: Total of Wound Care | G19: Row Labels | H19: Total of Breast Cancer
A20: Total Patients | C20: Grand Total | E20: Grand Total | G20: Grand Total
